Date,Open,High,Low,Close,Volume,Adj Close 
2011-11-23,nan,nan,nan,nan,nan,nan
2011-11-22,nan,nan,nan,nan,nan,nan
2011-11-21,nan,nan,nan,nan,nan,nan
2011-11-18,nan,nan,nan,nan,nan,nan
2011-11-17,nan,nan,nan,nan,nan,nan
2011-11-16,nan,nan,nan,nan,nan,nan
2011-11-15,nan,nan,nan,nan,nan,nan
2011-11-14,nan,nan,nan,nan,nan,nan
2011-11-11,nan,nan,nan,nan,nan,nan
2011-11-10,nan,nan,nan,nan,nan,nan
2011-11-09,nan,nan,nan,nan,nan,nan
2011-11-08,nan,nan,nan,nan,nan,nan
2011-11-07,nan,nan,nan,nan,nan,nan
2011-11-04,nan,nan,nan,nan,nan,nan
2011-11-03,nan,nan,nan,nan,nan,nan
2011-11-02,nan,nan,nan,nan,nan,nan
2011-11-01,nan,nan,nan,nan,nan,nan
2011-10-31,nan,nan,nan,nan,nan,nan
2011-10-28,nan,nan,nan,nan,nan,nan
2011-10-27,nan,nan,nan,nan,nan,nan
2011-10-26,nan,nan,nan,nan,nan,nan
2011-10-25,nan,nan,nan,nan,nan,nan
2011-10-24,nan,nan,nan,nan,nan,nan
2011-10-21,nan,nan,nan,nan,nan,nan
2011-10-20,nan,nan,nan,nan,nan,nan
2011-10-19,nan,nan,nan,nan,nan,nan
2011-10-18,nan,nan,nan,nan,nan,nan
2011-10-17,nan,nan,nan,nan,nan,nan
2011-10-14,nan,nan,nan,nan,nan,nan
2011-10-13,nan,nan,nan,nan,nan,nan
2011-10-12,nan,nan,nan,nan,nan,nan
2011-10-11,nan,nan,nan,nan,nan,nan
2011-10-10,nan,nan,nan,nan,nan,nan
2011-10-07,nan,nan,nan,nan,nan,nan
2011-10-06,nan,nan,nan,nan,nan,nan
2011-10-05,nan,nan,nan,nan,nan,nan
2011-10-04,nan,nan,nan,nan,nan,nan
2011-10-03,nan,nan,nan,nan,nan,nan
2011-09-30,nan,nan,nan,nan,nan,nan
2011-09-29,nan,nan,nan,nan,nan,nan
2011-09-28,nan,nan,nan,nan,nan,nan
2011-09-27,nan,nan,nan,nan,nan,nan
2011-09-26,nan,nan,nan,nan,nan,nan
2011-09-23,nan,nan,nan,nan,nan,nan
2011-09-22,nan,nan,nan,nan,nan,nan
2011-09-21,nan,nan,nan,nan,nan,nan
2011-09-20,nan,nan,nan,nan,nan,nan
2011-09-19,nan,nan,nan,nan,nan,nan
2011-09-16,nan,nan,nan,nan,nan,nan
2011-09-15,nan,nan,nan,nan,nan,nan
2011-09-14,nan,nan,nan,nan,nan,nan
2011-09-13,nan,nan,nan,nan,nan,nan
2011-09-12,nan,nan,nan,nan,nan,nan
2011-09-09,nan,nan,nan,nan,nan,nan
2011-09-08,nan,nan,nan,nan,nan,nan
2011-09-07,nan,nan,nan,nan,nan,nan
2011-09-06,nan,nan,nan,nan,nan,nan
2011-09-02,nan,nan,nan,nan,nan,nan
2011-09-01,nan,nan,nan,nan,nan,nan
2011-08-31,nan,nan,nan,nan,nan,nan
2011-08-30,nan,nan,nan,nan,nan,nan
2011-08-29,nan,nan,nan,nan,nan,nan
2011-08-26,nan,nan,nan,nan,nan,nan
2011-08-25,nan,nan,nan,nan,nan,nan
2011-08-24,nan,nan,nan,nan,nan,nan
2011-08-23,nan,nan,nan,nan,nan,nan
2011-08-22,nan,nan,nan,nan,nan,nan
2011-08-19,nan,nan,nan,nan,nan,nan
2011-08-18,nan,nan,nan,nan,nan,nan
2011-08-17,nan,nan,nan,nan,nan,nan
2011-08-16,nan,nan,nan,nan,nan,nan
2011-08-15,nan,nan,nan,nan,nan,nan
2011-08-12,nan,nan,nan,nan,nan,nan
2011-08-11,nan,nan,nan,nan,nan,nan
2011-08-10,nan,nan,nan,nan,nan,nan
2011-08-09,nan,nan,nan,nan,nan,nan
2011-08-08,nan,nan,nan,nan,nan,nan
2011-08-05,nan,nan,nan,nan,nan,nan
2011-08-04,nan,nan,nan,nan,nan,nan
2011-08-03,nan,nan,nan,nan,nan,nan
2011-08-02,nan,nan,nan,nan,nan,nan
2011-08-01,nan,nan,nan,nan,nan,nan
2011-07-29,nan,nan,nan,nan,nan,nan
2011-07-28,nan,nan,nan,nan,nan,nan
2011-07-27,nan,nan,nan,nan,nan,nan
2011-07-26,nan,nan,nan,nan,nan,nan
2011-07-25,nan,nan,nan,nan,nan,nan
2011-07-22,nan,nan,nan,nan,nan,nan
2011-07-21,nan,nan,nan,nan,nan,nan
2011-07-20,nan,nan,nan,nan,nan,nan
2011-07-19,nan,nan,nan,nan,nan,nan
2011-07-18,nan,nan,nan,nan,nan,nan
2011-07-15,nan,nan,nan,nan,nan,nan
2011-07-14,nan,nan,nan,nan,nan,nan
2011-07-13,nan,nan,nan,nan,nan,nan
2011-07-12,nan,nan,nan,nan,nan,nan
2011-07-11,nan,nan,nan,nan,nan,nan
2011-07-08,nan,nan,nan,nan,nan,nan
2011-07-07,nan,nan,nan,nan,nan,nan
2011-07-06,nan,nan,nan,nan,nan,nan
2011-07-05,nan,nan,nan,nan,nan,nan
2011-07-01,nan,nan,nan,nan,nan,nan
2011-06-30,nan,nan,nan,nan,nan,nan
2011-06-29,nan,nan,nan,nan,nan,nan
2011-06-28,nan,nan,nan,nan,nan,nan
2011-06-27,nan,nan,nan,nan,nan,nan
2011-06-24,nan,nan,nan,nan,nan,nan
2011-06-23,nan,nan,nan,nan,nan,nan
2011-06-22,nan,nan,nan,nan,nan,nan
2011-06-21,nan,nan,nan,nan,nan,nan
2011-06-20,nan,nan,nan,nan,nan,nan
2011-06-17,nan,nan,nan,nan,nan,nan
2011-06-16,nan,nan,nan,nan,nan,nan
2011-06-15,nan,nan,nan,nan,nan,nan
2011-06-14,nan,nan,nan,nan,nan,nan
2011-06-13,nan,nan,nan,nan,nan,nan
2011-06-10,nan,nan,nan,nan,nan,nan
2011-06-09,nan,nan,nan,nan,nan,nan
2011-06-08,nan,nan,nan,nan,nan,nan
2011-06-07,nan,nan,nan,nan,nan,nan
2011-06-06,nan,nan,nan,nan,nan,nan
2011-06-03,nan,nan,nan,nan,nan,nan
2011-06-02,nan,nan,nan,nan,nan,nan
2011-06-01,nan,nan,nan,nan,nan,nan
2011-05-31,nan,nan,nan,nan,nan,nan
2011-05-27,nan,nan,nan,nan,nan,nan
2011-05-26,nan,nan,nan,nan,nan,nan
2011-05-25,nan,nan,nan,nan,nan,nan
2011-05-24,nan,nan,nan,nan,nan,nan
2011-05-23,nan,nan,nan,nan,nan,nan
2011-05-20,nan,nan,nan,nan,nan,nan
2011-05-19,nan,nan,nan,nan,nan,nan
2011-05-18,nan,nan,nan,nan,nan,nan
2011-05-17,nan,nan,nan,nan,nan,nan
2011-05-16,nan,nan,nan,nan,nan,nan
2011-05-13,nan,nan,nan,nan,nan,nan
2011-05-12,nan,nan,nan,nan,nan,nan
2011-05-11,nan,nan,nan,nan,nan,nan
2011-05-10,nan,nan,nan,nan,nan,nan
2011-05-09,nan,nan,nan,nan,nan,nan
2011-05-06,nan,nan,nan,nan,nan,nan
2011-05-05,nan,nan,nan,nan,nan,nan
2011-05-04,nan,nan,nan,nan,nan,nan
2011-05-03,nan,nan,nan,nan,nan,nan
2011-05-02,nan,nan,nan,nan,nan,nan
2011-04-29,nan,nan,nan,nan,nan,nan
2011-04-28,nan,nan,nan,nan,nan,nan
2011-04-27,nan,nan,nan,nan,nan,nan
2011-04-26,nan,nan,nan,nan,nan,nan
2011-04-25,nan,nan,nan,nan,nan,nan
2011-04-21,nan,nan,nan,nan,nan,nan
2011-04-20,nan,nan,nan,nan,nan,nan
2011-04-19,nan,nan,nan,nan,nan,nan
2011-04-18,nan,nan,nan,nan,nan,nan
2011-04-15,nan,nan,nan,nan,nan,nan
2011-04-14,nan,nan,nan,nan,nan,nan
2011-04-13,nan,nan,nan,nan,nan,nan
2011-04-12,nan,nan,nan,nan,nan,nan
2011-04-11,nan,nan,nan,nan,nan,nan
2011-04-08,nan,nan,nan,nan,nan,nan
2011-04-07,nan,nan,nan,nan,nan,nan
2011-04-06,nan,nan,nan,nan,nan,nan
2011-04-05,nan,nan,nan,nan,nan,nan
2011-04-04,nan,nan,nan,nan,nan,nan
2011-04-01,nan,nan,nan,nan,nan,nan
2011-03-31,nan,nan,nan,nan,nan,nan
2011-03-30,nan,nan,nan,nan,nan,nan
2011-03-29,nan,nan,nan,nan,nan,nan
2011-03-28,nan,nan,nan,nan,nan,nan
2011-03-25,nan,nan,nan,nan,nan,nan
2011-03-24,nan,nan,nan,nan,nan,nan
2011-03-23,nan,nan,nan,nan,nan,nan
2011-03-22,nan,nan,nan,nan,nan,nan
2011-03-21,nan,nan,nan,nan,nan,nan
2011-03-18,nan,nan,nan,nan,nan,nan
2011-03-17,nan,nan,nan,nan,nan,nan
2011-03-16,nan,nan,nan,nan,nan,nan
2011-03-15,nan,nan,nan,nan,nan,nan
2011-03-14,nan,nan,nan,nan,nan,nan
2011-03-11,nan,nan,nan,nan,nan,nan
2011-03-10,nan,nan,nan,nan,nan,nan
2011-03-09,nan,nan,nan,nan,nan,nan
2011-03-08,nan,nan,nan,nan,nan,nan
2011-03-07,nan,nan,nan,nan,nan,nan
2011-03-04,nan,nan,nan,nan,nan,nan
2011-03-03,nan,nan,nan,nan,nan,nan
2011-03-02,nan,nan,nan,nan,nan,nan
2011-03-01,nan,nan,nan,nan,nan,nan
2011-02-28,nan,nan,nan,nan,nan,nan
2011-02-25,nan,nan,nan,nan,nan,nan
2011-02-24,nan,nan,nan,nan,nan,nan
2011-02-23,nan,nan,nan,nan,nan,nan
2011-02-22,nan,nan,nan,nan,nan,nan
2011-02-18,nan,nan,nan,nan,nan,nan
2011-02-17,nan,nan,nan,nan,nan,nan
2011-02-16,nan,nan,nan,nan,nan,nan
2011-02-15,nan,nan,nan,nan,nan,nan
2011-02-14,nan,nan,nan,nan,nan,nan
2011-02-11,nan,nan,nan,nan,nan,nan
2011-02-10,nan,nan,nan,nan,nan,nan
2011-02-09,nan,nan,nan,nan,nan,nan
2011-02-08,nan,nan,nan,nan,nan,nan
2011-02-07,nan,nan,nan,nan,nan,nan
2011-02-04,nan,nan,nan,nan,nan,nan
2011-02-03,nan,nan,nan,nan,nan,nan
2011-02-02,nan,nan,nan,nan,nan,nan
2011-02-01,nan,nan,nan,nan,nan,nan
2011-01-31,nan,nan,nan,nan,nan,nan
2011-01-28,nan,nan,nan,nan,nan,nan
2011-01-27,nan,nan,nan,nan,nan,nan
2011-01-26,nan,nan,nan,nan,nan,nan
2011-01-25,nan,nan,nan,nan,nan,nan
2011-01-24,nan,nan,nan,nan,nan,nan
2011-01-21,nan,nan,nan,nan,nan,nan
2011-01-20,nan,nan,nan,nan,nan,nan
2011-01-19,nan,nan,nan,nan,nan,nan
2011-01-18,nan,nan,nan,nan,nan,nan
2011-01-14,nan,nan,nan,nan,nan,nan
2011-01-13,nan,nan,nan,nan,nan,nan
2011-01-12,nan,nan,nan,nan,nan,nan
2011-01-11,nan,nan,nan,nan,nan,nan
2011-01-10,nan,nan,nan,nan,nan,nan
2011-01-07,nan,nan,nan,nan,nan,nan
2011-01-06,nan,nan,nan,nan,nan,nan
2011-01-05,nan,nan,nan,nan,nan,nan
2011-01-04,nan,nan,nan,nan,nan,nan
2011-01-03,nan,nan,nan,nan,nan,nan
2010-12-31,nan,nan,nan,nan,nan,nan
2010-12-30,nan,nan,nan,nan,nan,nan
2010-12-29,nan,nan,nan,nan,nan,nan
2010-12-28,nan,nan,nan,nan,nan,nan
2010-12-27,nan,nan,nan,nan,nan,nan
2010-12-23,nan,nan,nan,nan,nan,nan
2010-12-22,nan,nan,nan,nan,nan,nan
2010-12-21,nan,nan,nan,nan,nan,nan
2010-12-20,nan,nan,nan,nan,nan,nan
2010-12-17,nan,nan,nan,nan,nan,nan
2010-12-16,nan,nan,nan,nan,nan,nan
2010-12-15,nan,nan,nan,nan,nan,nan
2010-12-14,nan,nan,nan,nan,nan,nan
2010-12-13,nan,nan,nan,nan,nan,nan
2010-12-10,nan,nan,nan,nan,nan,nan
2010-12-09,nan,nan,nan,nan,nan,nan
2010-12-08,nan,nan,nan,nan,nan,nan
2010-12-07,nan,nan,nan,nan,nan,nan
2010-12-06,nan,nan,nan,nan,nan,nan
2010-12-03,nan,nan,nan,nan,nan,nan
2010-12-02,nan,nan,nan,nan,nan,nan
2010-12-01,nan,nan,nan,nan,nan,nan
2010-11-30,nan,nan,nan,nan,nan,nan
2010-11-29,nan,nan,nan,nan,nan,nan
2010-11-26,nan,nan,nan,nan,nan,nan
2010-11-24,nan,nan,nan,nan,nan,nan
2010-11-23,nan,nan,nan,nan,nan,nan
2010-11-22,nan,nan,nan,nan,nan,nan
2010-11-19,nan,nan,nan,nan,nan,nan
2010-11-18,nan,nan,nan,nan,nan,nan
2010-11-17,nan,nan,nan,nan,nan,nan
2010-11-16,nan,nan,nan,nan,nan,nan
2010-11-15,nan,nan,nan,nan,nan,nan
2010-11-12,nan,nan,nan,nan,nan,nan
2010-11-11,nan,nan,nan,nan,nan,nan
2010-11-10,nan,nan,nan,nan,nan,nan
2010-11-09,nan,nan,nan,nan,nan,nan
2010-11-08,nan,nan,nan,nan,nan,nan
2010-11-05,nan,nan,nan,nan,nan,nan
2010-11-04,nan,nan,nan,nan,nan,nan
2010-11-03,nan,nan,nan,nan,nan,nan
2010-11-02,nan,nan,nan,nan,nan,nan
2010-11-01,nan,nan,nan,nan,nan,nan
2010-10-29,nan,nan,nan,nan,nan,nan
2010-10-28,nan,nan,nan,nan,nan,nan
2010-10-27,nan,nan,nan,nan,nan,nan
2010-10-26,nan,nan,nan,nan,nan,nan
2010-10-25,nan,nan,nan,nan,nan,nan
2010-10-22,nan,nan,nan,nan,nan,nan
2010-10-21,nan,nan,nan,nan,nan,nan
2010-10-20,nan,nan,nan,nan,nan,nan
2010-10-19,nan,nan,nan,nan,nan,nan
2010-10-18,nan,nan,nan,nan,nan,nan
2010-10-15,nan,nan,nan,nan,nan,nan
2010-10-14,nan,nan,nan,nan,nan,nan
2010-10-13,nan,nan,nan,nan,nan,nan
2010-10-12,nan,nan,nan,nan,nan,nan
2010-10-11,nan,nan,nan,nan,nan,nan
2010-10-08,nan,nan,nan,nan,nan,nan
2010-10-07,nan,nan,nan,nan,nan,nan
2010-10-06,nan,nan,nan,nan,nan,nan
2010-10-05,nan,nan,nan,nan,nan,nan
2010-10-04,nan,nan,nan,nan,nan,nan
2010-10-01,nan,nan,nan,nan,nan,nan
2010-09-30,nan,nan,nan,nan,nan,nan
2010-09-29,nan,nan,nan,nan,nan,nan
2010-09-28,nan,nan,nan,nan,nan,nan
2010-09-27,nan,nan,nan,nan,nan,nan
2010-09-24,nan,nan,nan,nan,nan,nan
2010-09-23,nan,nan,nan,nan,nan,nan
2010-09-22,nan,nan,nan,nan,nan,nan
2010-09-21,nan,nan,nan,nan,nan,nan
2010-09-20,nan,nan,nan,nan,nan,nan
2010-09-17,nan,nan,nan,nan,nan,nan
2010-09-16,nan,nan,nan,nan,nan,nan
2010-09-15,nan,nan,nan,nan,nan,nan
2010-09-14,nan,nan,nan,nan,nan,nan
2010-09-13,nan,nan,nan,nan,nan,nan
2010-09-10,nan,nan,nan,nan,nan,nan
2010-09-09,nan,nan,nan,nan,nan,nan
2010-09-08,nan,nan,nan,nan,nan,nan
2010-09-07,nan,nan,nan,nan,nan,nan
2010-09-03,nan,nan,nan,nan,nan,nan
2010-09-02,nan,nan,nan,nan,nan,nan
2010-09-01,nan,nan,nan,nan,nan,nan
2010-08-31,nan,nan,nan,nan,nan,nan
2010-08-30,nan,nan,nan,nan,nan,nan
2010-08-27,nan,nan,nan,nan,nan,nan
2010-08-26,nan,nan,nan,nan,nan,nan
2010-08-25,nan,nan,nan,nan,nan,nan
2010-08-24,nan,nan,nan,nan,nan,nan
2010-08-23,nan,nan,nan,nan,nan,nan
2010-08-20,nan,nan,nan,nan,nan,nan
2010-08-19,nan,nan,nan,nan,nan,nan
2010-08-18,nan,nan,nan,nan,nan,nan
2010-08-17,nan,nan,nan,nan,nan,nan
2010-08-16,nan,nan,nan,nan,nan,nan
2010-08-13,nan,nan,nan,nan,nan,nan
2010-08-12,nan,nan,nan,nan,nan,nan
2010-08-11,nan,nan,nan,nan,nan,nan
2010-08-10,nan,nan,nan,nan,nan,nan
2010-08-09,nan,nan,nan,nan,nan,nan
2010-08-06,nan,nan,nan,nan,nan,nan
2010-08-05,nan,nan,nan,nan,nan,nan
2010-08-04,nan,nan,nan,nan,nan,nan
2010-08-03,nan,nan,nan,nan,nan,nan
2010-08-02,nan,nan,nan,nan,nan,nan
2010-07-30,nan,nan,nan,nan,nan,nan
2010-07-29,nan,nan,nan,nan,nan,nan
2010-07-28,nan,nan,nan,nan,nan,nan
2010-07-27,nan,nan,nan,nan,nan,nan
2010-07-26,nan,nan,nan,nan,nan,nan
2010-07-23,nan,nan,nan,nan,nan,nan
2010-07-22,nan,nan,nan,nan,nan,nan
2010-07-21,nan,nan,nan,nan,nan,nan
2010-07-20,nan,nan,nan,nan,nan,nan
2010-07-19,nan,nan,nan,nan,nan,nan
2010-07-16,nan,nan,nan,nan,nan,nan
2010-07-15,nan,nan,nan,nan,nan,nan
2010-07-14,nan,nan,nan,nan,nan,nan
2010-07-13,nan,nan,nan,nan,nan,nan
2010-07-12,nan,nan,nan,nan,nan,nan
2010-07-09,nan,nan,nan,nan,nan,nan
2010-07-08,nan,nan,nan,nan,nan,nan
2010-07-07,nan,nan,nan,nan,nan,nan
2010-07-06,nan,nan,nan,nan,nan,nan
2010-07-02,nan,nan,nan,nan,nan,nan
2010-07-01,nan,nan,nan,nan,nan,nan
2010-06-30,nan,nan,nan,nan,nan,nan
2010-06-29,nan,nan,nan,nan,nan,nan
2010-06-28,nan,nan,nan,nan,nan,nan
2010-06-25,nan,nan,nan,nan,nan,nan
2010-06-24,nan,nan,nan,nan,nan,nan
2010-06-23,nan,nan,nan,nan,nan,nan
2010-06-22,nan,nan,nan,nan,nan,nan
2010-06-21,nan,nan,nan,nan,nan,nan
2010-06-18,nan,nan,nan,nan,nan,nan
2010-06-17,nan,nan,nan,nan,nan,nan
2010-06-16,nan,nan,nan,nan,nan,nan
2010-06-15,nan,nan,nan,nan,nan,nan
2010-06-14,nan,nan,nan,nan,nan,nan
2010-06-11,nan,nan,nan,nan,nan,nan
2010-06-10,nan,nan,nan,nan,nan,nan
2010-06-09,nan,nan,nan,nan,nan,nan
2010-06-08,nan,nan,nan,nan,nan,nan
2010-06-07,nan,nan,nan,nan,nan,nan
2010-06-04,nan,nan,nan,nan,nan,nan
2010-06-03,nan,nan,nan,nan,nan,nan
2010-06-02,nan,nan,nan,nan,nan,nan
2010-06-01,nan,nan,nan,nan,nan,nan
2010-05-28,nan,nan,nan,nan,nan,nan
2010-05-27,nan,nan,nan,nan,nan,nan
2010-05-26,nan,nan,nan,nan,nan,nan
2010-05-25,nan,nan,nan,nan,nan,nan
2010-05-24,nan,nan,nan,nan,nan,nan
2010-05-21,nan,nan,nan,nan,nan,nan
2010-05-20,nan,nan,nan,nan,nan,nan
2010-05-19,nan,nan,nan,nan,nan,nan
2010-05-18,nan,nan,nan,nan,nan,nan
2010-05-17,nan,nan,nan,nan,nan,nan
2010-05-14,nan,nan,nan,nan,nan,nan
2010-05-13,nan,nan,nan,nan,nan,nan
2010-05-12,nan,nan,nan,nan,nan,nan
2010-05-11,nan,nan,nan,nan,nan,nan
2010-05-10,nan,nan,nan,nan,nan,nan
2010-05-07,nan,nan,nan,nan,nan,nan
2010-05-06,nan,nan,nan,nan,nan,nan
2010-05-05,nan,nan,nan,nan,nan,nan
2010-05-04,nan,nan,nan,nan,nan,nan
2010-05-03,nan,nan,nan,nan,nan,nan
2010-04-30,nan,nan,nan,nan,nan,nan
2010-04-29,nan,nan,nan,nan,nan,nan
2010-04-28,nan,nan,nan,nan,nan,nan
2010-04-27,nan,nan,nan,nan,nan,nan
2010-04-26,nan,nan,nan,nan,nan,nan
2010-04-23,nan,nan,nan,nan,nan,nan
2010-04-22,nan,nan,nan,nan,nan,nan
2010-04-21,nan,nan,nan,nan,nan,nan
2010-04-20,nan,nan,nan,nan,nan,nan
2010-04-19,nan,nan,nan,nan,nan,nan
2010-04-16,nan,nan,nan,nan,nan,nan
2010-04-15,nan,nan,nan,nan,nan,nan
2010-04-14,nan,nan,nan,nan,nan,nan
2010-04-13,nan,nan,nan,nan,nan,nan
2010-04-12,nan,nan,nan,nan,nan,nan
2010-04-09,nan,nan,nan,nan,nan,nan
2010-04-08,nan,nan,nan,nan,nan,nan
2010-04-07,nan,nan,nan,nan,nan,nan
2010-04-06,nan,nan,nan,nan,nan,nan
2010-04-05,nan,nan,nan,nan,nan,nan
2010-04-01,nan,nan,nan,nan,nan,nan
2010-03-31,nan,nan,nan,nan,nan,nan
2010-03-30,nan,nan,nan,nan,nan,nan
2010-03-29,nan,nan,nan,nan,nan,nan
2010-03-26,nan,nan,nan,nan,nan,nan
2010-03-25,nan,nan,nan,nan,nan,nan
2010-03-24,nan,nan,nan,nan,nan,nan
2010-03-23,nan,nan,nan,nan,nan,nan
2010-03-22,nan,nan,nan,nan,nan,nan
2010-03-19,nan,nan,nan,nan,nan,nan
2010-03-18,nan,nan,nan,nan,nan,nan
2010-03-17,nan,nan,nan,nan,nan,nan
2010-03-16,nan,nan,nan,nan,nan,nan
2010-03-15,nan,nan,nan,nan,nan,nan
2010-03-12,nan,nan,nan,nan,nan,nan
2010-03-11,nan,nan,nan,nan,nan,nan
2010-03-10,nan,nan,nan,nan,nan,nan
2010-03-09,nan,nan,nan,nan,nan,nan
2010-03-08,nan,nan,nan,nan,nan,nan
2010-03-05,nan,nan,nan,nan,nan,nan
2010-03-04,nan,nan,nan,nan,nan,nan
2010-03-03,nan,nan,nan,nan,nan,nan
2010-03-02,nan,nan,nan,nan,nan,nan
2010-03-01,nan,nan,nan,nan,nan,nan
2010-02-26,38.3,38.37,38.13,38.23,7879300.0,38.23
2010-02-25,38.05,38.28,37.92,38.25,929900.0,38.25
2010-02-24,38.2,38.24,38.03,38.22,636100.0,38.22
2010-02-23,38.32,38.34,38.07,38.08,843800.0,38.08
2010-02-22,38.36,38.45,38.18,38.31,770200.0,38.31
2010-02-19,38.24,38.5,38.13,38.37,1370300.0,38.37
2010-02-18,38.23,38.39,38.16,38.33,1248800.0,38.33
2010-02-17,37.86,38.23,37.86,38.23,3369700.0,38.23
2010-02-16,37.86,37.9,37.61,37.87,1427400.0,37.87
2010-02-12,37.6,37.84,37.49,37.82,3680800.0,37.82
2010-02-11,37.63,38.02,37.62,37.8,3413000.0,37.8
2010-02-10,37.41,37.67,37.27,37.55,4777900.0,37.55
2010-02-09,37.21,37.59,37.21,37.43,2905800.0,37.43
2010-02-08,37.22,37.33,36.99,37.03,1644500.0,37.03
2010-02-05,37.2,37.42,37.06,37.24,2842900.0,37.24
2010-02-04,37.61,37.61,37.23,37.23,2643700.0,37.23
2010-02-03,37.69,37.91,37.59,37.78,2122000.0,37.78
2010-02-02,37.65,37.86,37.52,37.86,1111200.0,37.86
2010-02-01,37.38,37.66,37.26,37.63,1549200.0,37.63
2010-01-29,37.32,37.52,37.12,37.2,2090500.0,37.2
2010-01-28,37.49,37.57,37.23,37.25,1966800.0,37.25
2010-01-27,37.36,37.53,37.26,37.45,2455600.0,37.45
2010-01-26,37.4,37.56,37.32,37.45,1438300.0,37.45
2010-01-25,37.61,37.65,37.41,37.44,1586500.0,37.44
2010-01-22,37.57,37.8,37.48,37.48,1601800.0,37.48
2010-01-21,38.0,38.08,37.62,37.66,3023100.0,37.66
2010-01-20,38.0,38.05,37.85,38.0,915000.0,38.0
2010-01-19,37.96,38.17,37.96,38.13,1587200.0,38.13
2010-01-15,38.18,38.33,37.96,38.11,1850900.0,38.11
2010-01-14,38.0,38.32,37.88,38.26,1503700.0,38.26
2010-01-13,37.85,38.12,37.85,38.04,1782300.0,38.04
2010-01-12,37.44,37.89,37.44,37.88,2339300.0,37.88
2010-01-11,37.59,37.59,37.34,37.49,1098300.0,37.49
2010-01-08,37.5,37.64,37.35,37.62,1407700.0,37.62
2010-01-07,37.7,37.79,37.5,37.58,1597300.0,37.58
2010-01-06,37.89,38.09,37.71,37.79,971600.0,37.79
2010-01-05,37.58,37.99,37.58,37.94,983000.0,37.94
2010-01-04,37.54,37.82,37.48,37.71,1411900.0,37.71
2009-12-31,37.69,37.78,37.5,37.5,522300.0,37.5
2009-12-30,37.64,37.78,37.57,37.71,996000.0,37.71
2009-12-29,37.72,37.81,37.63,37.66,958400.0,37.66
2009-12-28,37.55,37.68,37.54,37.64,599500.0,37.64
2009-12-24,37.53,37.6,37.42,37.56,162700.0,37.56
2009-12-23,37.48,37.59,37.36,37.51,1122400.0,37.51
2009-12-22,37.42,37.55,37.37,37.54,832800.0,37.54
2009-12-21,37.2,37.52,37.19,37.43,2066500.0,37.43
2009-12-18,37.26,37.37,36.89,37.17,1654000.0,37.17
2009-12-17,37.4,37.47,37.29,37.31,3108500.0,37.31
2009-12-16,37.69,37.84,37.48,37.48,1062400.0,37.48
2009-12-15,37.57,37.74,37.4,37.63,2026200.0,37.63
2009-12-14,37.89,37.89,37.56,37.61,1367800.0,37.61
2009-12-11,38.01,38.09,37.67,37.74,1599000.0,37.74
2009-12-10,37.91,38.11,37.82,37.91,4118900.0,37.91
2009-12-09,38.02,38.03,37.54,37.85,3679600.0,37.85
2009-12-08,38.56,38.58,38.27,38.38,970900.0,38.38
2009-12-07,38.55,38.74,38.42,38.65,1560500.0,38.65
2009-12-04,38.37,38.59,38.27,38.56,2565200.0,38.56
2009-12-03,38.55,38.58,38.15,38.19,3106700.0,38.19
2009-12-02,38.32,38.49,38.27,38.47,2248800.0,38.47
2009-12-01,38.03,38.46,38.03,38.41,1879900.0,38.41
2009-11-30,37.95,38.1,37.85,37.95,1995700.0,37.95
2009-11-27,37.67,38.05,37.67,37.93,1057600.0,37.93
2009-11-25,38.01,38.24,37.99,38.23,777200.0,38.23
2009-11-24,38.0,38.1,37.86,37.99,989800.0,37.99
2009-11-23,38.01,38.19,37.91,38.0,973600.0,38.0
2009-11-20,37.74,38.03,37.62,37.87,1380400.0,37.87
2009-11-19,37.71,37.81,37.62,37.75,2148300.0,37.75
2009-11-18,38.0,38.0,37.73,37.89,1326000.0,37.89
2009-11-17,37.91,38.05,37.86,38.05,862200.0,38.05
2009-11-16,37.87,38.01,37.78,38.01,1389200.0,38.01
2009-11-13,37.73,37.9,37.64,37.83,2467100.0,37.83
2009-11-12,37.96,38.12,37.55,37.62,1488100.0,37.62
2009-11-11,38.01,38.11,37.88,38.04,3024000.0,38.04
2009-11-10,37.88,38.18,37.84,37.92,1679600.0,37.92
2009-11-09,37.92,38.0,37.7,38.0,1168200.0,38.0
2009-11-06,37.5,37.79,37.47,37.78,1398800.0,37.78
2009-11-05,37.34,37.65,37.21,37.61,1389400.0,37.61
2009-11-04,37.32,37.53,37.14,37.28,3068200.0,37.28
2009-11-03,37.25,37.3,37.05,37.23,1939100.0,37.23
2009-11-02,37.42,37.58,37.27,37.35,2793400.0,37.35
2009-10-30,37.55,37.73,37.29,37.44,3897200.0,37.44
2009-10-29,37.46,37.65,37.35,37.64,2760200.0,37.64
2009-10-28,37.45,37.66,37.38,37.45,3767900.0,37.45
2009-10-27,37.39,37.57,36.77,37.53,6964700.0,37.53
2009-10-26,37.33,37.58,37.11,37.26,2986200.0,37.26
2009-10-23,37.5,37.66,37.23,37.38,1727100.0,37.38
2009-10-22,37.64,37.69,37.34,37.55,1388900.0,37.55
2009-10-21,37.52,37.84,37.46,37.64,1734400.0,37.64
2009-10-20,37.63,37.71,37.43,37.55,1383800.0,37.55
2009-10-19,37.6,37.9,37.6,37.67,2700500.0,37.67
2009-10-16,37.9,38.0,37.75,37.81,1089500.0,37.81
2009-10-15,37.34,37.99,37.29,37.99,1592900.0,37.99
2009-10-14,37.31,37.58,37.28,37.49,2210500.0,37.49
2009-10-13,37.22,37.3,37.15,37.22,1813400.0,37.22
2009-10-12,37.17,37.44,37.02,37.25,2725100.0,37.25
2009-10-09,36.99,37.26,36.97,37.26,1293200.0,37.26
2009-10-08,37.49,37.49,36.94,37.13,2436400.0,37.13
2009-10-07,37.28,37.49,37.14,37.41,766700.0,37.41
2009-10-06,37.44,37.44,37.11,37.34,1566400.0,37.34
2009-10-05,37.28,37.32,37.01,37.31,2097100.0,37.31
2009-10-02,36.36,37.37,36.36,37.25,2333200.0,37.25
2009-10-01,36.4,36.62,36.38,36.49,2386000.0,36.49
2009-09-30,36.4,36.56,36.3,36.44,4210600.0,36.44
2009-09-29,36.73,36.73,36.3,36.44,2005300.0,36.44
2009-09-28,36.67,36.78,36.45,36.7,940100.0,36.7
2009-09-25,36.4,36.64,36.35,36.46,2991100.0,36.46
2009-09-24,36.44,36.56,36.33,36.4,2071400.0,36.4
2009-09-23,36.41,36.65,36.38,36.42,2361100.0,36.42
2009-09-22,36.73,36.83,36.38,36.43,1976600.0,36.43
2009-09-21,36.8,36.84,36.53,36.62,1115100.0,36.62
2009-09-18,36.61,36.95,36.6,36.82,3165400.0,36.82
2009-09-17,36.37,36.59,36.09,36.54,2134300.0,36.54
2009-09-16,36.45,36.45,36.15,36.42,1470800.0,36.42
2009-09-15,36.46,36.54,36.23,36.38,2099600.0,36.38
2009-09-14,36.26,36.55,36.26,36.52,1638600.0,36.52
2009-09-11,36.18,36.53,36.18,36.48,4105800.0,36.48
2009-09-10,36.23,36.27,36.08,36.27,1692100.0,36.27
2009-09-09,36.23,36.32,36.13,36.29,2205000.0,36.29
2009-09-08,36.15,36.32,36.02,36.23,2857200.0,36.23
2009-09-04,35.74,36.19,35.66,36.05,2207300.0,36.05
2009-09-03,35.69,35.83,35.53,35.77,3837800.0,35.77
2009-09-02,35.5,35.76,35.45,35.62,2719300.0,35.62
2009-09-01,35.61,35.98,35.48,35.59,2567500.0,35.59
2009-08-31,35.71,35.84,35.63,35.73,2258700.0,35.73
2009-08-28,36.21,36.26,35.73,35.79,1835400.0,35.79
2009-08-27,36.09,36.21,36.03,36.11,2066000.0,36.11
2009-08-26,35.86,36.21,35.86,36.1,3535900.0,36.1
2009-08-25,36.05,36.1,35.86,35.98,1583500.0,35.98
2009-08-24,35.97,36.05,35.8,35.93,1273700.0,35.93
2009-08-21,36.0,36.08,35.84,36.01,4332700.0,36.01
2009-08-20,35.64,35.94,35.55,35.82,2516400.0,35.82
2009-08-19,35.48,35.72,35.44,35.71,1765000.0,35.71
2009-08-18,35.42,35.66,35.32,35.49,2359500.0,35.49
2009-08-17,35.57,35.57,35.32,35.43,4235100.0,35.43
2009-08-14,35.44,35.66,35.39,35.57,5046500.0,35.57
2009-08-13,35.49,35.6,35.3,35.48,8806600.0,35.48
2009-08-12,35.6,35.8,35.49,35.53,8613600.0,35.53
2009-08-11,35.55,35.8,35.55,35.6,9036100.0,35.6
2009-08-10,35.81,36.03,35.67,35.79,7314700.0,35.79
2009-08-07,36.13,36.22,35.89,35.89,3864400.0,35.89
2009-08-06,36.13,36.3,35.94,36.01,5108200.0,36.01
2009-08-05,36.52,36.53,36.11,36.12,8041100.0,36.12
2009-08-04,35.97,36.57,35.85,36.49,29821300.0,36.49
2009-08-03,33.99,33.99,33.5,33.62,2193200.0,33.62
2009-07-31,33.8,34.27,33.62,33.95,1575200.0,33.95
2009-07-30,33.97,34.11,33.67,33.8,2047100.0,33.8
2009-07-29,33.99,34.03,33.43,33.71,2113200.0,33.71
2009-07-28,33.25,33.94,33.25,33.87,3799900.0,33.87
2009-07-27,33.75,33.79,33.25,33.43,1268200.0,33.43
2009-07-24,33.25,33.59,33.14,33.56,1262400.0,33.56
2009-07-23,33.59,33.65,33.24,33.25,2129500.0,33.25
2009-07-22,33.3,33.63,33.18,33.4,2560900.0,33.4
2009-07-21,33.49,33.59,33.1,33.36,1430700.0,33.36
2009-07-20,33.5,33.54,32.86,33.4,2014400.0,33.4
2009-07-17,33.45,33.55,33.17,33.33,931300.0,33.33
2009-07-16,33.24,33.59,33.21,33.53,2089400.0,33.53
2009-07-15,33.21,33.55,33.07,33.24,2800900.0,33.24
2009-07-14,33.01,33.21,32.93,33.21,1454800.0,33.21
2009-07-13,33.0,33.14,32.69,32.9,2814200.0,32.9
2009-07-10,33.1,34.93,32.74,32.9,3207600.0,32.9
2009-07-09,33.71,33.78,33.15,33.29,1448000.0,33.29
2009-07-08,33.82,33.82,33.25,33.53,2733600.0,33.53
2009-07-07,33.96,34.13,33.59,33.65,2148400.0,33.65
2009-07-06,33.5,34.17,33.5,34.08,1750500.0,34.08
2009-07-02,33.75,34.29,33.7,33.8,1545000.0,33.8
2009-07-01,33.87,34.23,33.37,34.0,2608600.0,34.0
2009-06-30,33.61,33.94,33.45,33.84,1987900.0,33.84
2009-06-29,34.2,34.2,33.49,33.67,2183500.0,33.67
2009-06-26,32.85,33.8,32.75,33.62,4087300.0,33.62
2009-06-25,32.77,33.06,32.6,33.06,1784100.0,33.06
2009-06-24,33.07,33.07,32.6,32.8,1206200.0,32.8
2009-06-23,32.93,33.12,32.67,32.87,1536100.0,32.87
2009-06-22,33.2,33.31,32.95,32.95,1470400.0,32.95
2009-06-19,33.75,34.08,33.31,33.4,1196500.0,33.4
2009-06-18,33.37,33.7,33.29,33.63,1301200.0,33.63
2009-06-17,32.68,33.37,32.52,33.29,1269400.0,33.29
2009-06-16,33.02,33.04,32.66,32.75,1198100.0,32.75
2009-06-15,33.33,33.49,32.94,33.0,1940000.0,33.0
2009-06-12,32.89,33.75,32.8,33.57,2358500.0,33.57
2009-06-11,33.1,33.41,32.9,32.93,1038500.0,32.93
2009-06-10,33.27,33.4,32.9,32.98,1404200.0,32.98
2009-06-09,33.0,33.26,32.82,33.15,1547900.0,33.15
2009-06-08,33.49,33.49,32.93,33.04,1839200.0,33.04
2009-06-05,33.5,33.82,33.24,33.41,1784500.0,33.41
2009-06-04,33.3,33.46,33.02,33.32,1658700.0,33.32
2009-06-03,33.99,34.04,33.28,33.28,2949700.0,33.28
2009-06-02,33.21,34.83,33.21,34.17,4218900.0,34.17
2009-06-01,32.87,33.25,32.52,33.21,1645200.0,33.21
2009-05-29,32.12,32.96,31.95,32.86,3984300.0,32.86
2009-05-28,31.83,32.33,31.57,32.09,2109700.0,32.09
2009-05-27,32.42,32.54,31.77,31.78,1463100.0,31.78
2009-05-26,32.06,32.65,31.66,32.56,1051200.0,32.56
2009-05-22,32.24,32.57,32.08,32.23,574100.0,32.23
2009-05-21,32.01,32.35,31.72,32.24,1656200.0,32.24
2009-05-20,32.63,32.74,32.22,32.28,2017100.0,32.28
2009-05-19,32.38,32.68,32.22,32.5,1705400.0,32.5
2009-05-18,32.6,32.91,32.12,32.55,1469100.0,32.55
2009-05-15,31.93,32.57,31.86,32.28,1899900.0,32.28
2009-05-14,31.88,32.39,31.62,32.12,1528200.0,32.12
2009-05-13,31.86,32.31,31.8,31.9,2906700.0,31.9
2009-05-12,32.13,32.35,31.97,32.13,2389700.0,32.13
2009-05-11,31.95,32.21,31.87,32.03,3053300.0,32.03
2009-05-08,32.03,32.61,32.0,32.2,4025900.0,32.2
2009-05-07,32.29,32.95,31.8,32.18,4540700.0,32.18
2009-05-06,31.94,32.15,31.49,32.05,2992400.0,32.05
2009-05-05,31.5,31.85,31.3,31.76,2166700.0,31.76
2009-05-04,31.52,31.62,31.03,31.5,3120600.0,31.5
2009-05-01,31.2,31.41,31.1,31.41,1528700.0,31.41
2009-04-30,31.99,32.16,31.19,31.27,5155200.0,31.27
2009-04-29,31.46,32.24,31.17,32.0,7661900.0,32.0
2009-04-28,31.14,31.45,30.84,31.31,2101100.0,31.31
2009-04-27,30.48,31.22,30.31,31.11,4344300.0,31.11
2009-04-24,30.4,30.99,30.37,30.75,3708200.0,30.75
2009-04-23,30.4,30.69,30.2,30.45,4314900.0,30.45
2009-04-22,30.16,30.8,30.03,30.32,5945900.0,30.32
2009-04-21,29.73,30.8,29.6,30.16,10515000.0,30.16
2009-04-20,29.65,31.0,29.3,30.73,16207700.0,30.73
2009-04-17,25.18,25.5,24.62,25.2,1933000.0,25.2
2009-04-16,24.6,25.28,24.44,25.16,1373700.0,25.16
2009-04-15,23.96,24.64,23.96,24.59,1923000.0,24.59
2009-04-14,24.31,24.47,24.02,24.18,2530000.0,24.18
2009-04-13,24.66,24.69,24.31,24.59,1434800.0,24.59
2009-04-09,24.84,25.1,24.47,24.78,1658100.0,24.78
2009-04-08,23.75,24.44,23.67,24.41,1726900.0,24.41
2009-04-07,23.64,24.14,23.55,23.85,1649700.0,23.85
2009-04-06,24.21,24.21,23.74,24.0,2281900.0,24.0
2009-04-03,24.22,24.34,23.9,24.21,1547000.0,24.21
2009-04-02,24.75,24.75,23.95,24.03,3857000.0,24.03
2009-04-01,21.93,22.6,21.62,22.53,1920500.0,22.53
2009-03-31,22.22,22.41,21.97,22.14,2810100.0,22.14
2009-03-30,22.05,22.29,21.87,22.1,3859900.0,22.1
2009-03-27,21.99,22.4,21.79,22.36,2229900.0,22.36
2009-03-26,21.5,22.23,21.35,22.19,2518300.0,22.19
2009-03-25,21.07,21.41,20.57,21.37,3596100.0,21.37
2009-03-24,20.27,20.91,20.27,20.71,1921200.0,20.71
2009-03-23,19.67,20.69,19.59,20.67,2107600.0,20.67
2009-03-20,19.89,20.09,19.47,19.59,1964300.0,19.59
2009-03-19,20.02,20.16,19.81,19.89,1971300.0,19.89
2009-03-18,19.49,20.15,19.04,20.0,2152800.0,20.0
2009-03-17,19.25,19.47,19.06,19.47,1290100.0,19.47
2009-03-16,19.54,19.96,19.33,19.36,1730700.0,19.36
2009-03-13,19.21,19.55,19.03,19.46,1362900.0,19.46
2009-03-12,18.38,19.22,18.1,19.18,2358600.0,19.18
2009-03-11,17.82,18.48,17.82,18.3,2471700.0,18.3
2009-03-10,17.3,17.97,17.23,17.92,1685500.0,17.92
2009-03-09,17.1,17.63,17.01,17.12,1693500.0,17.12
2009-03-06,17.13,17.69,17.06,17.41,3645700.0,17.41
2009-03-05,17.77,17.77,17.05,17.22,4163000.0,17.22
2009-03-04,17.37,18.52,16.91,18.06,4441500.0,18.06
2009-03-03,17.43,17.74,16.82,17.02,2894000.0,17.02
2009-03-02,18.2,18.29,17.25,17.27,4142700.0,17.27
2009-02-27,18.71,18.98,18.46,18.5,3201700.0,18.5
2009-02-26,20.11,20.21,18.98,19.02,2862300.0,19.02
2009-02-25,20.43,20.48,19.67,19.9,2585900.0,19.9
2009-02-24,20.17,20.61,19.99,20.49,2282100.0,20.49
2009-02-23,20.91,21.14,19.99,20.06,2681900.0,20.06
2009-02-20,20.81,20.99,20.3,20.76,2255500.0,20.76
2009-02-19,21.64,21.78,20.99,21.05,2706700.0,21.05
2009-02-18,21.32,21.32,20.7,20.97,3107300.0,20.97
2009-02-17,21.96,21.96,21.14,21.23,2312400.0,21.23
2009-02-13,22.56,22.7,20.3,22.32,2380200.0,22.32
2009-02-12,22.13,22.58,21.9,22.56,2857700.0,22.56
2009-02-11,21.09,22.51,20.94,22.4,3775300.0,22.4
2009-02-10,21.0,21.5,20.64,20.81,3656200.0,20.81
2009-02-09,20.83,21.06,20.4,20.71,2228600.0,20.71
2009-02-06,20.14,21.12,20.14,21.02,2138400.0,21.02
2009-02-05,19.84,20.45,19.71,20.32,1856400.0,20.32
2009-02-04,19.62,20.59,19.44,20.06,3402300.0,20.06
2009-02-03,19.0,19.69,18.78,19.62,1436800.0,19.62
2009-02-02,19.15,19.15,18.72,19.03,2166100.0,19.03
2009-01-30,20.34,20.57,19.15,19.29,2145500.0,19.29
2009-01-29,20.76,20.81,20.28,20.37,762500.0,20.37
2009-01-28,20.92,21.0,20.58,20.89,867000.0,20.89
2009-01-27,20.35,20.64,20.18,20.54,1058900.0,20.54
2009-01-26,19.94,20.56,19.91,20.13,1622600.0,20.13
2009-01-23,19.79,19.9,19.12,19.83,1924800.0,19.83
2009-01-22,20.0,20.25,19.38,19.87,3112700.0,19.87
2009-01-21,19.96,20.45,19.62,20.41,3674600.0,20.41
2009-01-20,20.09,20.47,19.64,19.83,3377200.0,19.83
2009-01-16,19.81,20.21,19.64,20.1,2948300.0,20.1
2009-01-15,19.7,19.87,18.61,19.47,4127600.0,19.47
2009-01-14,20.68,20.68,19.7,19.85,2045400.0,19.85
2009-01-13,20.61,20.98,20.41,20.83,2361400.0,20.83
2009-01-12,22.0,22.15,20.44,20.66,4851400.0,20.66
2009-01-09,22.51,22.78,22.04,22.22,2185500.0,22.22
2009-01-08,21.87,22.62,21.77,22.58,3138200.0,22.58
2009-01-07,23.07,23.17,21.88,22.07,2388100.0,22.07
2009-01-06,23.28,23.76,23.01,23.32,1851800.0,23.32
2009-01-05,22.82,23.14,22.65,23.12,1563200.0,23.12
2009-01-02,22.51,23.22,22.41,22.81,2011000.0,22.81
2008-12-31,22.13,22.67,22.13,22.51,1420100.0,22.51
2008-12-30,21.27,22.14,21.25,22.12,1316500.0,22.12
2008-12-29,22.27,22.27,20.96,21.19,1854600.0,21.19
2008-12-26,21.79,22.12,21.78,22.0,532700.0,22.0
2008-12-24,21.53,21.91,21.53,21.73,450700.0,21.73
2008-12-23,22.29,22.33,21.43,21.5,1922300.0,21.5
2008-12-22,21.8,22.28,21.77,22.27,2535800.0,22.27
2008-12-19,21.15,22.0,21.1,21.77,4434800.0,21.77
2008-12-18,19.78,21.41,19.75,21.01,4335100.0,21.01
2008-12-17,19.45,19.8,19.32,19.5,2950300.0,19.5
2008-12-16,18.7,19.86,18.54,19.86,2186400.0,19.86
2008-12-15,18.83,18.99,18.25,18.49,1838200.0,18.49
2008-12-12,18.07,18.76,17.9,18.76,1791400.0,18.76
2008-12-11,18.3,18.99,18.14,18.54,2280600.0,18.54
2008-12-10,17.78,18.43,17.64,18.4,2353600.0,18.4
2008-12-09,18.1,18.42,17.65,17.75,1798300.0,17.75
2008-12-08,18.36,18.53,17.93,18.11,2661900.0,18.11
2008-12-05,16.65,18.13,16.6,18.11,2480000.0,18.11
2008-12-04,17.24,17.66,16.68,16.92,2242400.0,16.92
2008-12-03,16.64,17.34,16.51,17.26,2372500.0,17.26
2008-12-02,17.01,17.36,16.36,17.09,2969100.0,17.09
2008-12-01,17.58,17.8,16.83,16.85,2657600.0,16.85
2008-11-28,17.82,18.09,17.61,18.09,798900.0,18.09
2008-11-26,16.43,17.84,16.32,17.79,2867400.0,17.79
2008-11-25,17.92,17.92,16.34,16.64,3709900.0,16.64
2008-11-24,17.58,17.84,16.99,17.53,2872200.0,17.53
2008-11-21,16.76,17.33,15.78,17.28,4512100.0,17.28
2008-11-20,17.9,18.29,16.39,16.49,4097700.0,16.49
2008-11-19,19.94,19.94,18.01,18.07,2865200.0,18.07
2008-11-18,19.7,19.77,18.59,19.19,3338100.0,19.19
2008-11-17,20.33,20.77,19.87,19.91,1675100.0,19.91
2008-11-14,21.1,21.73,20.76,20.84,2185500.0,20.84
2008-11-13,20.36,21.4,19.92,21.4,2631300.0,21.4
2008-11-12,21.03,21.17,20.23,20.3,2205000.0,20.3
2008-11-11,21.76,21.88,21.02,21.27,1495200.0,21.27
2008-11-10,22.49,22.82,21.77,22.11,1646700.0,22.11
2008-11-07,21.7,22.19,21.55,22.12,1965900.0,22.12
2008-11-06,22.97,23.25,21.43,21.51,1932000.0,21.51
2008-11-05,23.48,23.91,23.0,23.13,2211900.0,23.13
2008-11-04,23.69,23.9,23.4,23.69,1822300.0,23.69
2008-11-03,23.11,23.5,22.99,23.24,1468300.0,23.24
2008-10-31,22.49,23.46,22.49,23.08,2732100.0,23.08
2008-10-30,22.54,23.02,22.28,22.66,2945200.0,22.66
2008-10-29,21.97,22.87,21.71,22.14,2553500.0,22.14
2008-10-28,21.52,22.12,20.65,22.08,2609600.0,22.08
2008-10-27,21.14,21.86,20.28,20.99,2302400.0,20.99
2008-10-24,20.04,21.55,19.95,21.1,3273500.0,21.1
2008-10-23,22.79,22.79,20.22,21.27,4688000.0,21.27
2008-10-22,23.49,23.49,22.09,22.66,2589800.0,22.66
2008-10-21,23.59,24.44,23.5,23.88,2555800.0,23.88
2008-10-20,23.39,23.74,23.02,23.74,1487400.0,23.74
2008-10-17,22.57,23.53,22.5,23.05,2099700.0,23.05
2008-10-16,23.0,23.05,21.7,22.97,2945000.0,22.97
2008-10-15,23.56,23.75,22.75,22.77,3210300.0,22.77
2008-10-14,24.82,24.82,23.13,23.93,4075700.0,23.93
2008-10-13,23.91,24.07,22.75,23.99,2359000.0,23.99
2008-10-10,22.69,22.69,21.09,21.92,4835700.0,21.92
2008-10-09,24.86,25.27,23.25,23.39,4017700.0,23.39
2008-10-08,24.85,25.63,24.43,24.97,4040500.0,24.97
2008-10-07,27.29,27.74,25.17,25.27,4509100.0,25.27
2008-10-06,26.89,28.2,26.22,27.12,2969000.0,27.12
2008-10-03,28.78,29.33,28.02,28.18,3026300.0,28.18
2008-10-02,29.0,29.76,28.03,28.49,2463500.0,28.49
2008-10-01,29.26,29.55,28.68,29.29,2536200.0,29.29
2008-09-30,28.27,29.59,28.27,29.17,3039100.0,29.17
2008-09-29,29.81,30.49,28.05,28.07,4046600.0,28.07
2008-09-26,29.97,30.59,29.86,30.31,1794300.0,30.31
2008-09-25,30.67,31.57,30.15,30.34,2042800.0,30.34
2008-09-24,30.4,30.62,29.92,30.41,1421800.0,30.41
2008-09-23,30.75,31.5,30.15,30.39,2070900.0,30.39
2008-09-22,30.93,31.32,30.31,30.47,1819900.0,30.47
2008-09-19,30.64,32.11,30.64,31.34,2163200.0,31.34
2008-09-18,31.11,31.21,29.31,31.1,3882500.0,31.1
2008-09-17,32.02,32.36,30.7,30.8,2980300.0,30.8
2008-09-16,31.71,32.47,31.09,32.28,2509500.0,32.28
2008-09-15,31.85,33.13,31.52,32.24,2811700.0,32.24
2008-09-12,32.37,32.59,31.69,32.47,3019300.0,32.47
2008-09-11,31.77,31.77,30.93,31.71,4064700.0,31.71
2008-09-10,31.56,32.55,31.5,32.1,2907000.0,32.1
2008-09-09,31.63,32.28,31.37,31.48,2720500.0,31.48
2008-09-08,31.09,31.49,30.36,31.46,2295900.0,31.46
2008-09-05,30.01,30.63,29.86,30.51,2820200.0,30.51
2008-09-04,29.98,31.43,29.98,30.19,2037000.0,30.19
2008-09-03,31.49,31.69,30.91,31.46,2393100.0,31.46
2008-09-02,30.07,31.97,30.0,31.3,2998900.0,31.3
2008-08-29,29.99,30.14,29.54,29.58,671600.0,29.58
2008-08-28,29.61,30.12,29.25,30.12,1975600.0,30.12
2008-08-27,29.3,29.57,29.25,29.49,611400.0,29.49
2008-08-26,29.98,29.98,29.25,29.34,1432900.0,29.34
2008-08-25,29.72,30.29,29.72,29.92,1272400.0,29.92
2008-08-22,28.63,29.84,28.61,29.83,860500.0,29.83
2008-08-21,29.8,29.8,29.29,29.48,1097400.0,29.48
2008-08-20,29.81,30.12,29.49,30.04,1029500.0,30.04
2008-08-19,30.21,30.26,29.77,29.83,731700.0,29.83
2008-08-18,30.87,30.87,30.14,30.22,993900.0,30.22
2008-08-15,30.6,30.97,30.6,30.76,1049400.0,30.76
2008-08-14,30.32,30.98,29.96,30.61,1267000.0,30.61
2008-08-13,30.66,30.77,30.1,30.29,1663600.0,30.29
2008-08-12,30.31,30.82,29.88,30.66,1742900.0,30.66
2008-08-11,29.77,30.61,29.7,30.21,1916000.0,30.21
2008-08-08,28.06,29.84,28.06,29.75,2030900.0,29.75
2008-08-07,28.74,28.74,28.08,28.17,1372500.0,28.17
2008-08-06,28.77,28.99,28.46,28.97,1142800.0,28.97
2008-08-05,28.86,29.04,28.64,28.78,1570200.0,28.78
2008-08-04,28.58,28.82,28.41,28.65,1062700.0,28.65
2008-08-01,27.99,28.73,27.97,28.48,1724100.0,28.48
2008-07-31,27.65,28.18,27.59,27.85,1512000.0,27.85
2008-07-30,27.65,28.18,27.65,27.83,1516000.0,27.83
2008-07-29,27.41,27.73,27.41,27.64,1108800.0,27.64
2008-07-28,27.79,27.95,27.5,27.53,1008900.0,27.53
2008-07-25,27.76,28.14,27.76,27.89,1702800.0,27.89
2008-07-24,28.33,28.33,27.8,27.89,1406400.0,27.89
2008-07-23,28.3,28.4,27.95,28.35,1287500.0,28.35
2008-07-22,27.34,28.4,27.2,28.4,1908900.0,28.4
2008-07-21,28.04,28.08,27.39,27.54,1648800.0,27.54
2008-07-18,27.56,28.17,27.56,28.13,3079300.0,28.13
2008-07-17,27.39,27.6,26.6,27.59,3342700.0,27.59
2008-07-16,26.39,27.26,26.32,27.18,2148500.0,27.18
2008-07-15,26.6,26.69,26.02,26.47,2311000.0,26.47
2008-07-14,26.6,26.93,26.43,26.62,2005300.0,26.62
2008-07-11,27.08,27.08,26.31,26.51,2906100.0,26.51
2008-07-10,27.67,27.71,26.9,27.2,2661000.0,27.2
2008-07-09,27.97,28.47,27.74,27.82,3815000.0,27.82
2008-07-08,29.35,29.5,27.0,27.88,5982900.0,27.88
2008-07-07,28.79,29.02,28.02,28.66,3667700.0,28.66
2008-07-03,28.46,28.62,27.95,28.56,1439800.0,28.56
2008-07-02,27.85,28.56,27.84,28.3,3122700.0,28.3
2008-07-01,27.64,27.83,27.26,27.61,2388400.0,27.61
2008-06-30,27.94,28.46,27.75,27.92,1681800.0,27.92
2008-06-27,28.6,28.82,27.89,27.95,2140900.0,27.95
2008-06-26,28.93,29.01,28.51,28.6,1509300.0,28.6
2008-06-25,28.96,29.2,28.88,28.94,1806100.0,28.94
2008-06-24,29.16,29.23,28.87,28.97,2478900.0,28.97
2008-06-23,29.95,30.02,29.25,29.35,1874400.0,29.35
2008-06-20,29.49,29.93,29.14,29.9,3947500.0,29.9
2008-06-19,28.8,29.17,28.75,29.12,1749600.0,29.12
2008-06-18,28.61,28.91,28.41,28.65,2607000.0,28.65
2008-06-17,29.45,29.68,28.64,28.72,3958800.0,28.72
2008-06-16,30.63,30.81,29.15,29.24,4308700.0,29.24
2008-06-13,31.62,31.62,30.4,30.71,2248100.0,30.71
2008-06-12,31.41,31.84,31.34,31.48,1356200.0,31.48
2008-06-11,31.67,31.81,31.19,31.39,1404100.0,31.39
2008-06-10,31.12,32.0,31.12,31.72,2256300.0,31.72
2008-06-09,31.43,31.65,31.17,31.28,1182700.0,31.28
2008-06-06,31.6,31.88,31.46,31.46,2008400.0,31.46
2008-06-05,32.17,32.18,31.74,31.8,1400800.0,31.8
2008-06-04,31.59,32.12,31.38,31.92,1657800.0,31.92
2008-06-03,31.96,32.08,31.49,31.67,1337900.0,31.67
2008-06-02,32.45,32.57,31.88,32.02,1425100.0,32.02
2008-05-30,32.5,32.8,32.11,32.42,2566200.0,32.42
2008-05-29,32.46,32.68,32.12,32.44,1548200.0,32.44
2008-05-28,33.15,33.15,31.99,32.24,2322400.0,32.24
2008-05-27,33.04,33.4,32.92,33.33,1481200.0,33.33
2008-05-23,32.69,33.37,32.69,33.16,1965200.0,33.16
2008-05-22,32.9,33.29,32.86,32.87,1215700.0,32.87
2008-05-21,32.91,33.38,32.91,33.0,1398700.0,33.0
2008-05-20,33.45,33.45,32.99,33.02,1101000.0,33.02
2008-05-19,33.54,33.54,33.13,33.33,817600.0,33.33
2008-05-16,33.31,33.53,33.29,33.38,857000.0,33.38
2008-05-15,33.25,33.47,32.98,33.31,833600.0,33.31
2008-05-14,33.33,33.46,33.12,33.26,679100.0,33.26
2008-05-13,33.05,33.13,32.86,33.12,798600.0,33.12
2008-05-12,32.72,32.97,32.62,32.97,880500.0,32.97
2008-05-09,32.62,32.77,32.39,32.58,930200.0,32.58
2008-05-08,33.17,33.31,32.8,32.92,1024800.0,32.92
2008-05-07,33.51,33.71,33.07,33.18,997800.0,33.18
2008-05-06,32.73,33.69,32.73,33.45,1620600.0,33.45
2008-05-05,33.19,33.29,32.86,32.97,1204300.0,32.97
2008-05-02,33.98,34.01,33.23,33.39,1064800.0,33.39
2008-05-01,33.86,33.92,33.68,33.89,1252800.0,33.89
2008-04-30,33.67,34.33,33.59,33.71,1390800.0,33.71
2008-04-29,33.25,33.95,33.25,33.82,1388200.0,33.82
2008-04-28,33.5,33.61,33.22,33.35,1013700.0,33.35
2008-04-25,33.72,33.76,33.2,33.33,1380100.0,33.33
2008-04-24,34.74,34.74,33.5,33.68,2559000.0,33.68
2008-04-23,34.0,35.1,33.88,34.61,2535100.0,34.61
2008-04-22,33.97,34.45,33.15,33.73,1774700.0,33.73
2008-04-21,34.08,34.23,33.88,34.22,767200.0,34.22
2008-04-18,34.59,34.59,33.77,34.11,1176800.0,34.11
2008-04-17,33.98,34.28,33.84,34.09,846100.0,34.09
2008-04-16,34.48,34.48,33.79,34.14,1761000.0,34.14
2008-04-15,34.4,34.4,33.88,34.19,1042100.0,34.19
2008-04-14,34.09,34.62,33.99,34.25,1232000.0,34.25
2008-04-11,34.08,34.27,33.79,33.9,834700.0,33.9
2008-04-10,34.22,34.4,34.01,34.23,903300.0,34.23
2008-04-09,33.99,34.19,33.82,34.07,961300.0,34.07
2008-04-08,34.37,34.37,33.72,34.0,1323100.0,34.0
2008-04-07,34.06,34.51,33.99,34.39,1250300.0,34.39
2008-04-04,33.99,34.31,33.96,33.99,1602500.0,33.99
2008-04-03,33.97,34.33,33.87,34.0,1251500.0,34.0
2008-04-02,34.63,34.69,34.17,34.29,1092000.0,34.29
2008-04-01,34.3,34.79,33.92,34.74,1336300.0,34.74
2008-03-31,34.07,34.17,33.64,33.91,1842500.0,33.91
2008-03-28,33.96,34.85,33.96,34.37,1474600.0,34.37
2008-03-27,34.24,34.24,33.6,33.86,2024700.0,33.86
2008-03-26,34.45,34.46,33.93,34.02,1244800.0,34.02
2008-03-25,34.75,34.88,34.45,34.69,1545200.0,34.69
2008-03-24,34.59,34.7,34.27,34.56,1707900.0,34.56
2008-03-20,33.35,34.45,33.15,34.31,2303000.0,34.31
2008-03-19,33.27,34.01,32.96,33.18,1954000.0,33.18
2008-03-18,32.69,32.96,32.41,32.93,2825800.0,32.93
2008-03-17,31.53,32.4,31.53,32.15,1776800.0,32.15
2008-03-14,32.74,32.98,31.99,32.22,2198100.0,32.22
2008-03-13,32.27,32.93,32.24,32.6,1899200.0,32.6
2008-03-12,32.9,33.23,32.6,32.65,1376500.0,32.65
2008-03-11,33.29,33.45,32.54,32.76,1702300.0,32.76
2008-03-10,33.12,33.3,32.81,32.81,1238300.0,32.81
2008-03-07,33.18,33.54,32.95,33.16,1302000.0,33.16
2008-03-06,33.65,33.97,33.3,33.3,1508200.0,33.3
2008-03-05,34.13,34.13,33.53,33.88,2326900.0,33.88
2008-03-04,33.9,34.08,33.72,33.94,2154900.0,33.94
2008-03-03,34.03,34.25,33.8,34.22,1436200.0,34.22
2008-02-29,34.7,34.78,33.87,34.01,1779000.0,34.01
2008-02-28,35.3,35.48,34.9,34.96,915300.0,34.96
2008-02-27,35.68,35.9,35.46,35.48,984200.0,35.48
2008-02-26,35.25,35.87,35.25,35.76,1224300.0,35.76
2008-02-25,35.61,35.77,35.28,35.48,1248100.0,35.48
2008-02-22,35.29,35.59,35.0,35.52,916200.0,35.52
2008-02-21,35.22,35.45,35.05,35.16,1056100.0,35.16
2008-02-20,35.06,35.28,34.62,35.17,1499800.0,35.17
2008-02-19,36.17,36.37,35.07,35.15,1183000.0,35.15
2008-02-15,34.83,35.75,34.7,35.67,1730200.0,35.67
2008-02-14,35.42,35.44,35.02,35.11,1309200.0,35.11
2008-02-13,35.22,35.73,35.07,35.26,1669700.0,35.26
2008-02-12,34.72,35.12,34.51,35.02,1741300.0,35.02
2008-02-11,34.24,34.54,34.17,34.45,1963300.0,34.45
2008-02-08,34.5,34.64,34.2,34.23,2420400.0,34.23
2008-02-07,34.02,34.93,33.82,34.62,2435700.0,34.62
2008-02-06,34.81,34.81,34.1,34.14,1735000.0,34.14
2008-02-05,34.63,34.84,34.39,34.49,1605100.0,34.49
2008-02-04,35.08,35.28,34.87,34.97,2109700.0,34.97
2008-02-01,34.76,35.44,34.72,35.21,2782700.0,35.21
2008-01-31,33.31,35.26,33.11,34.85,3813200.0,34.85
2008-01-30,35.45,35.45,33.72,33.78,5766200.0,33.78
2008-01-29,38.3,38.44,35.19,35.53,6422200.0,35.53
2008-01-28,38.99,39.49,38.44,39.31,1986300.0,39.31
2008-01-25,39.06,39.41,38.57,38.75,1590000.0,38.75
2008-01-24,39.31,39.79,38.95,39.04,1511500.0,39.04
2008-01-23,37.37,39.21,37.2,39.12,2378000.0,39.12
2008-01-22,37.97,38.73,37.2,38.42,1796600.0,38.42
2008-01-18,39.1,39.9,38.21,38.49,2813400.0,38.49
2008-01-17,40.78,40.95,39.15,39.25,2439800.0,39.25
2008-01-16,40.6,40.96,40.35,40.52,2073900.0,40.52
2008-01-15,40.26,41.46,40.17,40.69,2153700.0,40.69
2008-01-14,40.89,40.89,40.29,40.68,1801100.0,40.68
2008-01-11,41.16,41.27,40.55,40.64,1653600.0,40.64
2008-01-10,41.35,42.02,41.27,41.62,1458830.0,41.62
2008-01-09,40.82,41.8,40.76,41.74,2055800.0,41.74
2008-01-08,40.41,41.03,40.4,40.55,1742000.0,40.55
2008-01-07,39.38,40.39,39.12,40.35,1625700.0,40.35
2008-01-04,39.59,39.87,39.07,39.07,1401100.0,39.07
2008-01-03,39.03,39.96,39.01,39.85,1798600.0,39.85
2008-01-02,39.36,39.46,38.7,38.97,1473400.0,38.97
2007-12-31,39.93,40.06,39.37,39.46,735300.0,39.46
2007-12-28,40.18,40.34,39.9,39.96,587900.0,39.96
2007-12-27,40.57,40.61,39.86,39.89,984800.0,39.89
2007-12-26,40.61,40.65,40.36,40.56,898500.0,40.56
2007-12-24,39.58,40.58,39.45,40.48,613500.0,40.48
2007-12-21,38.8,39.52,38.8,39.37,2400000.0,39.37
2007-12-20,39.96,40.02,38.86,39.0,3391400.0,39.0
2007-12-19,39.81,40.1,39.48,39.61,1755500.0,39.61
2007-12-18,40.62,40.67,39.7,39.81,3623800.0,39.81
2007-12-17,39.0,40.76,38.66,40.41,3801300.0,40.41
2007-12-14,39.64,39.64,39.17,39.27,2045900.0,39.27
2007-12-13,40.23,40.23,39.29,39.79,4787300.0,39.79
2007-12-12,40.66,41.03,39.7,40.66,4151900.0,40.66
2007-12-11,41.35,41.35,39.76,39.86,2240500.0,39.86
2007-12-10,41.28,41.76,41.2,41.37,1319600.0,41.37
2007-12-07,40.94,41.51,40.77,41.25,1667200.0,41.25
2007-12-06,40.99,41.27,40.61,40.78,1969200.0,40.78
2007-12-05,41.69,41.88,40.65,41.17,3268300.0,41.17
2007-12-04,42.04,42.7,42.04,42.49,1279400.0,42.49
2007-12-03,42.36,42.68,41.98,42.04,1627900.0,42.04
2007-11-30,42.71,42.96,42.12,42.67,2033600.0,42.67
2007-11-29,42.49,42.97,42.29,42.29,1490400.0,42.29
2007-11-28,42.97,43.03,42.47,42.71,2049200.0,42.71
2007-11-27,41.67,42.83,41.33,42.7,1768500.0,42.7
2007-11-26,41.64,42.57,41.53,41.53,1906100.0,41.53
2007-11-23,41.42,41.8,41.13,41.72,276100.0,41.72
2007-11-21,41.19,41.87,40.93,40.93,865900.0,40.93
2007-11-20,40.93,41.93,40.93,41.62,1424700.0,41.62
2007-11-19,40.96,41.29,40.87,40.94,1734800.0,40.94
2007-11-16,41.16,41.45,40.93,41.25,1922900.0,41.25
2007-11-15,41.39,41.93,40.8,40.92,1323500.0,40.92
2007-11-14,41.57,42.0,41.29,41.47,956100.0,41.47
2007-11-13,40.97,41.53,40.81,41.29,1530800.0,41.29
2007-11-12,41.31,41.5,40.71,40.71,1607000.0,40.71
2007-11-09,41.79,42.45,41.72,41.72,1617400.0,41.72
2007-11-08,40.9,42.48,40.9,42.26,1705400.0,42.26
2007-11-07,42.22,42.46,40.92,40.92,2030400.0,40.92
2007-11-06,42.27,42.77,42.07,42.66,1363800.0,42.66
2007-11-05,41.51,42.49,41.51,42.27,1164300.0,42.27
2007-11-02,41.59,42.22,41.19,42.08,1478900.0,42.08
2007-11-01,42.93,43.38,42.52,42.65,1446100.0,42.65
2007-10-31,43.08,43.37,42.68,43.08,1307000.0,43.08
2007-10-30,42.09,42.97,42.09,42.78,1758000.0,42.78
2007-10-29,41.45,42.1,41.31,42.09,2119900.0,42.09
2007-10-26,42.0,42.09,41.15,41.4,2066300.0,41.4
2007-10-25,41.89,42.21,41.7,41.94,1691400.0,41.94
2007-10-24,41.82,42.37,41.37,41.99,2313200.0,41.99
2007-10-23,41.09,41.97,41.0,41.97,2226700.0,41.97
2007-10-22,40.39,41.08,40.28,41.05,1177300.0,41.05
2007-10-19,41.07,41.48,40.54,40.56,1903300.0,40.56
2007-10-18,40.31,41.28,40.31,41.24,1650100.0,41.24
2007-10-17,41.01,41.18,40.49,40.68,1890500.0,40.68
2007-10-16,40.0,40.96,39.97,40.74,2226800.0,40.74
2007-10-15,39.71,40.6,39.71,40.1,2034600.0,40.1
2007-10-12,39.5,39.74,38.8,39.74,1524900.0,39.74
2007-10-11,40.65,40.79,39.59,39.84,1575400.0,39.84
2007-10-10,40.14,40.78,40.09,40.59,1867200.0,40.59
2007-10-09,40.0,40.42,39.84,40.15,1325400.0,40.15
2007-10-08,39.4,40.13,39.34,40.02,1717000.0,40.02
2007-10-05,39.75,39.99,38.83,39.1,1735400.0,39.1
2007-10-04,38.0,39.41,38.0,39.31,2443000.0,39.31
2007-10-03,37.65,38.16,37.11,38.03,2000700.0,38.03
2007-10-02,38.61,38.93,37.68,37.97,2870000.0,37.97
2007-10-01,37.53,37.53,37.12,37.19,1567000.0,37.19
2007-09-28,37.88,38.02,37.02,37.17,1562700.0,37.17
2007-09-27,37.76,38.34,37.68,37.84,959000.0,37.84
2007-09-26,36.96,38.04,36.91,37.76,1158500.0,37.76
2007-09-25,36.78,37.26,36.78,36.96,860400.0,36.96
2007-09-24,36.73,37.29,36.72,37.11,972100.0,37.11
2007-09-21,37.43,37.52,36.7,36.7,2310600.0,36.7
2007-09-20,37.14,37.34,36.86,36.99,1688000.0,36.99
2007-09-19,37.6,38.2,37.39,37.98,1545000.0,37.98
2007-09-18,36.87,37.47,36.77,37.42,920600.0,37.42
2007-09-17,37.1,37.15,36.71,36.79,872500.0,36.79
2007-09-14,36.92,37.35,36.84,37.2,1054200.0,37.2
2007-09-13,37.23,37.23,36.84,37.0,1041400.0,37.0
2007-09-12,36.75,37.24,36.46,37.06,1492400.0,37.06
2007-09-11,35.74,37.04,35.63,36.83,3641800.0,36.83
2007-09-10,34.72,35.69,34.72,35.53,1690600.0,35.53
2007-09-07,34.62,35.2,34.5,34.78,1585800.0,34.78
2007-09-06,35.03,35.83,34.78,34.78,1025600.0,34.78
2007-09-05,34.79,35.21,34.73,35.09,906500.0,35.09
2007-09-04,34.42,35.46,34.42,35.22,1158300.0,35.22
2007-08-31,34.9,35.0,34.43,34.59,1148400.0,34.59
2007-08-30,34.4,34.81,34.39,34.6,718700.0,34.6
2007-08-29,34.49,34.81,34.37,34.8,870300.0,34.8
2007-08-28,34.99,35.24,34.37,34.4,1132800.0,34.4
2007-08-27,35.64,35.64,35.21,35.21,671400.0,35.21
2007-08-24,35.25,35.85,35.14,35.64,1327100.0,35.64
2007-08-23,35.25,35.25,34.72,35.06,725100.0,35.06
2007-08-22,34.74,35.02,34.56,34.98,850800.0,34.98
2007-08-21,34.15,34.72,34.05,34.55,790700.0,34.55
2007-08-20,34.93,35.1,34.13,34.29,1304800.0,34.29
2007-08-17,34.3,34.93,33.79,34.89,1490000.0,34.89
2007-08-16,33.27,33.82,32.35,33.6,1566600.0,33.6
2007-08-15,34.14,34.76,33.59,33.61,1181600.0,33.61
2007-08-14,34.97,34.98,34.04,34.14,1057100.0,34.14
2007-08-13,34.08,35.36,34.08,34.86,1208500.0,34.86
2007-08-10,34.06,35.05,33.75,34.84,2114500.0,34.84
2007-08-09,35.32,35.86,33.98,34.16,2827100.0,34.16
2007-08-08,35.97,36.76,35.39,35.79,3494900.0,35.79
2007-08-07,34.65,36.39,34.65,36.02,3140700.0,36.02
2007-08-06,33.62,34.6,33.56,34.59,1956300.0,34.59
2007-08-03,34.05,34.41,33.27,33.36,1564800.0,33.36
2007-08-02,33.51,34.16,33.51,33.93,1615400.0,33.93
2007-08-01,33.39,33.81,33.2,33.76,2240600.0,33.76
2007-07-31,34.22,34.29,33.35,33.46,1690500.0,33.46
2007-07-30,34.17,34.21,33.59,34.14,1359600.0,34.14
2007-07-27,34.62,34.89,34.31,34.31,1796400.0,34.31
2007-07-26,35.07,35.45,34.36,34.75,1842600.0,34.75
2007-07-25,35.37,35.55,35.13,35.34,1394500.0,35.34
2007-07-24,35.02,35.34,34.81,35.04,1910600.0,35.04
2007-07-23,35.02,35.1,34.64,35.02,1057400.0,35.02
2007-07-20,35.37,35.53,34.78,34.91,1112200.0,34.91
2007-07-19,35.36,35.63,35.16,35.42,985800.0,35.42
2007-07-18,35.68,35.72,35.01,35.41,1307500.0,35.41
2007-07-17,36.23,36.28,35.62,35.68,1092600.0,35.68
2007-07-16,36.09,36.33,35.92,36.23,854900.0,36.23
2007-07-13,35.9,36.19,35.66,36.11,1099000.0,36.11
2007-07-12,35.92,36.14,35.73,36.0,1479600.0,36.0
2007-07-11,36.01,36.22,35.65,35.84,1475500.0,35.84
2007-07-10,35.95,36.47,35.06,35.74,4491000.0,35.74
2007-07-09,34.55,34.75,34.11,34.43,1780200.0,34.43
2007-07-06,34.18,34.61,34.01,34.52,1157700.0,34.52
2007-07-05,34.3,34.53,34.17,34.22,1028000.0,34.22
2007-07-03,34.33,34.39,34.07,34.14,573300.0,34.14
2007-07-02,33.87,34.23,33.87,34.07,1029200.0,34.07
2007-06-29,33.76,34.04,33.47,33.68,1166300.0,33.68
2007-06-28,33.69,34.03,33.63,33.69,934600.0,33.69
2007-06-27,33.44,33.75,33.1,33.69,792600.0,33.69
2007-06-26,33.95,34.08,33.38,33.44,1523000.0,33.44
2007-06-25,34.11,34.45,33.72,33.82,695000.0,33.82
2007-06-22,34.34,34.5,33.8,34.0,1493600.0,34.0
2007-06-21,34.06,34.56,33.85,34.35,1339600.0,34.35
2007-06-20,34.06,34.36,34.03,34.04,1440000.0,34.04
2007-06-19,34.14,34.14,33.87,34.06,852700.0,34.06
2007-06-18,34.15,34.25,34.0,34.13,484800.0,34.13
2007-06-15,34.07,34.32,34.0,34.2,1094800.0,34.2
2007-06-14,33.69,33.92,33.58,33.89,931100.0,33.89
2007-06-13,33.57,33.77,33.44,33.68,738800.0,33.68
2007-06-12,33.93,34.15,33.5,33.53,1072300.0,33.53
2007-06-11,33.64,34.0,33.64,33.93,858700.0,33.93
2007-06-08,33.47,33.79,33.37,33.79,710600.0,33.79
2007-06-07,34.05,34.12,33.45,33.47,1496000.0,33.47
2007-06-06,34.31,34.39,34.02,34.21,1164800.0,34.21
2007-06-05,34.86,35.23,34.42,34.42,1433400.0,34.42
2007-06-04,34.85,35.01,34.77,35.0,953900.0,35.0
2007-06-01,35.04,35.23,34.95,35.07,1721500.0,35.07
2007-05-31,34.88,35.1,34.78,34.99,2868300.0,34.99
2007-05-30,34.44,34.91,34.33,34.87,1926400.0,34.87
2007-05-29,34.35,34.7,34.34,34.6,1522600.0,34.6
2007-05-25,34.14,34.39,34.13,34.34,1014300.0,34.34
2007-05-24,34.08,34.38,34.08,34.19,1170700.0,34.19
2007-05-23,33.91,34.24,33.91,34.18,1040400.0,34.18
2007-05-22,33.89,33.99,33.69,33.81,854600.0,33.81
2007-05-21,33.82,33.92,33.75,33.79,996300.0,33.79
2007-05-18,33.56,33.99,33.48,33.91,890600.0,33.91
2007-05-17,33.67,33.85,33.5,33.5,606100.0,33.5
2007-05-16,33.5,33.71,33.5,33.65,1268800.0,33.65
2007-05-15,33.16,33.67,33.06,33.5,1254000.0,33.5
2007-05-14,33.14,33.32,33.03,33.11,685700.0,33.11
2007-05-11,33.2,33.41,33.02,33.14,860800.0,33.14
2007-05-10,33.16,33.38,32.88,33.05,1213100.0,33.05
2007-05-09,33.3,33.4,33.05,33.27,1163900.0,33.27
2007-05-08,33.4,33.55,33.24,33.29,958000.0,33.29
2007-05-07,33.52,33.6,33.36,33.46,731900.0,33.46
2007-05-04,33.5,33.52,33.23,33.51,1306300.0,33.51
2007-05-03,33.45,33.58,33.17,33.47,1636400.0,33.47
2007-05-02,33.1,33.33,33.02,33.26,1504000.0,33.26
2007-05-01,32.8,33.15,32.72,33.1,2231200.0,33.1
2007-04-30,32.47,32.98,32.47,32.81,1679900.0,32.81
2007-04-27,32.55,32.8,32.33,32.43,890300.0,32.43
2007-04-26,32.48,32.74,32.45,32.54,1397700.0,32.54
2007-04-25,32.45,32.65,32.27,32.48,1321200.0,32.48
2007-04-24,32.5,32.79,32.0,32.42,1791200.0,32.42
2007-04-23,32.61,32.61,31.68,31.99,2169800.0,31.99
2007-04-20,32.48,32.7,32.47,32.61,1224100.0,32.61
2007-04-19,33.43,33.43,32.39,32.48,530000.0,32.48
2007-04-18,33.02,33.02,32.61,32.61,560900.0,32.61
2007-04-17,32.69,32.84,32.48,32.65,1061000.0,32.65
2007-04-16,32.42,32.75,32.38,32.69,1181000.0,32.69
2007-04-13,31.94,32.4,31.84,32.21,1033400.0,32.21
2007-04-12,31.81,31.94,31.77,31.88,439800.0,31.88
2007-04-11,32.0,32.07,31.85,31.88,703200.0,31.88
2007-04-10,32.0,32.1,31.96,31.99,1077400.0,31.99
2007-04-09,32.35,32.39,31.96,32.0,1202600.0,32.0
2007-04-05,32.2,32.36,32.2,32.35,656800.0,32.35
2007-04-04,32.38,32.38,32.21,32.34,814300.0,32.34
2007-04-03,32.16,32.37,32.07,32.33,1068600.0,32.33
2007-04-02,31.95,32.34,31.92,32.1,1253400.0,32.1
2007-03-30,31.8,31.97,31.59,31.89,1156700.0,31.89
2007-03-29,31.9,31.96,31.69,31.8,843600.0,31.8
2007-03-28,31.73,31.91,31.65,31.75,851100.0,31.75
2007-03-27,31.74,31.8,31.55,31.73,1306800.0,31.73
2007-03-26,31.73,31.86,31.55,31.81,913100.0,31.81
2007-03-23,31.81,32.08,31.69,31.82,1059100.0,31.82
2007-03-22,31.53,31.81,31.46,31.76,1224800.0,31.76
2007-03-21,31.03,31.61,31.03,31.52,925900.0,31.52
2007-03-20,31.16,31.3,31.0,31.06,929200.0,31.06
2007-03-19,30.9,31.23,30.79,31.23,831500.0,31.23
2007-03-16,30.88,30.91,30.46,30.68,1534600.0,30.68
2007-03-15,30.64,30.99,30.61,30.84,748600.0,30.84
2007-03-14,30.58,30.7,30.22,30.58,1065300.0,30.58
2007-03-13,31.22,31.32,30.49,30.49,909500.0,30.49
2007-03-12,31.09,31.39,30.89,31.36,836400.0,31.36
2007-03-09,31.33,31.4,31.14,31.2,610800.0,31.2
2007-03-08,31.3,31.38,31.11,31.21,942800.0,31.21
2007-03-07,31.08,31.26,30.99,31.14,850300.0,31.14
2007-03-06,30.91,31.32,30.83,31.18,1284600.0,31.18
2007-03-05,30.83,31.17,30.71,30.86,1011700.0,30.86
2007-03-02,31.0,31.09,30.86,30.86,1134100.0,30.86
2007-03-01,31.0,31.2,30.51,31.12,1040400.0,31.12
2007-02-28,31.44,31.5,30.95,31.0,1563900.0,31.0
2007-02-27,32.25,32.47,31.24,31.35,1125200.0,31.35
2007-02-26,32.29,32.41,32.28,32.33,672500.0,32.33
2007-02-23,32.2,32.54,32.15,32.25,650500.0,32.25
2007-02-22,32.4,32.5,32.14,32.27,911200.0,32.27
2007-02-21,31.86,32.35,31.85,32.32,1025200.0,32.32
2007-02-20,31.95,32.07,31.83,31.89,1409900.0,31.89
2007-02-16,32.06,32.23,31.78,31.98,1148800.0,31.98
2007-02-15,31.91,32.25,31.91,32.19,852100.0,32.19
2007-02-14,31.7,32.12,31.68,31.91,1239000.0,31.91
2007-02-13,31.45,31.83,31.45,31.64,983700.0,31.64
2007-02-12,31.31,31.52,31.31,31.44,725900.0,31.44
2007-02-09,31.15,31.46,31.15,31.19,569800.0,31.19
2007-02-08,31.13,31.18,30.93,31.09,1121100.0,31.09
2007-02-07,31.27,31.31,31.07,31.12,711500.0,31.12
2007-02-06,31.36,31.51,31.23,31.27,1147200.0,31.27
2007-02-05,31.71,31.75,31.34,31.36,1120100.0,31.36
2007-02-02,31.86,31.98,31.7,31.76,603300.0,31.76
2007-02-01,31.65,31.88,31.55,31.88,858700.0,31.88
2007-01-31,31.52,31.7,31.33,31.63,969100.0,31.63
2007-01-30,31.89,31.89,31.4,31.66,1288500.0,31.66
2007-01-29,31.71,31.99,31.62,31.75,1174600.0,31.75
2007-01-26,31.6,31.81,31.55,31.76,742900.0,31.76
2007-01-25,31.71,31.77,31.6,31.62,644400.0,31.62
2007-01-24,31.37,31.81,31.35,31.79,899800.0,31.79
2007-01-23,31.51,31.54,31.32,31.38,1726700.0,31.38
2007-01-22,31.41,31.58,31.35,31.43,1404200.0,31.43
2007-01-19,31.77,31.8,31.36,31.43,1026200.0,31.43
2007-01-18,30.86,31.79,30.86,31.71,1000100.0,31.71
2007-01-17,31.51,31.77,31.41,31.61,951500.0,31.61
2007-01-16,31.43,31.65,31.26,31.51,1276500.0,31.51
2007-01-12,31.41,31.89,31.38,31.51,1823000.0,31.51
2007-01-11,31.1,31.57,30.9,31.52,2724700.0,31.52
2007-01-10,30.43,30.43,30.13,30.37,2958900.0,30.37
2007-01-09,30.5,30.54,30.2,30.33,2078700.0,30.33
2007-01-08,30.52,30.63,30.39,30.5,1849900.0,30.5
2007-01-05,30.48,30.65,30.46,30.57,1785600.0,30.57
2007-01-04,30.65,30.65,30.26,30.43,2586300.0,30.43
2007-01-03,30.97,31.78,30.66,30.78,1634300.0,30.78
2006-12-29,30.83,31.07,30.8,30.91,670900.0,30.91
2006-12-28,31.04,31.11,30.82,30.94,997600.0,30.94
2006-12-27,31.03,31.28,30.97,31.21,1240000.0,31.21
2006-12-26,30.82,31.0,30.71,30.94,1022300.0,30.94
2006-12-22,30.7,30.9,30.59,30.71,1424600.0,30.71
2006-12-21,31.32,31.36,30.71,30.83,2477100.0,30.83
2006-12-20,31.45,31.7,31.06,31.32,2196700.0,31.32
2006-12-19,31.62,31.74,31.49,31.65,1390500.0,31.65
2006-12-18,31.91,31.97,31.78,31.84,1170600.0,31.84
2006-12-15,31.94,32.3,31.84,31.91,1536000.0,31.91
2006-12-14,31.86,32.25,31.86,32.06,1612800.0,32.06
2006-12-13,32.04,32.04,31.74,31.8,1456900.0,31.8
2006-12-12,32.0,32.16,31.89,32.04,1767200.0,32.04
2006-12-11,31.96,32.07,31.85,32.0,1257900.0,32.0
2006-12-08,31.96,32.12,31.83,32.0,935400.0,32.0
2006-12-07,31.99,32.25,31.5,31.9,1296800.0,31.9
2006-12-06,32.1,32.28,31.98,31.98,1243200.0,31.98
2006-12-05,32.07,32.31,31.92,32.13,937600.0,32.13
2006-12-04,31.45,32.05,31.4,31.94,1399800.0,31.94
2006-12-01,31.35,31.51,31.29,31.38,1374400.0,31.38
2006-11-30,31.27,31.43,31.21,31.32,1389700.0,31.32
2006-11-29,31.18,31.29,30.87,31.19,1454400.0,31.19
2006-11-28,31.24,31.38,31.09,31.29,1483300.0,31.29
2006-11-27,31.9,32.0,31.34,31.35,1033300.0,31.35
2006-11-24,32.01,32.08,31.9,31.97,188200.0,31.97
2006-11-22,31.89,32.2,31.85,32.15,489500.0,32.15
2006-11-21,32.04,32.27,31.91,31.96,731200.0,31.96
2006-11-20,32.12,32.4,32.0,32.09,1004000.0,32.09
2006-11-17,32.22,32.5,32.1,32.24,801000.0,32.24
2006-11-16,32.1,32.37,31.91,32.31,1008600.0,32.31
2006-11-15,31.68,32.07,31.68,31.94,910600.0,31.94
2006-11-14,31.91,31.91,31.43,31.56,1633300.0,31.56
2006-11-13,31.84,32.13,31.62,31.94,937000.0,31.94
2006-11-10,32.05,32.08,31.76,31.91,1193800.0,31.91
2006-11-09,32.6,32.67,32.13,32.23,942700.0,32.23
2006-11-08,32.1,32.62,32.1,32.54,1222600.0,32.54
2006-11-07,32.2,32.32,31.76,32.2,1521200.0,32.2
2006-11-06,31.76,32.54,31.76,32.36,1061000.0,32.36
2006-11-03,31.85,31.92,31.65,31.66,1036200.0,31.66
2006-11-02,32.31,32.4,31.82,31.99,1321800.0,31.99
2006-11-01,31.72,31.95,31.55,31.85,1144300.0,31.85
2006-10-31,31.58,31.91,31.58,31.62,1138600.0,31.62
2006-10-30,31.81,31.89,31.65,31.71,1242600.0,31.71
2006-10-27,31.93,32.05,31.69,31.76,948200.0,31.76
2006-10-26,32.12,32.12,31.31,31.93,1895000.0,31.93
2006-10-25,32.28,32.29,31.91,32.12,1596600.0,32.12
2006-10-24,32.17,32.33,32.09,32.28,1758900.0,32.28
2006-10-23,32.01,32.64,32.0,32.35,1820500.0,32.35
2006-10-20,32.05,32.2,31.89,32.1,964100.0,32.1
2006-10-19,31.89,32.17,31.75,32.04,1609200.0,32.04
2006-10-18,31.87,32.22,31.8,32.08,1183600.0,32.08
2006-10-17,32.01,32.16,31.81,31.99,1704700.0,31.99
2006-10-16,32.44,32.52,32.0,32.35,1207800.0,32.35
2006-10-13,32.53,32.66,32.25,32.39,2257800.0,32.39
2006-10-12,32.21,32.77,32.13,32.67,1138500.0,32.67
2006-10-11,32.12,32.3,31.72,32.15,1530700.0,32.15
2006-10-10,32.73,32.81,31.99,32.03,1604900.0,32.03
2006-10-09,32.3,32.71,32.09,32.65,1499700.0,32.65
2006-10-06,32.7,32.7,32.22,32.55,1416800.0,32.55
2006-10-05,32.99,33.0,32.63,32.7,1945100.0,32.7
2006-10-04,32.65,33.25,32.42,32.95,2443200.0,32.95
2006-10-03,34.13,34.2,32.49,32.77,5272500.0,32.77
2006-10-02,35.5,35.5,34.85,35.23,1270800.0,35.23
2006-09-29,35.6,35.73,35.24,35.5,1381000.0,35.5
2006-09-28,35.58,35.83,35.47,35.63,1527300.0,35.63
2006-09-27,35.21,35.68,35.1,35.66,1020100.0,35.66
2006-09-26,35.08,35.39,34.88,35.28,968900.0,35.28
2006-09-25,34.4,35.12,34.33,34.95,1084500.0,34.95
2006-09-22,34.54,34.64,34.13,34.27,832300.0,34.27
2006-09-21,34.71,34.85,34.39,34.46,1283400.0,34.46
2006-09-20,34.55,34.92,34.52,34.7,768300.0,34.7
2006-09-19,34.33,34.64,34.32,34.56,1539700.0,34.56
2006-09-18,34.48,34.48,33.83,34.32,1145700.0,34.32
2006-09-15,34.49,34.66,34.28,34.62,1510000.0,34.62
2006-09-14,33.96,34.38,33.94,34.26,1050100.0,34.26
2006-09-13,33.89,34.02,33.64,34.0,901700.0,34.0
2006-09-12,34.03,34.07,33.87,33.99,1603400.0,33.99
2006-09-11,34.05,34.17,33.96,34.05,2232400.0,34.05
2006-09-08,34.0,34.12,33.54,34.05,2027100.0,34.05
2006-09-07,34.18,34.29,33.91,33.93,1091100.0,33.93
2006-09-06,34.21,34.43,34.07,34.18,1162000.0,34.18
2006-09-05,34.39,34.68,34.16,34.39,1660400.0,34.39
2006-09-01,35.09,35.23,35.03,35.08,678800.0,35.08
2006-08-31,35.16,35.17,34.97,35.01,863400.0,35.01
2006-08-30,34.96,35.2,34.85,34.92,757500.0,34.92
2006-08-29,34.89,35.05,34.74,35.01,802900.0,35.01
2006-08-28,34.39,34.87,34.35,34.78,999400.0,34.78
2006-08-25,34.25,34.53,34.24,34.38,878200.0,34.38
2006-08-24,34.4,34.67,34.34,34.42,1609800.0,34.42
2006-08-23,34.3,34.83,34.19,34.23,1762800.0,34.23
2006-08-22,33.72,34.04,33.66,33.97,1030000.0,33.97
2006-08-21,33.69,34.03,33.69,33.92,959200.0,33.92
2006-08-18,33.64,33.7,33.42,33.59,1018400.0,33.59
2006-08-17,33.99,34.0,33.36,33.4,1365500.0,33.4
2006-08-16,34.0,34.04,33.8,34.0,802300.0,34.0
2006-08-15,33.18,34.24,33.18,34.0,1101900.0,34.0
2006-08-14,33.89,34.04,33.87,33.95,930500.0,33.95
2006-08-11,33.91,34.04,33.79,33.87,1580100.0,33.87
2006-08-10,33.48,33.83,33.44,33.83,1496800.0,33.83
2006-08-09,34.1,34.1,33.41,33.48,2775700.0,33.48
2006-08-08,33.72,34.03,33.59,33.87,1326500.0,33.87
2006-08-07,33.75,33.85,33.56,33.68,765900.0,33.68
2006-08-04,33.95,33.96,33.57,33.63,900300.0,33.63
2006-08-03,33.97,34.07,33.8,33.9,1038800.0,33.9
2006-08-02,33.65,34.09,33.65,33.96,1392300.0,33.96
2006-08-01,33.26,33.61,33.21,33.5,1155100.0,33.5
2006-07-31,33.3,33.42,33.11,33.25,1253500.0,33.25
2006-07-28,33.36,33.5,32.95,33.32,1524000.0,33.32
2006-07-27,33.7,33.75,33.26,33.35,2378300.0,33.35
2006-07-26,33.45,33.8,33.35,33.56,1718600.0,33.56
2006-07-25,33.45,33.71,33.22,33.48,1949100.0,33.48
2006-07-24,33.98,34.04,33.49,33.5,1851700.0,33.5
2006-07-21,34.0,34.05,33.89,33.89,1192800.0,33.89
2006-07-20,34.0,34.12,33.87,33.98,1296400.0,33.98
2006-07-19,33.99,34.12,33.88,34.01,1506600.0,34.01
2006-07-18,33.48,33.92,33.36,33.92,1208500.0,33.92
2006-07-17,33.28,33.61,33.28,33.46,788000.0,33.46
2006-07-14,33.84,33.88,33.13,33.38,1515400.0,33.38
2006-07-13,34.29,34.36,33.77,33.87,1420400.0,33.87
2006-07-12,33.96,34.77,33.95,34.29,3140600.0,34.29
2006-07-11,32.8,34.67,32.53,33.96,5012200.0,33.96
2006-07-10,32.45,32.48,32.3,32.35,1290800.0,32.35
2006-07-07,32.35,32.45,32.25,32.35,1098000.0,32.35
2006-07-06,32.27,32.44,32.25,32.36,971300.0,32.36
2006-07-05,32.63,32.63,32.02,32.26,1288100.0,32.26
2006-07-03,32.22,32.67,32.12,32.67,674200.0,32.67
2006-06-30,32.22,32.37,32.0,32.15,1399900.0,32.15
2006-06-29,31.98,32.2,31.92,32.18,1588900.0,32.18
2006-06-28,31.7,31.79,31.57,31.78,776500.0,31.78
2006-06-27,31.81,31.98,31.64,31.71,1106800.0,31.71
2006-06-26,31.85,31.9,31.6,31.8,797200.0,31.8
2006-06-23,31.84,31.98,31.75,31.75,777200.0,31.75
2006-06-22,31.89,31.98,31.6,31.8,919800.0,31.8
2006-06-21,31.42,32.14,31.3,32.01,1914100.0,32.01
2006-06-20,30.98,31.44,30.85,31.35,1741900.0,31.35
2006-06-19,31.15,31.27,30.81,30.94,1073500.0,30.94
2006-06-16,31.08,31.38,31.04,31.12,563000.0,31.12
2006-06-15,30.84,31.18,30.66,31.14,767400.0,31.14
2006-06-14,30.9,31.05,30.66,30.83,1033800.0,30.83
2006-06-13,31.25,31.42,30.85,30.94,1152700.0,30.94
2006-06-12,31.23,31.49,31.2,31.3,797800.0,31.3
2006-06-09,31.28,31.46,31.11,31.24,883400.0,31.24
2006-06-08,31.26,31.57,30.96,31.34,1507000.0,31.34
2006-06-07,31.28,31.53,31.14,31.27,892400.0,31.27
2006-06-06,31.3,31.48,31.04,31.35,1071600.0,31.35
2006-06-05,31.35,31.57,31.17,31.25,1184800.0,31.25
2006-06-02,31.42,31.49,31.2,31.44,1035500.0,31.44
2006-06-01,31.39,31.61,31.3,31.42,966500.0,31.42
2006-05-31,31.18,31.45,31.16,31.34,1024800.0,31.34
2006-05-30,31.11,31.49,31.02,31.15,1090400.0,31.15
2006-05-26,31.2,31.42,31.11,31.23,846300.0,31.23
2006-05-25,30.75,31.18,30.69,31.12,1616700.0,31.12
2006-05-24,30.82,30.92,30.44,30.65,2265300.0,30.65
2006-05-23,30.8,31.09,30.74,30.75,2399900.0,30.75
2006-05-22,30.77,31.07,30.6,30.63,1170800.0,30.63
2006-05-19,31.05,31.07,30.68,30.78,1312800.0,30.78
2006-05-18,31.26,31.31,30.91,30.95,774400.0,30.95
2006-05-17,31.45,31.51,31.05,31.26,1251100.0,31.26
2006-05-16,31.37,31.64,31.24,31.55,1213600.0,31.55
2006-05-15,31.34,31.6,31.03,31.4,1142500.0,31.4
2006-05-12,31.52,31.64,31.24,31.34,1056400.0,31.34
2006-05-11,32.1,32.12,31.56,31.57,895900.0,31.57
2006-05-10,32.0,32.24,31.91,32.15,776900.0,32.15
2006-05-09,32.08,32.19,31.91,32.0,1104600.0,32.0
2006-05-08,32.22,32.49,32.13,32.14,735300.0,32.14
2006-05-05,32.4,32.68,32.17,32.3,1559000.0,32.3
2006-05-04,32.19,32.47,32.05,32.27,1385600.0,32.27
2006-05-03,31.95,32.21,31.83,32.08,1082400.0,32.08
2006-05-02,32.0,32.07,31.76,31.94,1168000.0,31.94
2006-05-01,32.1,32.22,31.84,31.86,1289900.0,31.86
2006-04-28,31.84,32.22,31.77,32.1,1423700.0,32.1
2006-04-27,31.97,32.24,31.61,31.92,1984600.0,31.92
2006-04-26,31.8,31.99,31.76,31.96,1821000.0,31.96
2006-04-25,31.53,31.97,31.45,31.72,1358500.0,31.72
2006-04-24,31.63,31.74,31.44,31.59,955200.0,31.59
2006-04-21,31.4,31.74,31.31,31.68,1149400.0,31.68
2006-04-20,31.05,31.47,31.0,31.37,1384900.0,31.37
2006-04-19,31.09,31.21,30.73,31.09,1840300.0,31.09
2006-04-18,31.94,32.16,31.25,31.25,1767600.0,31.25
2006-04-17,31.5,31.85,31.44,31.65,945100.0,31.65
2006-04-13,31.58,31.74,31.36,31.51,935200.0,31.51
2006-04-12,31.55,31.77,31.49,31.56,833600.0,31.56
2006-04-11,31.98,32.0,31.33,31.46,1190500.0,31.46
2006-04-10,31.63,32.0,31.62,31.89,1194100.0,31.89
2006-04-07,31.14,31.71,31.04,31.65,1475300.0,31.65
2006-04-06,30.98,31.28,30.98,31.18,957400.0,31.18
2006-04-05,30.99,31.1,30.72,30.98,1926400.0,30.98
2006-04-04,30.45,30.63,30.3,30.49,470900.0,30.49
2006-04-03,30.41,30.6,30.39,30.49,779600.0,30.49
2006-03-31,30.36,30.75,30.36,30.39,1095600.0,30.39
2006-03-30,30.64,30.74,30.42,30.42,570700.0,30.42
2006-03-29,30.55,30.89,30.45,30.74,698900.0,30.74
2006-03-28,30.5,30.87,30.44,30.49,783100.0,30.49
2006-03-27,30.62,30.67,30.32,30.48,640300.0,30.48
2006-03-24,30.78,30.87,30.55,30.74,319600.0,30.74
2006-03-23,30.83,31.0,30.75,30.78,1015100.0,30.78
2006-03-22,30.68,30.96,30.68,30.88,642600.0,30.88
2006-03-21,30.54,30.82,30.32,30.69,1016800.0,30.69
2006-03-20,30.36,30.65,30.36,30.54,915300.0,30.54
2006-03-17,30.45,30.49,30.33,30.41,718400.0,30.41
2006-03-16,29.92,30.58,29.92,30.39,1165600.0,30.39
2006-03-15,29.86,29.98,29.79,29.91,809900.0,29.91
2006-03-14,29.75,29.96,29.58,29.9,588700.0,29.9
2006-03-13,29.7,29.98,29.67,29.78,978400.0,29.78
2006-03-10,29.52,29.81,29.5,29.63,711600.0,29.63
2006-03-09,29.5,29.67,29.45,29.52,580000.0,29.52
2006-03-08,29.5,29.68,29.5,29.53,560300.0,29.53
2006-03-07,29.58,29.7,29.56,29.57,555700.0,29.57
2006-03-06,29.6,29.88,29.51,29.65,769400.0,29.65
2006-03-03,29.3,29.78,29.25,29.55,998100.0,29.55
2006-03-02,29.25,29.45,29.25,29.43,674400.0,29.43
2006-03-01,29.26,29.43,29.2,29.38,644500.0,29.38
2006-02-28,29.27,29.54,29.27,29.36,750100.0,29.36
2006-02-27,29.42,29.6,29.42,29.48,584000.0,29.48
2006-02-24,29.36,29.47,29.21,29.43,570500.0,29.43
2006-02-23,29.3,29.52,29.3,29.39,447500.0,29.39
2006-02-22,29.55,29.75,29.44,29.5,621200.0,29.5
2006-02-21,29.35,29.55,29.19,29.48,859000.0,29.48
2006-02-17,29.1,29.51,29.01,29.31,774500.0,29.31
2006-02-16,28.97,29.15,28.94,29.11,620100.0,29.11
2006-02-15,28.75,29.06,28.75,28.99,739300.0,28.99
2006-02-14,28.61,28.84,28.54,28.75,757700.0,28.75
2006-02-13,28.85,28.95,28.49,28.6,734900.0,28.6
2006-02-10,28.86,28.99,28.68,28.97,455600.0,28.97
2006-02-09,28.89,29.01,28.8,28.89,731800.0,28.89
2006-02-08,29.02,29.07,28.57,28.84,818300.0,28.84
2006-02-07,28.89,29.22,28.89,29.01,762100.0,29.01
2006-02-06,28.95,28.99,28.76,28.9,658100.0,28.9
2006-02-03,28.55,29.0,28.55,28.95,796300.0,28.95
2006-02-02,29.0,29.05,28.65,28.67,752500.0,28.67
2006-02-01,29.12,29.45,28.98,29.07,979800.0,29.07
2006-01-31,29.3,29.6,28.86,29.0,1105800.0,29.0
2006-01-30,28.49,29.54,28.45,29.37,1538100.0,29.37
2006-01-27,28.25,28.59,28.05,28.49,453800.0,28.49
2006-01-26,28.24,28.64,28.18,28.24,736100.0,28.24
2006-01-25,28.38,28.45,28.0,28.09,776000.0,28.09
2006-01-24,28.23,28.44,28.22,28.25,856800.0,28.25
2006-01-23,28.36,28.39,27.99,28.1,1015300.0,28.1
2006-01-20,28.65,28.72,28.27,28.36,912800.0,28.36
2006-01-19,28.98,29.04,28.78,28.79,566400.0,28.79
2006-01-18,29.11,29.27,28.87,28.96,861100.0,28.96
2006-01-17,29.46,29.52,29.14,29.25,459800.0,29.25
2006-01-13,29.6,29.85,29.53,29.69,496000.0,29.69
2006-01-12,29.55,29.84,29.49,29.49,1037000.0,29.49
2006-01-11,29.35,29.42,29.18,29.35,480300.0,29.35
2006-01-10,29.48,29.57,29.17,29.25,608300.0,29.25
2006-01-09,29.34,29.63,29.25,29.52,771300.0,29.52
2006-01-06,29.3,29.44,29.15,29.38,1454800.0,29.38
2006-01-05,28.75,29.15,28.58,29.15,1380500.0,29.15
2006-01-04,28.84,29.06,28.66,28.81,1299600.0,28.81
2006-01-03,28.84,28.87,28.53,28.74,844400.0,28.74
2005-12-30,28.66,28.75,28.5,28.61,800800.0,28.61
2005-12-29,28.96,29.0,28.52,28.79,1256100.0,28.79
2005-12-28,29.25,29.35,28.81,28.95,867200.0,28.95
2005-12-27,29.46,29.68,29.25,29.25,552400.0,29.25
2005-12-23,29.57,29.58,29.32,29.39,471500.0,29.39
2005-12-22,29.71,29.93,29.5,29.57,496600.0,29.57
2005-12-21,30.08,30.11,29.61,29.7,405300.0,29.7
2005-12-20,29.58,29.97,29.54,29.92,630800.0,29.92
2005-12-19,29.46,30.02,29.26,29.48,834100.0,29.48
2005-12-16,29.48,29.73,29.3,29.46,851900.0,29.46
2005-12-15,29.18,29.6,29.18,29.6,491300.0,29.6
2005-12-14,29.14,29.35,29.01,29.18,572500.0,29.18
2005-12-13,29.31,29.44,29.05,29.1,801100.0,29.1
2005-12-12,29.45,29.45,29.13,29.36,662700.0,29.36
2005-12-09,29.35,29.47,29.27,29.34,435000.0,29.34
2005-12-08,29.3,29.4,29.12,29.3,652100.0,29.3
2005-12-07,29.67,29.67,29.19,29.35,1050300.0,29.35
2005-12-06,30.05,30.1,29.72,29.76,529300.0,29.76
2005-12-05,30.02,30.1,29.87,30.03,507100.0,30.03
2005-12-02,29.95,30.13,28.84,30.12,409600.0,30.12
2005-12-01,29.66,30.09,29.66,30.0,687600.0,30.0
2005-11-30,30.0,30.09,29.48,29.5,1034800.0,29.5
2005-11-29,30.05,30.13,29.9,30.0,671400.0,30.0
2005-11-28,30.3,30.32,30.0,30.01,441700.0,30.01
2005-11-25,30.32,30.33,30.13,30.3,217700.0,30.3
2005-11-23,29.89,30.35,29.79,30.28,588100.0,30.28
2005-11-22,29.44,29.81,29.43,29.79,787600.0,29.79
2005-11-21,29.48,29.59,29.44,29.57,238800.0,29.57
2005-11-18,29.49,29.53,29.31,29.49,396600.0,29.49
2005-11-17,29.4,29.41,29.14,29.36,520800.0,29.36
2005-11-16,29.3,29.35,29.1,29.25,505600.0,29.25
2005-11-15,29.29,29.35,29.23,29.26,749800.0,29.26
2005-11-14,29.27,29.37,29.1,29.3,583600.0,29.3
2005-11-11,29.28,29.39,29.16,29.29,519700.0,29.29
2005-11-10,28.85,29.41,28.77,29.27,624900.0,29.27
2005-11-09,28.59,28.88,28.5,28.84,455300.0,28.84
2005-11-08,28.53,28.7,28.49,28.65,411900.0,28.65
2005-11-07,28.58,28.82,28.57,28.71,364500.0,28.71
2005-11-04,28.79,28.86,28.45,28.53,483200.0,28.53
2005-11-03,29.18,29.19,28.71,28.71,766300.0,28.71
2005-11-02,29.25,29.27,28.96,29.09,1848200.0,29.09
2005-11-01,28.44,28.73,28.44,28.64,566900.0,28.64
2005-10-31,28.28,28.69,28.27,28.43,886300.0,28.43
2005-10-28,28.0,28.3,27.96,28.28,827900.0,28.28
2005-10-27,27.67,27.86,27.5,27.79,959800.0,27.79
2005-10-26,27.68,28.01,27.56,27.7,973100.0,27.7
2005-10-25,27.6,27.79,27.52,27.72,472100.0,27.72
2005-10-24,27.57,27.81,27.55,27.67,471900.0,27.67
2005-10-21,27.41,27.56,27.1,27.49,787100.0,27.49
2005-10-20,27.75,27.83,27.17,27.3,593100.0,27.3
2005-10-19,27.68,27.78,27.34,27.74,482200.0,27.74
2005-10-18,27.76,27.91,27.54,27.65,465800.0,27.65
2005-10-17,27.64,27.84,27.47,27.76,579500.0,27.76
2005-10-14,27.58,27.82,27.45,27.67,495500.0,27.67
2005-10-13,27.43,27.62,27.33,27.48,700300.0,27.48
2005-10-12,27.72,27.94,27.41,27.43,1011300.0,27.43
2005-10-11,27.6,27.94,27.58,27.84,998800.0,27.84
2005-10-10,27.71,27.75,27.51,27.61,962900.0,27.61
2005-10-07,27.89,27.99,27.68,27.71,1067100.0,27.71
2005-10-06,28.0,28.08,27.6,27.75,1288400.0,27.75
2005-10-05,28.15,28.3,27.95,28.0,991100.0,28.0
2005-10-04,28.5,28.51,28.15,28.2,1437600.0,28.2
2005-10-03,28.47,28.57,28.38,28.5,858300.0,28.5
2005-09-30,28.51,28.6,28.44,28.55,667300.0,28.55
2005-09-29,28.52,28.6,28.15,28.53,1153800.0,28.53
2005-09-28,28.52,28.61,28.21,28.4,1112300.0,28.4
2005-09-27,28.25,28.77,27.9,28.46,2606500.0,28.46
2005-09-26,27.2,27.75,27.2,27.61,1686400.0,27.61
2005-09-23,26.97,27.29,26.75,27.07,1092500.0,27.07
2005-09-22,26.75,26.98,26.72,26.94,1055400.0,26.94
2005-09-21,27.0,27.01,26.66,26.8,1570700.0,26.8
2005-09-20,27.6,27.61,26.8,27.09,2003800.0,27.09
2005-09-19,28.18,28.18,27.85,28.04,1403900.0,28.04
2005-09-16,28.41,28.74,27.91,28.13,4991800.0,28.13
2005-09-15,28.2,28.46,28.08,28.4,1430300.0,28.4
2005-09-14,28.56,28.69,28.02,28.2,1748700.0,28.2
2005-09-13,28.65,28.81,28.47,28.54,1070700.0,28.54
2005-09-12,28.57,28.9,28.55,28.83,1220500.0,28.83
2005-09-09,28.85,28.9,28.58,28.59,1131500.0,28.59
2005-09-08,28.91,29.07,28.7,28.84,1081100.0,28.84
2005-09-07,29.29,29.29,28.86,29.07,1223500.0,29.07
2005-09-06,29.22,29.5,29.13,29.36,705500.0,29.36
2005-09-02,29.29,29.43,29.16,29.23,366100.0,29.23
2005-09-01,29.61,29.7,29.31,29.36,548300.0,29.36
2005-08-31,28.9,29.49,28.7,29.48,748600.0,29.48
2005-08-30,29.05,29.2,28.71,28.94,810000.0,28.94
2005-08-29,28.55,29.25,28.54,29.13,648000.0,29.13
2005-08-26,28.65,28.84,28.5,28.69,429400.0,28.69
2005-08-25,28.66,28.96,28.52,28.77,454700.0,28.77
2005-08-24,29.02,29.1,28.66,28.66,695600.0,28.66
2005-08-23,29.16,29.22,29.0,29.0,581200.0,29.0
2005-08-22,29.1,29.22,28.99,29.11,444800.0,29.11
2005-08-19,29.23,29.25,28.96,29.02,393400.0,29.02
2005-08-18,29.1,29.18,29.01,29.1,431900.0,29.1
2005-08-17,29.16,29.21,29.08,29.15,506000.0,29.15
2005-08-16,29.38,29.39,29.12,29.16,534600.0,29.16
2005-08-15,29.27,29.46,29.2,29.39,408900.0,29.39
2005-08-12,29.51,29.56,29.29,29.33,317800.0,29.33
2005-08-11,29.47,29.64,29.41,29.57,381300.0,29.57
2005-08-10,29.42,29.85,29.41,29.47,517600.0,29.47
2005-08-09,29.56,29.62,29.34,29.4,602100.0,29.4
2005-08-08,29.33,29.46,29.3,29.46,659300.0,29.46
2005-08-05,29.6,29.6,29.15,29.15,464800.0,29.15
2005-08-04,29.85,29.87,29.5,29.68,766300.0,29.68
2005-08-03,29.47,30.01,29.42,30.01,1386000.0,30.01
2005-08-02,29.34,29.56,29.25,29.52,722800.0,29.52
2005-08-01,29.17,29.33,29.09,29.31,693200.0,29.31
2005-07-29,29.3,29.47,29.15,29.16,636300.0,29.16
2005-07-28,29.44,29.45,28.95,29.23,1163900.0,29.23
2005-07-27,29.45,29.54,29.33,29.45,543600.0,29.45
2005-07-26,29.44,29.53,29.26,29.41,969400.0,29.41
2005-07-25,29.52,29.53,29.2,29.32,583400.0,29.32
2005-07-22,29.63,29.7,29.34,29.61,730200.0,29.61
2005-07-21,29.98,29.99,29.6,29.75,742400.0,29.75
2005-07-20,29.66,29.99,29.65,29.96,1067300.0,29.96
2005-07-19,29.5,29.8,29.45,29.75,1162800.0,29.75
2005-07-18,29.56,29.72,29.38,29.45,926400.0,29.45
2005-07-15,29.55,29.59,29.42,29.56,643700.0,29.56
2005-07-14,29.58,29.76,29.53,29.55,965900.0,29.55
2005-07-13,29.41,29.49,29.33,29.35,869700.0,29.35
2005-07-12,29.76,29.84,29.3,29.5,1232900.0,29.5
2005-07-11,29.84,29.85,29.57,29.77,1691300.0,29.77
2005-07-08,29.92,30.16,29.8,29.96,1192600.0,29.96
2005-07-07,28.5,30.2,28.5,30.03,3540300.0,30.03
2005-07-06,28.65,28.65,28.04,28.2,1490800.0,28.2
2005-07-05,28.24,28.83,28.23,28.75,1217800.0,28.75
2005-07-01,28.35,28.52,27.77,28.38,1811000.0,28.38
2005-06-30,28.99,28.99,28.55,28.61,1170700.0,28.61
2005-06-29,28.7,28.91,28.7,28.81,684200.0,28.81
2005-06-28,28.6,28.83,28.6,28.7,1018100.0,28.7
2005-06-27,28.28,28.56,28.23,28.54,1719500.0,28.54
2005-06-24,28.56,28.64,28.39,28.45,1035700.0,28.45
2005-06-23,28.84,28.9,28.57,28.65,1136800.0,28.65
2005-06-22,29.05,29.06,28.67,28.8,999800.0,28.8
2005-06-21,29.14,29.14,28.88,28.95,532300.0,28.95
2005-06-20,28.87,29.14,28.82,29.09,748500.0,29.09
2005-06-17,28.75,28.92,28.6,28.89,1097400.0,28.89
2005-06-16,28.75,28.79,28.65,28.74,606700.0,28.74
2005-06-15,28.77,28.9,28.68,28.79,736000.0,28.79
2005-06-14,28.92,29.04,28.72,28.77,895500.0,28.77
2005-06-13,28.94,29.04,28.79,28.92,595000.0,28.92
2005-06-10,29.0,29.05,28.71,28.89,498000.0,28.89
2005-06-09,28.98,29.08,28.8,28.99,1008900.0,28.99
2005-06-08,28.97,29.01,28.75,28.91,1570700.0,28.91
2005-06-07,28.78,29.0,28.66,28.93,677300.0,28.93
2005-06-06,28.47,28.66,28.44,28.58,495800.0,28.58
2005-06-03,28.8,28.92,28.49,28.5,821300.0,28.5
2005-06-02,28.75,28.77,28.62,28.68,509700.0,28.68
2005-06-01,28.46,28.86,28.37,28.7,1030700.0,28.7
2005-05-31,28.3,28.49,28.22,28.37,1064700.0,28.37
2005-05-27,28.52,28.58,28.25,28.36,651000.0,28.36
2005-05-26,28.59,28.76,28.51,28.52,757200.0,28.52
2005-05-25,28.73,28.78,28.52,28.58,639300.0,28.58
2005-05-24,28.78,28.85,28.59,28.73,657700.0,28.73
2005-05-23,28.55,28.86,28.39,28.77,578300.0,28.77
2005-05-20,28.65,28.65,28.4,28.6,518900.0,28.6
2005-05-19,28.52,28.62,28.43,28.59,721700.0,28.59
2005-05-18,28.7,28.75,28.49,28.54,941600.0,28.54
2005-05-17,28.49,28.63,28.15,28.59,752000.0,28.59
2005-05-16,28.28,28.59,28.25,28.54,667400.0,28.54
2005-05-13,28.6,28.6,27.9,28.18,820100.0,28.18
2005-05-12,28.83,28.91,28.3,28.49,726300.0,28.49
2005-05-11,28.9,28.99,28.58,28.88,604300.0,28.88
2005-05-10,28.9,29.0,28.71,28.86,932300.0,28.86
2005-05-09,28.27,28.99,28.27,28.94,890200.0,28.94
2005-05-06,28.48,28.67,28.29,28.32,410600.0,28.32
2005-05-05,28.7,28.75,28.2,28.43,697700.0,28.43
2005-05-04,28.38,28.8,28.34,28.76,835300.0,28.76
2005-05-03,28.41,28.5,28.06,28.27,784700.0,28.27
2005-05-02,28.65,28.82,28.21,28.36,761900.0,28.36
2005-04-29,28.45,28.67,28.22,28.67,1043400.0,28.67
2005-04-28,28.39,28.72,28.22,28.33,1052500.0,28.33
2005-04-27,28.2,28.74,28.02,28.58,1795500.0,28.58
2005-04-26,28.3,28.43,28.17,28.24,1260500.0,28.24
2005-04-25,28.09,28.5,28.07,28.37,870400.0,28.37
2005-04-22,28.26,28.42,27.89,28.07,1414800.0,28.07
2005-04-21,28.15,28.45,28.0,28.26,1061100.0,28.26
2005-04-20,28.22,28.23,27.89,28.0,913600.0,28.0
2005-04-19,28.5,28.57,28.07,28.34,769600.0,28.34
2005-04-18,28.65,28.77,28.24,28.39,988300.0,28.39
2005-04-15,28.5,28.96,28.46,28.59,1308100.0,28.59
2005-04-14,28.91,29.01,28.52,28.68,1857900.0,28.68
2005-04-13,29.56,29.65,28.74,28.8,1703900.0,28.8
2005-04-12,28.4,30.04,28.39,29.74,4491800.0,29.74
2005-04-11,27.15,27.3,26.95,27.05,1600500.0,27.05
2005-04-08,27.62,27.7,27.05,27.08,774400.0,27.08
2005-04-07,27.57,27.72,27.54,27.65,570000.0,27.65
2005-04-06,27.4,27.62,27.4,27.54,611100.0,27.54
2005-04-05,27.5,27.72,27.36,27.41,669200.0,27.41
2005-04-04,27.4,27.6,27.12,27.48,766800.0,27.48
2005-04-01,27.85,27.85,27.26,27.45,1213400.0,27.45
2005-03-31,27.96,28.09,27.77,27.85,820300.0,27.85
2005-03-30,27.53,27.96,27.53,27.89,1199000.0,27.89
2005-03-29,27.53,27.78,27.5,27.59,795600.0,27.59
2005-03-28,27.74,27.98,27.56,27.57,831500.0,27.57
2005-03-24,27.63,27.75,27.3,27.75,1224800.0,27.75
2005-03-23,27.6,27.85,27.51,27.66,913900.0,27.66
2005-03-22,27.9,27.97,27.54,27.63,990400.0,27.63
2005-03-21,27.89,28.05,27.75,27.84,843300.0,27.84
2005-03-18,27.84,28.29,27.71,27.82,5134700.0,27.82
2005-03-17,28.14,28.19,27.76,27.83,1063100.0,27.83
2005-03-16,28.0,28.12,27.77,27.97,996000.0,27.97
2005-03-15,28.51,28.63,27.91,28.01,1428300.0,28.01
2005-03-14,28.5,29.13,28.5,28.5,1853100.0,28.5
2005-03-11,27.9,27.99,27.63,27.71,1120600.0,27.71
2005-03-10,27.63,28.07,27.43,27.81,961300.0,27.81
2005-03-09,27.72,27.85,27.5,27.58,804100.0,27.58
2005-03-08,27.93,27.99,27.64,27.77,750100.0,27.77
2005-03-07,28.3,28.3,27.87,27.95,935900.0,27.95
2005-03-04,28.35,28.41,28.14,28.32,686100.0,28.32
2005-03-03,28.6,28.6,28.1,28.2,830100.0,28.2
2005-03-02,27.98,28.89,27.92,28.38,2575100.0,28.38
2005-03-01,27.58,28.5,27.58,27.97,1719000.0,27.97
2005-02-28,26.95,27.27,26.7,27.22,1154900.0,27.22
2005-02-25,26.85,27.09,26.85,27.09,734300.0,27.09
2005-02-24,26.65,26.92,26.52,26.88,707600.0,26.88
2005-02-23,27.17,27.17,26.55,26.68,1264500.0,26.68
2005-02-22,27.3,27.35,26.97,27.09,890000.0,27.09
2005-02-18,27.24,27.41,27.09,27.39,660800.0,27.39
2005-02-17,27.75,27.76,27.2,27.2,590500.0,27.2
2005-02-16,27.4,27.89,27.38,27.85,895100.0,27.85
2005-02-15,27.7,27.75,27.36,27.41,887500.0,27.41
2005-02-14,28.17,28.19,27.69,27.7,900800.0,27.7
2005-02-11,27.87,28.16,27.69,28.16,748900.0,28.16
2005-02-10,27.78,27.9,27.6,27.87,871400.0,27.87
2005-02-09,27.65,27.79,27.51,27.69,811300.0,27.69
2005-02-08,27.99,28.03,27.69,27.94,771200.0,27.94
2005-02-07,27.99,28.09,27.87,27.98,856600.0,27.98
2005-02-04,27.51,28.1,27.45,28.02,1179100.0,28.02
2005-02-03,27.51,27.53,27.29,27.43,994000.0,27.43
2005-02-02,27.45,27.51,27.2,27.51,637600.0,27.51
2005-02-01,27.38,27.39,27.14,27.29,696200.0,27.29
2005-01-31,27.45,27.45,27.2,27.35,970200.0,27.35
2005-01-28,26.91,26.95,26.58,26.86,989000.0,26.86
2005-01-27,26.69,26.87,26.51,26.85,717600.0,26.85
2005-01-26,26.85,26.96,26.54,26.62,1072000.0,26.62
2005-01-25,26.08,27.35,26.08,26.66,1438600.0,26.66
2005-01-24,26.64,26.64,26.06,26.08,1265200.0,26.08
2005-01-21,26.66,26.82,26.5,26.51,1214300.0,26.51
2005-01-20,26.72,26.79,26.35,26.66,977300.0,26.66
2005-01-19,26.9,27.14,26.53,26.78,2130500.0,26.78
2005-01-18,26.11,26.24,26.06,26.2,1479300.0,26.2
2005-01-14,26.22,26.36,26.07,26.1,624700.0,26.1
2005-01-13,26.25,26.38,26.01,26.07,870000.0,26.07
2005-01-12,26.21,26.42,26.0,26.38,838000.0,26.38
2005-01-11,26.42,26.42,26.2,26.31,692200.0,26.31
2005-01-10,26.27,26.76,26.1,26.56,1092000.0,26.56
2005-01-07,26.5,26.63,26.1,26.42,606300.0,26.42
2005-01-06,26.35,26.53,26.15,26.37,1229400.0,26.37
2005-01-05,26.73,26.73,26.33,26.35,919100.0,26.35
2005-01-04,27.15,27.31,26.6,26.67,983500.0,26.67
2005-01-03,27.05,27.26,26.98,26.98,1052700.0,26.98
