Date,Open,High,Low,Close,Volume,Adj Close 
2011-11-23,nan,nan,nan,nan,nan,nan
2011-11-22,nan,nan,nan,nan,nan,nan
2011-11-21,nan,nan,nan,nan,nan,nan
2011-11-18,nan,nan,nan,nan,nan,nan
2011-11-17,nan,nan,nan,nan,nan,nan
2011-11-16,nan,nan,nan,nan,nan,nan
2011-11-15,nan,nan,nan,nan,nan,nan
2011-11-14,nan,nan,nan,nan,nan,nan
2011-11-11,nan,nan,nan,nan,nan,nan
2011-11-10,nan,nan,nan,nan,nan,nan
2011-11-09,nan,nan,nan,nan,nan,nan
2011-11-08,nan,nan,nan,nan,nan,nan
2011-11-07,nan,nan,nan,nan,nan,nan
2011-11-04,nan,nan,nan,nan,nan,nan
2011-11-03,nan,nan,nan,nan,nan,nan
2011-11-02,nan,nan,nan,nan,nan,nan
2011-11-01,nan,nan,nan,nan,nan,nan
2011-10-31,nan,nan,nan,nan,nan,nan
2011-10-28,nan,nan,nan,nan,nan,nan
2011-10-27,nan,nan,nan,nan,nan,nan
2011-10-26,nan,nan,nan,nan,nan,nan
2011-10-25,nan,nan,nan,nan,nan,nan
2011-10-24,nan,nan,nan,nan,nan,nan
2011-10-21,nan,nan,nan,nan,nan,nan
2011-10-20,nan,nan,nan,nan,nan,nan
2011-10-19,nan,nan,nan,nan,nan,nan
2011-10-18,nan,nan,nan,nan,nan,nan
2011-10-17,nan,nan,nan,nan,nan,nan
2011-10-14,nan,nan,nan,nan,nan,nan
2011-10-13,nan,nan,nan,nan,nan,nan
2011-10-12,nan,nan,nan,nan,nan,nan
2011-10-11,nan,nan,nan,nan,nan,nan
2011-10-10,nan,nan,nan,nan,nan,nan
2011-10-07,nan,nan,nan,nan,nan,nan
2011-10-06,nan,nan,nan,nan,nan,nan
2011-10-05,nan,nan,nan,nan,nan,nan
2011-10-04,nan,nan,nan,nan,nan,nan
2011-10-03,nan,nan,nan,nan,nan,nan
2011-09-30,nan,nan,nan,nan,nan,nan
2011-09-29,nan,nan,nan,nan,nan,nan
2011-09-28,nan,nan,nan,nan,nan,nan
2011-09-27,nan,nan,nan,nan,nan,nan
2011-09-26,nan,nan,nan,nan,nan,nan
2011-09-23,nan,nan,nan,nan,nan,nan
2011-09-22,nan,nan,nan,nan,nan,nan
2011-09-21,nan,nan,nan,nan,nan,nan
2011-09-20,nan,nan,nan,nan,nan,nan
2011-09-19,nan,nan,nan,nan,nan,nan
2011-09-16,nan,nan,nan,nan,nan,nan
2011-09-15,nan,nan,nan,nan,nan,nan
2011-09-14,nan,nan,nan,nan,nan,nan
2011-09-13,nan,nan,nan,nan,nan,nan
2011-09-12,nan,nan,nan,nan,nan,nan
2011-09-09,nan,nan,nan,nan,nan,nan
2011-09-08,nan,nan,nan,nan,nan,nan
2011-09-07,nan,nan,nan,nan,nan,nan
2011-09-06,nan,nan,nan,nan,nan,nan
2011-09-02,nan,nan,nan,nan,nan,nan
2011-09-01,nan,nan,nan,nan,nan,nan
2011-08-31,nan,nan,nan,nan,nan,nan
2011-08-30,nan,nan,nan,nan,nan,nan
2011-08-29,nan,nan,nan,nan,nan,nan
2011-08-26,nan,nan,nan,nan,nan,nan
2011-08-25,nan,nan,nan,nan,nan,nan
2011-08-24,nan,nan,nan,nan,nan,nan
2011-08-23,nan,nan,nan,nan,nan,nan
2011-08-22,nan,nan,nan,nan,nan,nan
2011-08-19,nan,nan,nan,nan,nan,nan
2011-08-18,nan,nan,nan,nan,nan,nan
2011-08-17,nan,nan,nan,nan,nan,nan
2011-08-16,nan,nan,nan,nan,nan,nan
2011-08-15,nan,nan,nan,nan,nan,nan
2011-08-12,nan,nan,nan,nan,nan,nan
2011-08-11,nan,nan,nan,nan,nan,nan
2011-08-10,nan,nan,nan,nan,nan,nan
2011-08-09,nan,nan,nan,nan,nan,nan
2011-08-08,nan,nan,nan,nan,nan,nan
2011-08-05,nan,nan,nan,nan,nan,nan
2011-08-04,nan,nan,nan,nan,nan,nan
2011-08-03,nan,nan,nan,nan,nan,nan
2011-08-02,nan,nan,nan,nan,nan,nan
2011-08-01,nan,nan,nan,nan,nan,nan
2011-07-29,nan,nan,nan,nan,nan,nan
2011-07-28,nan,nan,nan,nan,nan,nan
2011-07-27,nan,nan,nan,nan,nan,nan
2011-07-26,nan,nan,nan,nan,nan,nan
2011-07-25,nan,nan,nan,nan,nan,nan
2011-07-22,nan,nan,nan,nan,nan,nan
2011-07-21,nan,nan,nan,nan,nan,nan
2011-07-20,nan,nan,nan,nan,nan,nan
2011-07-19,nan,nan,nan,nan,nan,nan
2011-07-18,nan,nan,nan,nan,nan,nan
2011-07-15,nan,nan,nan,nan,nan,nan
2011-07-14,nan,nan,nan,nan,nan,nan
2011-07-13,nan,nan,nan,nan,nan,nan
2011-07-12,nan,nan,nan,nan,nan,nan
2011-07-11,nan,nan,nan,nan,nan,nan
2011-07-08,nan,nan,nan,nan,nan,nan
2011-07-07,nan,nan,nan,nan,nan,nan
2011-07-06,nan,nan,nan,nan,nan,nan
2011-07-05,nan,nan,nan,nan,nan,nan
2011-07-01,nan,nan,nan,nan,nan,nan
2011-06-30,nan,nan,nan,nan,nan,nan
2011-06-29,nan,nan,nan,nan,nan,nan
2011-06-28,nan,nan,nan,nan,nan,nan
2011-06-27,nan,nan,nan,nan,nan,nan
2011-06-24,nan,nan,nan,nan,nan,nan
2011-06-23,nan,nan,nan,nan,nan,nan
2011-06-22,nan,nan,nan,nan,nan,nan
2011-06-21,nan,nan,nan,nan,nan,nan
2011-06-20,nan,nan,nan,nan,nan,nan
2011-06-17,nan,nan,nan,nan,nan,nan
2011-06-16,nan,nan,nan,nan,nan,nan
2011-06-15,nan,nan,nan,nan,nan,nan
2011-06-14,nan,nan,nan,nan,nan,nan
2011-06-13,nan,nan,nan,nan,nan,nan
2011-06-10,nan,nan,nan,nan,nan,nan
2011-06-09,nan,nan,nan,nan,nan,nan
2011-06-08,nan,nan,nan,nan,nan,nan
2011-06-07,nan,nan,nan,nan,nan,nan
2011-06-06,nan,nan,nan,nan,nan,nan
2011-06-03,nan,nan,nan,nan,nan,nan
2011-06-02,nan,nan,nan,nan,nan,nan
2011-06-01,nan,nan,nan,nan,nan,nan
2011-05-31,nan,nan,nan,nan,nan,nan
2011-05-27,nan,nan,nan,nan,nan,nan
2011-05-26,nan,nan,nan,nan,nan,nan
2011-05-25,nan,nan,nan,nan,nan,nan
2011-05-24,nan,nan,nan,nan,nan,nan
2011-05-23,nan,nan,nan,nan,nan,nan
2011-05-20,nan,nan,nan,nan,nan,nan
2011-05-19,nan,nan,nan,nan,nan,nan
2011-05-18,nan,nan,nan,nan,nan,nan
2011-05-17,nan,nan,nan,nan,nan,nan
2011-05-16,nan,nan,nan,nan,nan,nan
2011-05-13,nan,nan,nan,nan,nan,nan
2011-05-12,nan,nan,nan,nan,nan,nan
2011-05-11,nan,nan,nan,nan,nan,nan
2011-05-10,nan,nan,nan,nan,nan,nan
2011-05-09,nan,nan,nan,nan,nan,nan
2011-05-06,nan,nan,nan,nan,nan,nan
2011-05-05,nan,nan,nan,nan,nan,nan
2011-05-04,nan,nan,nan,nan,nan,nan
2011-05-03,nan,nan,nan,nan,nan,nan
2011-05-02,nan,nan,nan,nan,nan,nan
2011-04-29,nan,nan,nan,nan,nan,nan
2011-04-28,nan,nan,nan,nan,nan,nan
2011-04-27,nan,nan,nan,nan,nan,nan
2011-04-26,nan,nan,nan,nan,nan,nan
2011-04-25,nan,nan,nan,nan,nan,nan
2011-04-21,nan,nan,nan,nan,nan,nan
2011-04-20,nan,nan,nan,nan,nan,nan
2011-04-19,nan,nan,nan,nan,nan,nan
2011-04-18,nan,nan,nan,nan,nan,nan
2011-04-15,nan,nan,nan,nan,nan,nan
2011-04-14,nan,nan,nan,nan,nan,nan
2011-04-13,nan,nan,nan,nan,nan,nan
2011-04-12,nan,nan,nan,nan,nan,nan
2011-04-11,nan,nan,nan,nan,nan,nan
2011-04-08,nan,nan,nan,nan,nan,nan
2011-04-07,nan,nan,nan,nan,nan,nan
2011-04-06,nan,nan,nan,nan,nan,nan
2011-04-05,nan,nan,nan,nan,nan,nan
2011-04-04,nan,nan,nan,nan,nan,nan
2011-04-01,nan,nan,nan,nan,nan,nan
2011-03-31,nan,nan,nan,nan,nan,nan
2011-03-30,nan,nan,nan,nan,nan,nan
2011-03-29,nan,nan,nan,nan,nan,nan
2011-03-28,nan,nan,nan,nan,nan,nan
2011-03-25,nan,nan,nan,nan,nan,nan
2011-03-24,nan,nan,nan,nan,nan,nan
2011-03-23,nan,nan,nan,nan,nan,nan
2011-03-22,nan,nan,nan,nan,nan,nan
2011-03-21,nan,nan,nan,nan,nan,nan
2011-03-18,nan,nan,nan,nan,nan,nan
2011-03-17,nan,nan,nan,nan,nan,nan
2011-03-16,nan,nan,nan,nan,nan,nan
2011-03-15,nan,nan,nan,nan,nan,nan
2011-03-14,nan,nan,nan,nan,nan,nan
2011-03-11,nan,nan,nan,nan,nan,nan
2011-03-10,nan,nan,nan,nan,nan,nan
2011-03-09,nan,nan,nan,nan,nan,nan
2011-03-08,nan,nan,nan,nan,nan,nan
2011-03-07,nan,nan,nan,nan,nan,nan
2011-03-04,nan,nan,nan,nan,nan,nan
2011-03-03,nan,nan,nan,nan,nan,nan
2011-03-02,nan,nan,nan,nan,nan,nan
2011-03-01,nan,nan,nan,nan,nan,nan
2011-02-28,nan,nan,nan,nan,nan,nan
2011-02-25,nan,nan,nan,nan,nan,nan
2011-02-24,nan,nan,nan,nan,nan,nan
2011-02-23,nan,nan,nan,nan,nan,nan
2011-02-22,nan,nan,nan,nan,nan,nan
2011-02-18,nan,nan,nan,nan,nan,nan
2011-02-17,nan,nan,nan,nan,nan,nan
2011-02-16,nan,nan,nan,nan,nan,nan
2011-02-15,nan,nan,nan,nan,nan,nan
2011-02-14,nan,nan,nan,nan,nan,nan
2011-02-11,nan,nan,nan,nan,nan,nan
2011-02-10,nan,nan,nan,nan,nan,nan
2011-02-09,nan,nan,nan,nan,nan,nan
2011-02-08,nan,nan,nan,nan,nan,nan
2011-02-07,nan,nan,nan,nan,nan,nan
2011-02-04,nan,nan,nan,nan,nan,nan
2011-02-03,nan,nan,nan,nan,nan,nan
2011-02-02,nan,nan,nan,nan,nan,nan
2011-02-01,nan,nan,nan,nan,nan,nan
2011-01-31,nan,nan,nan,nan,nan,nan
2011-01-28,nan,nan,nan,nan,nan,nan
2011-01-27,nan,nan,nan,nan,nan,nan
2011-01-26,nan,nan,nan,nan,nan,nan
2011-01-25,nan,nan,nan,nan,nan,nan
2011-01-24,nan,nan,nan,nan,nan,nan
2011-01-21,nan,nan,nan,nan,nan,nan
2011-01-20,nan,nan,nan,nan,nan,nan
2011-01-19,nan,nan,nan,nan,nan,nan
2011-01-18,nan,nan,nan,nan,nan,nan
2011-01-14,nan,nan,nan,nan,nan,nan
2011-01-13,nan,nan,nan,nan,nan,nan
2011-01-12,nan,nan,nan,nan,nan,nan
2011-01-11,nan,nan,nan,nan,nan,nan
2011-01-10,nan,nan,nan,nan,nan,nan
2011-01-07,nan,nan,nan,nan,nan,nan
2011-01-06,nan,nan,nan,nan,nan,nan
2011-01-05,nan,nan,nan,nan,nan,nan
2011-01-04,nan,nan,nan,nan,nan,nan
2011-01-03,nan,nan,nan,nan,nan,nan
2010-12-31,nan,nan,nan,nan,nan,nan
2010-12-30,nan,nan,nan,nan,nan,nan
2010-12-29,nan,nan,nan,nan,nan,nan
2010-12-28,nan,nan,nan,nan,nan,nan
2010-12-27,nan,nan,nan,nan,nan,nan
2010-12-23,nan,nan,nan,nan,nan,nan
2010-12-22,nan,nan,nan,nan,nan,nan
2010-12-21,nan,nan,nan,nan,nan,nan
2010-12-20,nan,nan,nan,nan,nan,nan
2010-12-17,nan,nan,nan,nan,nan,nan
2010-12-16,nan,nan,nan,nan,nan,nan
2010-12-15,nan,nan,nan,nan,nan,nan
2010-12-14,nan,nan,nan,nan,nan,nan
2010-12-13,nan,nan,nan,nan,nan,nan
2010-12-10,nan,nan,nan,nan,nan,nan
2010-12-09,nan,nan,nan,nan,nan,nan
2010-12-08,nan,nan,nan,nan,nan,nan
2010-12-07,nan,nan,nan,nan,nan,nan
2010-12-06,nan,nan,nan,nan,nan,nan
2010-12-03,nan,nan,nan,nan,nan,nan
2010-12-02,nan,nan,nan,nan,nan,nan
2010-12-01,nan,nan,nan,nan,nan,nan
2010-11-30,nan,nan,nan,nan,nan,nan
2010-11-29,nan,nan,nan,nan,nan,nan
2010-11-26,nan,nan,nan,nan,nan,nan
2010-11-24,nan,nan,nan,nan,nan,nan
2010-11-23,nan,nan,nan,nan,nan,nan
2010-11-22,nan,nan,nan,nan,nan,nan
2010-11-19,nan,nan,nan,nan,nan,nan
2010-11-18,nan,nan,nan,nan,nan,nan
2010-11-17,nan,nan,nan,nan,nan,nan
2010-11-16,33.25,33.25,33.23,33.23,9199400.0,33.23
2010-11-15,33.22,33.23,33.2,33.21,1308700.0,33.21
2010-11-12,33.21,33.21,33.19,33.2,1164400.0,33.2
2010-11-11,33.18,33.23,33.18,33.19,1626700.0,33.19
2010-11-10,33.17,33.2,33.16,33.19,1527700.0,33.19
2010-11-09,33.17,33.17,33.15,33.16,676900.0,33.16
2010-11-08,33.16,33.17,33.15,33.15,681400.0,33.15
2010-11-05,33.18,33.19,33.14,33.19,999600.0,33.19
2010-11-04,33.14,33.19,33.11,33.14,2045700.0,33.14
2010-11-03,33.17,33.19,33.11,33.19,1787900.0,33.19
2010-11-02,33.16,33.17,33.12,33.15,881600.0,33.15
2010-11-01,33.16,33.18,33.01,33.16,3668600.0,33.16
2010-10-29,33.17,33.18,33.15,33.17,754900.0,33.17
2010-10-28,33.17,33.19,33.15,33.19,1384900.0,33.19
2010-10-27,33.15,33.17,33.13,33.15,1372400.0,33.15
2010-10-26,33.14,33.17,33.14,33.16,1293600.0,33.16
2010-10-25,33.2,33.2,33.15,33.15,1628500.0,33.15
2010-10-22,33.17,33.18,33.16,33.17,931400.0,33.17
2010-10-21,33.15,33.17,33.15,33.16,2053200.0,33.16
2010-10-20,33.15,33.17,33.13,33.17,1538500.0,33.17
2010-10-19,33.14,33.16,33.12,33.15,1226800.0,33.15
2010-10-18,33.12,33.18,33.12,33.15,1738900.0,33.15
2010-10-15,33.22,33.22,33.11,33.15,3462700.0,33.15
2010-10-14,33.1,33.13,33.05,33.08,3683300.0,33.08
2010-10-13,33.04,33.13,33.04,33.11,3913700.0,33.11
2010-10-12,33.07,33.08,33.03,33.05,1822700.0,33.05
2010-10-11,33.08,33.08,33.03,33.07,1908600.0,33.07
2010-10-08,33.07,33.07,33.02,33.04,2403800.0,33.04
2010-10-07,33.01,33.05,32.99,33.03,3119100.0,33.03
2010-10-06,32.98,33.02,32.96,33.0,2836700.0,33.0
2010-10-05,32.98,33.0,32.95,32.97,2368200.0,32.97
2010-10-04,32.95,32.99,32.9,32.95,3279100.0,32.95
2010-10-01,32.98,33.0,32.93,32.95,2055900.0,32.95
2010-09-30,32.95,32.99,32.91,32.98,2964600.0,32.98
2010-09-29,32.92,32.98,32.91,32.95,2267200.0,32.95
2010-09-28,32.87,32.95,32.84,32.95,2493300.0,32.95
2010-09-27,32.94,32.95,32.87,32.88,1775200.0,32.88
2010-09-24,32.93,32.94,32.85,32.93,2632400.0,32.93
2010-09-23,32.69,32.95,32.69,32.84,9526600.0,32.84
2010-09-22,32.61,32.82,32.59,32.69,10850900.0,32.69
2010-09-21,32.63,32.66,32.53,32.62,4580400.0,32.62
2010-09-20,32.52,32.63,32.5,32.58,2872800.0,32.58
2010-09-17,32.49,32.55,32.46,32.49,3071400.0,32.49
2010-09-16,32.52,32.56,32.48,32.49,2183500.0,32.49
2010-09-15,32.4,32.53,32.4,32.49,2538100.0,32.49
2010-09-14,32.32,32.49,32.3,32.41,3510000.0,32.41
2010-09-13,32.27,32.36,32.24,32.32,2236500.0,32.32
2010-09-10,32.21,32.26,32.21,32.22,2069600.0,32.22
2010-09-09,32.22,32.28,32.15,32.21,2027500.0,32.21
2010-09-08,32.16,32.25,32.15,32.23,4125300.0,32.23
2010-09-07,32.21,32.29,32.15,32.17,2161800.0,32.17
2010-09-03,32.24,32.25,32.17,32.22,3447600.0,32.22
2010-09-02,32.15,32.22,32.11,32.2,2257500.0,32.2
2010-09-01,32.11,32.2,32.06,32.1,5518500.0,32.1
2010-08-31,32.36,32.39,32.06,32.08,9426300.0,32.08
2010-08-30,32.33,32.39,32.16,32.17,4042500.0,32.17
2010-08-27,32.2,32.33,32.17,32.3,7360900.0,32.3
2010-08-26,32.13,32.25,32.11,32.18,7921000.0,32.18
2010-08-25,32.26,32.32,32.05,32.12,13166500.0,32.12
2010-08-24,32.38,32.41,32.22,32.28,9396800.0,32.28
2010-08-23,32.44,32.45,32.35,32.38,6249900.0,32.38
2010-08-20,32.49,32.55,32.32,32.36,14559000.0,32.36
2010-08-19,32.52,32.58,32.47,32.55,20180000.0,32.55
2010-08-18,32.55,32.57,32.46,32.5,28912600.0,32.5
2010-08-17,32.56,32.73,32.42,32.58,103152400.0,32.58
2010-08-16,30.74,31.04,30.68,30.92,1147800.0,30.92
2010-08-13,31.0,31.37,30.86,31.18,1646700.0,31.18
2010-08-12,30.06,31.4,30.0,31.14,3396900.0,31.14
2010-08-11,30.24,30.74,30.12,30.45,3697100.0,30.45
2010-08-10,30.37,30.91,30.24,30.82,1969200.0,30.82
2010-08-09,30.86,30.95,30.55,30.69,1664300.0,30.69
2010-08-06,30.65,30.83,30.35,30.83,2239700.0,30.83
2010-08-05,30.35,31.32,30.35,30.83,2126500.0,30.83
2010-08-04,30.05,30.53,30.01,30.44,2137900.0,30.44
2010-08-03,30.32,30.56,29.97,30.09,4326400.0,30.09
2010-08-02,30.69,30.76,30.44,30.55,2707600.0,30.55
2010-07-30,30.99,31.0,29.99,30.42,5002700.0,30.42
2010-07-29,31.15,31.77,30.72,31.54,7212100.0,31.54
2010-07-28,30.99,31.3,30.93,31.02,2021900.0,31.02
2010-07-27,31.48,31.5,31.05,31.12,1336800.0,31.12
2010-07-26,30.87,31.26,30.84,31.25,2478800.0,31.25
2010-07-23,31.02,31.48,30.66,30.85,4932100.0,30.85
2010-07-22,29.12,29.86,29.06,29.65,1600800.0,29.65
2010-07-21,29.23,29.65,29.0,29.49,2370600.0,29.49
2010-07-20,28.34,29.17,28.1,29.17,1363700.0,29.17
2010-07-19,29.01,29.06,28.56,28.71,1045400.0,28.71
2010-07-16,29.69,29.8,28.81,28.87,1386700.0,28.87
2010-07-15,29.74,29.88,29.42,29.8,1237200.0,29.8
2010-07-14,29.66,29.91,29.43,29.72,1253700.0,29.72
2010-07-13,29.25,29.87,29.12,29.78,1883000.0,29.78
2010-07-12,28.82,29.21,28.82,28.99,1139000.0,28.99
2010-07-09,29.28,29.49,28.79,28.96,1417000.0,28.96
2010-07-08,28.82,29.29,28.58,29.29,1231400.0,29.29
2010-07-07,28.35,28.57,28.17,28.57,1923300.0,28.57
2010-07-06,28.42,28.78,27.98,28.37,1684900.0,28.37
2010-07-02,28.05,28.57,27.9,28.2,1346500.0,28.2
2010-07-01,27.98,28.15,27.39,27.93,1868900.0,27.93
2010-06-30,27.58,28.35,27.58,27.85,1775800.0,27.85
2010-06-29,28.37,28.58,27.48,27.65,3089900.0,27.65
2010-06-28,28.64,28.9,28.25,28.63,1720200.0,28.63
2010-06-25,28.64,28.76,28.33,28.64,1407900.0,28.64
2010-06-24,28.54,29.45,28.21,28.61,3298300.0,28.61
2010-06-23,28.38,28.83,28.1,28.58,901500.0,28.58
2010-06-22,29.05,29.25,28.5,28.51,1328700.0,28.51
2010-06-21,29.74,29.8,28.98,29.14,1678100.0,29.14
2010-06-18,29.87,30.0,29.49,29.56,1940800.0,29.56
2010-06-17,29.74,30.0,29.37,29.88,1012200.0,29.88
2010-06-16,29.76,29.91,29.54,29.73,1514100.0,29.73
2010-06-15,29.78,30.03,29.68,29.99,1474100.0,29.99
2010-06-14,30.13,30.18,29.62,29.69,1539800.0,29.69
2010-06-11,29.59,29.94,29.26,29.94,1527300.0,29.94
2010-06-10,29.28,30.09,29.28,29.88,2770700.0,29.88
2010-06-09,29.83,29.83,28.7,28.95,3680000.0,28.95
2010-06-08,28.02,29.59,28.02,29.5,7416000.0,29.5
2010-06-07,28.5,28.67,27.98,28.03,2188400.0,28.03
2010-06-04,27.89,29.18,27.89,28.35,3295500.0,28.35
2010-06-03,28.5,28.86,28.4,28.69,1477200.0,28.69
2010-06-02,27.87,28.56,27.62,28.55,2152000.0,28.55
2010-06-01,28.23,28.44,27.57,27.58,1958300.0,27.58
2010-05-28,28.7,28.87,28.5,28.58,1935900.0,28.58
2010-05-27,28.98,29.36,28.43,28.77,2823700.0,28.77
2010-05-26,28.74,29.0,28.46,28.49,2804000.0,28.49
2010-05-25,28.33,28.67,27.47,28.67,5665500.0,28.67
2010-05-24,28.69,29.7,28.54,29.45,3415300.0,29.45
2010-05-21,28.25,29.0,27.89,28.99,3143700.0,28.99
2010-05-20,29.29,29.57,28.62,28.8,4193700.0,28.8
2010-05-19,29.55,29.88,29.21,29.79,8040600.0,29.79
2010-05-18,28.49,28.59,27.86,27.9,4297000.0,27.9
2010-05-17,28.73,29.41,27.8,28.44,12424500.0,28.44
2010-05-14,24.0,24.18,23.78,23.97,2519300.0,23.97
2010-05-13,24.16,24.66,24.11,24.11,3855500.0,24.11
2010-05-12,24.31,24.46,24.16,24.33,1744600.0,24.33
2010-05-11,24.39,24.57,24.2,24.24,1773000.0,24.24
2010-05-10,24.44,24.98,24.13,24.66,3455200.0,24.66
2010-05-07,24.31,24.39,22.95,23.6,4736900.0,23.6
2010-05-06,24.76,24.95,22.24,24.16,4042800.0,24.16
2010-05-05,24.75,25.14,24.66,24.76,2235700.0,24.76
2010-05-04,25.0,25.14,24.78,24.97,2519300.0,24.97
2010-05-03,25.6,25.6,25.14,25.31,2059000.0,25.31
2010-04-30,26.0,26.19,25.34,25.41,6882100.0,25.41
2010-04-29,26.07,26.18,25.91,25.97,1368200.0,25.97
2010-04-28,25.83,26.01,25.64,25.9,3419000.0,25.9
2010-04-27,26.2,26.2,25.57,25.67,2955900.0,25.67
2010-04-26,26.04,26.59,25.99,26.26,3093600.0,26.26
2010-04-23,25.89,25.99,25.52,25.98,3170200.0,25.98
2010-04-22,25.07,26.33,25.0,26.01,5264400.0,26.01
2010-04-21,25.75,25.78,25.33,25.56,2628000.0,25.56
2010-04-20,25.67,25.71,25.43,25.66,1999000.0,25.66
2010-04-19,25.75,25.81,25.24,25.52,1807300.0,25.52
2010-04-16,26.17,26.46,25.7,25.88,2369700.0,25.88
2010-04-15,25.79,26.2,25.74,26.11,1473200.0,26.11
2010-04-14,25.81,25.9,25.6,25.8,2193100.0,25.8
2010-04-13,25.56,25.78,25.4,25.76,1997300.0,25.76
2010-04-12,25.93,25.93,25.32,25.58,2023500.0,25.58
2010-04-09,25.69,25.94,25.63,25.85,1760600.0,25.85
2010-04-08,25.5,25.69,25.29,25.69,1652900.0,25.69
2010-04-07,25.62,25.85,25.43,25.55,1896600.0,25.55
2010-04-06,25.65,25.81,25.44,25.71,2048600.0,25.71
2010-04-05,25.7,25.79,25.54,25.7,1626600.0,25.7
2010-04-01,25.44,25.84,25.36,25.6,2441200.0,25.6
2010-03-31,25.34,25.5,25.14,25.18,1543600.0,25.18
2010-03-30,25.46,25.62,25.07,25.45,2509500.0,25.45
2010-03-29,25.47,25.81,25.36,25.49,2426800.0,25.49
2010-03-26,25.18,25.31,25.07,25.29,1597600.0,25.29
2010-03-25,25.64,25.64,25.13,25.18,2358500.0,25.18
2010-03-24,25.38,25.65,25.09,25.39,2611900.0,25.39
2010-03-23,25.38,25.6,25.31,25.44,2051600.0,25.44
2010-03-22,24.57,25.55,24.5,25.4,3733200.0,25.4
2010-03-19,24.88,25.08,24.63,24.63,2197400.0,24.63
2010-03-18,25.22,25.25,24.76,24.81,1254200.0,24.81
2010-03-17,25.16,25.56,25.14,25.24,1397800.0,25.24
2010-03-16,24.96,25.15,24.69,25.15,2556600.0,25.15
2010-03-15,24.79,24.94,24.61,24.85,1407400.0,24.85
2010-03-12,25.04,25.13,24.81,24.89,1579100.0,24.89
2010-03-11,24.92,25.02,24.73,24.93,1017700.0,24.93
2010-03-10,24.58,25.18,24.43,25.02,1937400.0,25.02
2010-03-09,24.55,24.77,24.52,24.62,1107100.0,24.62
2010-03-08,24.91,24.98,24.63,24.69,1341500.0,24.69
2010-03-05,24.71,24.99,24.67,24.96,1247800.0,24.96
2010-03-04,24.55,24.67,24.42,24.63,1980800.0,24.63
2010-03-03,24.66,24.8,24.47,24.58,1894000.0,24.58
2010-03-02,24.94,25.19,24.52,24.63,2583900.0,24.63
2010-03-01,24.85,25.11,24.63,24.92,2728400.0,24.92
2010-02-26,24.35,24.81,23.94,24.76,3443000.0,24.76
2010-02-25,23.72,24.47,23.53,24.41,2943100.0,24.41
2010-02-24,23.37,24.08,23.24,23.99,3875200.0,23.99
2010-02-23,22.88,23.07,22.7,22.74,2509100.0,22.74
2010-02-22,23.08,23.13,22.83,22.98,1382200.0,22.98
2010-02-19,23.0,23.14,22.85,23.07,1916500.0,23.07
2010-02-18,22.91,23.12,22.88,23.07,2811000.0,23.07
2010-02-17,23.27,23.48,22.88,22.98,1786500.0,22.98
2010-02-16,22.92,23.3,22.81,23.22,2535500.0,23.22
2010-02-12,22.43,22.91,22.16,22.79,3325500.0,22.79
2010-02-11,22.35,22.76,22.21,22.68,3089500.0,22.68
2010-02-10,22.66,22.66,22.22,22.41,2938100.0,22.41
2010-02-09,22.57,22.89,22.23,22.65,3388900.0,22.65
2010-02-08,22.3,22.57,21.97,22.39,3189500.0,22.39
2010-02-05,21.91,22.51,21.55,22.42,3857800.0,22.42
2010-02-04,22.52,22.52,21.84,21.94,3845200.0,21.94
2010-02-03,22.87,22.91,22.58,22.71,3262800.0,22.71
2010-02-02,22.56,23.06,22.56,23.01,3308400.0,23.01
2010-02-01,22.66,22.73,22.24,22.57,3731100.0,22.57
2010-01-29,23.54,23.54,22.51,22.55,3480300.0,22.55
2010-01-28,24.22,24.23,23.43,23.46,4253600.0,23.46
2010-01-27,23.99,24.36,23.33,24.28,4575900.0,24.28
2010-01-26,23.36,23.67,23.25,23.33,2714700.0,23.33
2010-01-25,23.81,23.94,23.4,23.45,2743000.0,23.45
2010-01-22,23.94,24.26,23.6,23.66,2135800.0,23.66
2010-01-21,24.41,24.58,23.97,24.0,2076300.0,24.0
2010-01-20,24.52,24.63,24.2,24.36,1318300.0,24.36
2010-01-19,24.46,24.71,24.41,24.56,1066300.0,24.56
2010-01-15,24.65,24.74,24.3,24.32,1815500.0,24.32
2010-01-14,24.53,24.67,24.41,24.59,808300.0,24.59
2010-01-13,24.5,24.75,24.4,24.66,900400.0,24.66
2010-01-12,24.23,24.52,24.23,24.52,1750700.0,24.52
2010-01-11,24.89,25.0,24.43,24.45,1531800.0,24.45
2010-01-08,24.3,24.85,24.17,24.83,1794500.0,24.83
2010-01-07,23.9,24.39,23.87,24.35,1307900.0,24.35
2010-01-06,24.09,24.21,23.81,24.05,1894600.0,24.05
2010-01-05,24.47,24.61,23.99,24.22,1505300.0,24.22
2010-01-04,24.4,24.68,24.28,24.49,1526500.0,24.49
2009-12-31,24.26,24.53,24.11,24.14,990600.0,24.14
2009-12-30,23.84,24.61,23.84,24.32,1918500.0,24.32
2009-12-29,24.03,24.17,23.85,23.96,1072400.0,23.96
2009-12-28,23.87,24.07,23.85,24.0,930900.0,24.0
2009-12-24,23.82,23.97,23.8,23.9,264200.0,23.9
2009-12-23,23.78,23.88,23.64,23.82,494100.0,23.82
2009-12-22,23.65,23.84,23.56,23.76,771200.0,23.76
2009-12-21,23.68,23.96,23.54,23.7,1248600.0,23.7
2009-12-18,24.14,24.17,23.53,23.62,2223900.0,23.62
2009-12-17,24.36,24.48,24.01,24.03,2206100.0,24.03
2009-12-16,24.03,24.1,23.76,23.91,1196900.0,23.91
2009-12-15,24.17,24.19,23.81,23.99,1381900.0,23.99
2009-12-14,24.08,24.33,24.04,24.14,1308300.0,24.14
2009-12-11,23.85,24.06,23.72,23.94,1044000.0,23.94
2009-12-10,23.64,23.86,23.47,23.71,1266400.0,23.71
2009-12-09,23.91,23.91,23.41,23.45,3070500.0,23.45
2009-12-08,23.97,24.01,23.62,23.79,1249800.0,23.79
2009-12-07,24.24,24.33,24.0,24.06,1225100.0,24.06
2009-12-04,24.08,24.45,23.88,24.16,1580500.0,24.16
2009-12-03,24.31,24.41,23.8,23.83,1240200.0,23.83
2009-12-02,24.39,24.52,24.17,24.34,1272300.0,24.34
2009-12-01,24.46,24.63,24.32,24.35,1356400.0,24.35
2009-11-30,24.08,24.4,23.98,24.35,2324400.0,24.35
2009-11-27,23.59,24.15,23.54,24.1,691700.0,24.1
2009-11-25,24.29,24.34,24.11,24.2,1126200.0,24.2
2009-11-24,24.18,24.19,23.96,24.17,1966300.0,24.17
2009-11-23,23.72,24.2,23.67,24.12,2678600.0,24.12
2009-11-20,23.18,23.52,23.12,23.5,1374000.0,23.5
2009-11-19,23.34,23.41,23.15,23.38,1366800.0,23.38
2009-11-18,23.85,23.85,23.34,23.52,1602100.0,23.52
2009-11-17,24.07,24.1,23.64,23.79,1844700.0,23.79
2009-11-16,23.65,24.21,23.63,24.07,1573700.0,24.07
2009-11-13,23.68,23.79,23.4,23.51,1764400.0,23.51
2009-11-12,23.99,24.0,23.56,23.68,1942100.0,23.68
2009-11-11,24.2,24.4,24.07,24.11,2140500.0,24.11
2009-11-10,23.71,24.2,23.63,24.1,2391900.0,24.1
2009-11-09,23.21,23.72,23.14,23.71,2136200.0,23.71
2009-11-06,22.99,23.25,22.82,23.02,2407100.0,23.02
2009-11-05,22.9,23.2,22.87,23.15,2311700.0,23.15
2009-11-04,23.31,23.49,22.85,22.92,2058200.0,22.92
2009-11-03,22.95,23.34,22.27,23.13,3018800.0,23.13
2009-11-02,23.22,23.57,22.74,23.1,2113600.0,23.1
2009-10-30,23.42,23.7,23.07,23.09,2489900.0,23.09
2009-10-29,23.48,23.6,23.11,23.52,1882000.0,23.52
2009-10-28,23.62,23.87,23.09,23.23,2314600.0,23.23
2009-10-27,23.83,24.09,23.43,23.74,3117600.0,23.74
2009-10-26,24.58,24.84,23.9,24.01,3059700.0,24.01
2009-10-23,25.87,25.92,24.53,24.59,4171700.0,24.59
2009-10-22,26.49,26.63,25.32,25.75,4569600.0,25.75
2009-10-21,26.79,27.19,26.53,26.56,2375700.0,26.56
2009-10-20,26.28,27.08,26.28,26.86,1844400.0,26.86
2009-10-19,27.03,27.37,26.83,27.23,901200.0,27.23
2009-10-16,27.32,27.38,26.67,26.95,1379500.0,26.95
2009-10-15,27.47,27.63,27.19,27.36,1295100.0,27.36
2009-10-14,27.62,27.71,27.39,27.52,1270800.0,27.52
2009-10-13,27.17,27.62,27.0,27.46,1160500.0,27.46
2009-10-12,27.09,27.52,27.09,27.24,902700.0,27.24
2009-10-09,26.95,27.16,26.71,27.03,1158400.0,27.03
2009-10-08,26.97,27.24,26.66,26.89,1913700.0,26.89
2009-10-07,26.66,27.0,26.5,26.76,1715400.0,26.76
2009-10-06,27.11,27.15,26.06,26.81,3548600.0,26.81
2009-10-05,25.49,25.82,25.16,25.74,1928200.0,25.74
2009-10-02,25.16,25.7,25.12,25.35,2142100.0,25.35
2009-10-01,25.91,25.94,25.19,25.34,2497900.0,25.34
2009-09-30,26.59,26.62,25.88,26.05,2615800.0,26.05
2009-09-29,26.31,26.79,26.31,26.54,1482800.0,26.54
2009-09-28,25.79,26.31,25.57,26.24,2036800.0,26.24
2009-09-25,25.47,25.85,25.25,25.72,1951900.0,25.72
2009-09-24,25.83,25.87,25.45,25.5,1252400.0,25.5
2009-09-23,26.37,26.5,25.83,25.85,1614300.0,25.85
2009-09-22,26.61,26.71,26.33,26.38,1688500.0,26.38
2009-09-21,26.36,26.55,26.15,26.48,1409200.0,26.48
2009-09-18,26.48,26.81,26.26,26.56,1910900.0,26.56
2009-09-17,25.45,26.69,25.35,26.47,3417800.0,26.47
2009-09-16,26.07,26.07,24.97,25.46,2340100.0,25.46
2009-09-15,25.8,26.02,25.19,25.84,1796100.0,25.84
2009-09-14,25.28,25.72,25.13,25.72,948500.0,25.72
2009-09-11,25.71,25.8,25.1,25.38,1961900.0,25.38
2009-09-10,25.47,25.72,25.1,25.62,868200.0,25.62
2009-09-09,25.52,25.8,25.34,25.53,1139100.0,25.53
2009-09-08,24.95,25.62,24.73,25.53,1981900.0,25.53
2009-09-04,24.52,24.85,24.35,24.83,843000.0,24.83
2009-09-03,24.53,24.72,23.96,24.55,1249500.0,24.55
2009-09-02,24.57,25.01,24.44,24.56,2133100.0,24.56
2009-09-01,24.79,25.39,24.5,24.68,1788100.0,24.68
2009-08-31,24.94,24.97,24.5,24.85,1823100.0,24.85
2009-08-28,25.65,25.74,25.04,25.08,1629600.0,25.08
2009-08-27,25.39,25.62,24.94,25.5,1034800.0,25.5
2009-08-26,25.66,25.78,25.2,25.36,1529900.0,25.36
2009-08-25,25.69,25.91,25.45,25.68,1871400.0,25.68
2009-08-24,26.3,26.3,25.29,25.38,1379200.0,25.38
2009-08-21,25.79,26.15,25.45,26.07,1614000.0,26.07
2009-08-20,25.65,25.85,25.38,25.65,1795400.0,25.65
2009-08-19,25.23,26.09,25.13,25.48,1766600.0,25.48
2009-08-18,25.51,25.55,25.17,25.48,1343100.0,25.48
2009-08-17,25.45,25.86,25.12,25.51,1294600.0,25.51
2009-08-14,26.15,26.49,25.55,25.89,980700.0,25.89
2009-08-13,26.42,26.73,26.15,26.38,1117600.0,26.38
2009-08-12,25.76,26.71,25.76,26.45,1412000.0,26.45
2009-08-11,25.56,26.25,25.43,26.03,1478000.0,26.03
2009-08-10,25.75,25.92,25.53,25.75,1105400.0,25.75
2009-08-07,25.34,26.2,25.26,25.97,1942200.0,25.97
2009-08-06,25.39,25.44,24.87,25.18,1741400.0,25.18
2009-08-05,25.97,25.98,25.15,25.3,1364100.0,25.3
2009-08-04,25.58,25.94,25.37,25.7,1726600.0,25.7
2009-08-03,25.33,25.76,24.97,25.74,1691400.0,25.74
2009-07-31,25.72,26.07,25.13,25.18,2156600.0,25.18
2009-07-30,25.53,25.99,25.51,25.82,2865200.0,25.82
2009-07-29,24.86,25.48,24.57,25.33,1923100.0,25.33
2009-07-28,25.08,25.4,24.93,25.16,2359000.0,25.16
2009-07-27,25.8,25.87,25.21,25.51,1596100.0,25.51
2009-07-24,24.99,25.69,24.99,25.66,2703900.0,25.66
2009-07-23,24.84,25.33,24.58,25.07,3416600.0,25.07
2009-07-22,24.6,25.18,23.52,24.87,6315000.0,24.87
2009-07-21,23.53,23.92,23.25,23.65,3773000.0,23.65
2009-07-20,22.7,23.39,22.58,23.38,3071200.0,23.38
2009-07-17,22.46,22.68,22.4,22.53,2751400.0,22.53
2009-07-16,22.19,22.87,22.02,22.77,3172800.0,22.77
2009-07-15,21.48,22.32,21.31,22.29,2679600.0,22.29
2009-07-14,21.09,21.23,20.65,20.84,1965300.0,20.84
2009-07-13,20.5,21.12,20.26,21.1,1844000.0,21.1
2009-07-10,20.24,20.74,20.18,20.62,1696900.0,20.62
2009-07-09,20.67,20.9,20.04,20.35,3300500.0,20.35
2009-07-08,20.85,21.18,20.43,20.5,3527000.0,20.5
2009-07-07,21.42,21.57,20.74,20.8,1596400.0,20.8
2009-07-06,20.55,21.47,20.19,21.42,3144100.0,21.42
2009-07-02,21.6,21.6,21.0,21.23,1712600.0,21.23
2009-07-01,21.7,21.96,21.42,21.79,2692900.0,21.79
2009-06-30,21.41,21.82,21.12,21.7,2653700.0,21.7
2009-06-29,20.59,21.49,20.48,21.45,2474500.0,21.45
2009-06-26,20.96,21.28,20.54,20.64,3897100.0,20.64
2009-06-25,20.51,21.07,20.34,21.0,1274700.0,21.0
2009-06-24,20.23,20.88,19.95,20.59,1536000.0,20.59
2009-06-23,20.11,20.49,19.82,20.11,1776600.0,20.11
2009-06-22,20.2,20.44,19.88,20.13,2049200.0,20.13
2009-06-19,20.73,20.88,20.25,20.4,1615100.0,20.4
2009-06-18,19.94,20.69,19.93,20.47,1223900.0,20.47
2009-06-17,20.23,20.31,19.64,20.0,2927700.0,20.0
2009-06-16,21.01,21.05,20.12,20.26,1946100.0,20.26
2009-06-15,21.68,21.83,20.7,20.97,1868900.0,20.97
2009-06-12,21.98,22.05,21.51,21.8,1362600.0,21.8
2009-06-11,22.06,22.53,21.99,22.24,1921100.0,22.24
2009-06-10,22.17,22.39,21.7,22.15,1949800.0,22.15
2009-06-09,22.0,22.19,21.75,21.87,1385300.0,21.87
2009-06-08,21.75,22.09,21.63,21.91,1245800.0,21.91
2009-06-05,22.01,22.13,21.43,21.78,2066500.0,21.78
2009-06-04,21.9,22.18,21.61,21.81,2379000.0,21.81
2009-06-03,22.93,23.02,21.68,21.83,2765300.0,21.83
2009-06-02,23.14,23.52,22.73,23.03,1144400.0,23.03
2009-06-01,22.55,23.38,22.47,23.27,1984300.0,23.27
2009-05-29,21.92,22.48,21.66,22.4,2246500.0,22.4
2009-05-28,21.43,21.98,20.92,21.83,1832000.0,21.83
2009-05-27,22.01,22.06,21.16,21.2,1594600.0,21.2
2009-05-26,20.98,22.07,20.76,22.06,2395100.0,22.06
2009-05-22,20.99,21.4,20.8,21.06,1337600.0,21.06
2009-05-21,21.57,21.6,20.72,20.9,2437100.0,20.9
2009-05-20,22.35,22.74,21.59,21.66,1946800.0,21.66
2009-05-19,22.81,22.85,22.11,22.18,1688500.0,22.18
2009-05-18,21.6,22.41,21.47,22.41,2280200.0,22.41
2009-05-15,21.33,21.87,21.16,21.4,1727400.0,21.4
2009-05-14,20.55,21.62,20.55,21.41,2141000.0,21.41
2009-05-13,21.15,21.45,20.68,20.75,2034400.0,20.75
2009-05-12,21.74,21.99,21.06,21.38,2653500.0,21.38
2009-05-11,21.98,22.08,21.46,21.58,2102300.0,21.58
2009-05-08,21.65,22.4,21.65,22.24,2056800.0,22.24
2009-05-07,22.84,23.36,21.34,21.47,3577300.0,21.47
2009-05-06,22.59,22.82,22.2,22.75,2192100.0,22.75
2009-05-05,21.7,22.42,21.69,22.23,2377400.0,22.23
2009-05-04,21.38,22.03,21.28,22.02,2436100.0,22.02
2009-05-01,22.24,22.38,21.05,21.43,3033400.0,21.43
2009-04-30,21.96,22.34,21.67,21.86,2237300.0,21.86
2009-04-29,21.73,22.39,21.66,21.8,3073400.0,21.8
2009-04-28,21.44,21.87,21.18,21.55,2183000.0,21.55
2009-04-27,21.73,21.89,21.28,21.53,3413200.0,21.53
2009-04-24,20.88,22.18,20.78,21.95,4804700.0,21.95
2009-04-23,20.25,21.51,19.8,20.82,10576400.0,20.82
2009-04-22,16.31,17.61,16.3,17.14,2486100.0,17.14
2009-04-21,16.16,16.89,16.16,16.76,2351000.0,16.76
2009-04-20,17.56,17.56,16.38,16.47,3312800.0,16.47
2009-04-17,17.1,17.83,17.1,17.78,2898300.0,17.78
2009-04-16,17.57,17.57,16.87,17.29,2236500.0,17.29
2009-04-15,16.35,17.16,16.35,17.16,2666300.0,17.16
2009-04-14,16.49,16.7,16.23,16.48,2475800.0,16.48
2009-04-13,17.02,17.17,16.2,16.59,2423500.0,16.59
2009-04-09,16.56,17.08,16.4,17.08,2266200.0,17.08
2009-04-08,15.89,16.25,15.65,16.25,2733100.0,16.25
2009-04-07,16.49,16.5,15.57,15.81,3552700.0,15.81
2009-04-06,15.45,15.94,15.26,15.7,2185400.0,15.7
2009-04-03,15.45,15.8,15.13,15.8,2304700.0,15.8
2009-04-02,15.24,15.89,15.14,15.54,3419600.0,15.54
2009-04-01,14.4,15.02,14.01,14.98,3320300.0,14.98
2009-03-31,14.46,14.85,14.28,14.59,2383700.0,14.59
2009-03-30,14.93,14.94,14.03,14.25,3565500.0,14.25
2009-03-27,14.23,15.41,13.87,15.26,8437000.0,15.26
2009-03-26,13.3,14.43,13.3,14.39,6059600.0,14.39
2009-03-25,12.81,13.43,12.7,13.31,4767100.0,13.31
2009-03-24,13.0,13.08,12.67,12.73,2035500.0,12.73
2009-03-23,12.59,13.06,12.32,13.05,3698100.0,13.05
2009-03-20,13.01,13.01,12.24,12.37,2816800.0,12.37
2009-03-19,13.4,13.58,12.92,13.0,1685000.0,13.0
2009-03-18,12.6,13.56,12.53,13.38,3486400.0,13.38
2009-03-17,12.65,12.77,12.27,12.66,3586300.0,12.66
2009-03-16,12.31,12.73,12.21,12.5,3901000.0,12.5
2009-03-13,11.59,12.33,11.59,12.22,4107800.0,12.22
2009-03-12,11.29,11.79,10.91,11.66,3313300.0,11.66
2009-03-11,11.32,11.47,11.08,11.29,3013000.0,11.29
2009-03-10,10.85,11.3,10.68,11.23,4910500.0,11.23
2009-03-09,11.2,11.61,10.62,10.74,3925800.0,10.74
2009-03-06,11.44,11.81,10.99,11.27,4306700.0,11.27
2009-03-05,11.81,11.99,11.22,11.42,5096800.0,11.42
2009-03-04,12.3,12.53,11.4,12.01,7261200.0,12.01
2009-03-03,13.06,13.43,11.96,12.0,7761000.0,12.0
2009-03-02,15.37,15.6,12.79,12.9,10985500.0,12.9
2009-02-27,15.79,16.31,15.75,15.83,3436700.0,15.83
2009-02-26,16.22,16.66,15.99,16.08,3553300.0,16.08
2009-02-25,16.91,16.91,15.94,16.19,3565300.0,16.19
2009-02-24,16.45,17.0,15.5,16.87,4532000.0,16.87
2009-02-23,17.35,17.51,16.41,16.45,2972900.0,16.45
2009-02-20,17.18,17.57,16.81,17.32,4389200.0,17.32
2009-02-19,18.35,18.39,17.28,17.33,4754900.0,17.33
2009-02-18,19.06,19.06,18.12,18.24,3098300.0,18.24
2009-02-17,19.21,19.44,18.75,18.83,2928300.0,18.83
2009-02-13,20.51,20.63,19.62,19.67,2002100.0,19.67
2009-02-12,19.93,20.58,19.56,20.57,2241000.0,20.57
2009-02-11,20.26,20.47,19.86,20.22,2561100.0,20.22
2009-02-10,21.56,21.91,20.12,20.23,3420700.0,20.23
2009-02-09,22.02,22.18,21.7,21.91,1627400.0,21.91
2009-02-06,21.92,22.25,21.52,22.03,1955900.0,22.03
2009-02-05,21.84,22.26,21.43,21.68,2400400.0,21.68
2009-02-04,22.04,22.48,21.88,22.03,2210400.0,22.03
2009-02-03,21.69,22.14,21.64,22.02,2455200.0,22.02
2009-02-02,21.21,21.91,21.2,21.74,2645300.0,21.74
2009-01-30,22.05,22.43,21.48,21.62,2354300.0,21.62
2009-01-29,22.3,22.55,21.67,22.25,3006000.0,22.25
2009-01-28,22.33,22.89,21.96,22.47,3046700.0,22.47
2009-01-27,23.0,23.44,21.62,21.82,5423400.0,21.82
2009-01-26,21.14,21.85,20.76,21.44,2675800.0,21.44
2009-01-23,20.96,21.3,20.63,20.99,3336800.0,20.99
2009-01-22,21.41,21.56,20.99,21.4,2382200.0,21.4
2009-01-21,21.45,21.74,20.69,21.58,3221700.0,21.58
2009-01-20,22.13,22.13,21.16,21.21,3091300.0,21.21
2009-01-16,22.25,22.97,21.9,22.07,3355600.0,22.07
2009-01-15,21.89,22.23,21.2,22.08,2953900.0,22.08
2009-01-14,22.41,22.41,21.76,21.97,1878700.0,21.97
2009-01-13,23.09,23.12,22.63,22.77,3046900.0,22.77
2009-01-12,22.99,23.24,22.84,23.08,1827100.0,23.08
2009-01-09,23.75,23.75,23.15,23.25,1786700.0,23.25
2009-01-08,23.74,23.93,23.58,23.75,1885800.0,23.75
2009-01-07,23.74,24.35,23.53,23.92,2199500.0,23.92
2009-01-06,24.37,25.07,23.68,23.74,2340500.0,23.74
2009-01-05,24.93,24.93,24.04,24.25,2130800.0,24.25
2009-01-02,25.25,25.31,24.52,25.02,1268300.0,25.02
2008-12-31,24.63,25.07,24.49,24.88,1033700.0,24.88
2008-12-30,24.23,24.56,24.06,24.45,1500600.0,24.45
2008-12-29,23.89,24.13,23.56,23.98,919100.0,23.98
2008-12-26,23.66,23.97,23.6,23.89,519000.0,23.89
2008-12-24,23.34,23.79,23.34,23.69,358800.0,23.69
2008-12-23,24.02,24.02,23.18,23.24,1705700.0,23.24
2008-12-22,24.18,24.18,23.29,23.66,2065500.0,23.66
2008-12-19,23.5,24.76,23.5,24.07,2596600.0,24.07
2008-12-18,23.9,24.14,23.54,23.71,1977400.0,23.71
2008-12-17,23.15,24.05,22.86,23.53,2067700.0,23.53
2008-12-16,22.69,23.44,22.32,23.43,2520300.0,23.43
2008-12-15,22.73,23.06,22.05,22.41,2224100.0,22.41
2008-12-12,21.47,22.83,21.33,22.76,2324600.0,22.76
2008-12-11,21.56,22.31,21.5,21.89,2890200.0,21.89
2008-12-10,22.29,22.37,21.45,21.84,3526200.0,21.84
2008-12-09,23.06,23.62,22.32,22.45,3357800.0,22.45
2008-12-08,23.83,24.32,23.44,23.59,4478800.0,23.59
2008-12-05,22.95,23.38,21.66,23.3,4100500.0,23.3
2008-12-04,23.48,24.41,22.87,23.2,2719100.0,23.2
2008-12-03,23.44,24.23,23.14,23.92,2925500.0,23.92
2008-12-02,23.34,24.5,22.51,23.74,2778600.0,23.74
2008-12-01,24.74,24.78,23.23,23.32,2728000.0,23.32
2008-11-28,24.62,24.99,24.37,24.99,749700.0,24.99
2008-11-26,23.59,24.79,23.16,24.61,2171200.0,24.61
2008-11-25,23.49,24.2,23.15,24.09,3176900.0,24.09
2008-11-24,22.0,23.2,21.64,22.89,2922700.0,22.89
2008-11-21,21.93,21.93,20.44,21.64,4014300.0,21.64
2008-11-20,23.08,23.83,21.24,21.56,3696300.0,21.56
2008-11-19,24.46,24.62,23.08,23.23,2392500.0,23.23
2008-11-18,24.44,24.79,23.65,24.32,2483600.0,24.32
2008-11-17,23.23,24.88,23.23,24.55,2559900.0,24.55
2008-11-14,24.64,25.44,24.33,24.53,3175400.0,24.53
2008-11-13,23.63,25.14,22.59,25.14,3615000.0,25.14
2008-11-12,23.72,23.82,23.23,23.46,2462600.0,23.46
2008-11-11,24.58,24.58,23.42,24.05,2262900.0,24.05
2008-11-10,25.17,25.32,24.13,24.39,2523600.0,24.39
2008-11-07,24.44,25.29,24.01,24.72,2557100.0,24.72
2008-11-06,25.29,25.31,24.23,24.36,2572600.0,24.36
2008-11-05,25.78,26.31,25.25,25.42,1772700.0,25.42
2008-11-04,25.02,26.65,25.01,26.34,2882300.0,26.34
2008-11-03,23.6,25.05,23.56,24.8,2418500.0,24.8
2008-10-31,23.85,24.0,23.02,23.56,2789200.0,23.56
2008-10-30,24.39,25.2,23.1,23.55,2910200.0,23.55
2008-10-29,25.33,25.37,23.65,24.19,2615900.0,24.19
2008-10-28,24.55,25.13,22.92,25.13,3677900.0,25.13
2008-10-27,24.95,26.09,23.89,23.92,2413700.0,23.92
2008-10-24,25.17,25.73,24.14,25.32,3633200.0,25.32
2008-10-23,24.87,26.26,24.18,26.2,4834900.0,26.2
2008-10-22,23.08,24.7,22.9,24.37,4378700.0,24.37
2008-10-21,24.97,25.05,23.36,23.56,4541800.0,23.56
2008-10-20,23.51,23.64,21.77,23.63,7037800.0,23.63
2008-10-17,22.82,25.31,22.82,24.26,4277300.0,24.26
2008-10-16,23.82,25.11,22.75,23.88,4777600.0,23.88
2008-10-15,24.84,25.17,23.84,24.03,3117000.0,24.03
2008-10-14,25.81,26.27,24.8,25.29,2573700.0,25.29
2008-10-13,25.83,26.1,24.78,25.22,3395200.0,25.22
2008-10-10,22.11,26.59,21.66,25.07,6511100.0,25.07
2008-10-09,23.43,25.19,22.79,22.96,4752800.0,22.96
2008-10-08,22.39,24.25,21.82,23.13,3246700.0,23.13
2008-10-07,24.5,24.92,22.54,22.54,2952600.0,22.54
2008-10-06,24.45,24.59,23.23,24.3,2405000.0,24.3
2008-10-03,25.61,25.99,24.75,24.76,2733900.0,24.76
2008-10-02,25.87,26.95,25.17,25.21,2048000.0,25.21
2008-10-01,24.62,25.7,24.48,25.51,1597300.0,25.51
2008-09-30,25.01,26.01,24.56,24.83,1924400.0,24.83
2008-09-29,26.09,26.28,24.9,24.98,1863300.0,24.98
2008-09-26,25.78,26.44,25.51,26.4,927500.0,26.4
2008-09-25,25.45,26.12,25.32,25.92,1183100.0,25.92
2008-09-24,25.32,25.32,24.55,25.11,1845100.0,25.11
2008-09-23,26.2,26.2,25.0,25.3,1865800.0,25.3
2008-09-22,28.23,28.49,25.47,25.83,2627000.0,25.83
2008-09-19,28.06,28.06,26.72,28.06,2507100.0,28.06
2008-09-18,26.33,28.15,25.4,27.6,2760100.0,27.6
2008-09-17,26.1,26.61,25.66,25.93,2581500.0,25.93
2008-09-16,25.04,26.76,25.04,26.63,3501200.0,26.63
2008-09-15,25.8,27.03,25.8,26.08,1499600.0,26.08
2008-09-12,26.88,27.14,26.6,27.06,1965100.0,27.06
2008-09-11,26.63,27.32,26.47,27.15,1488000.0,27.15
2008-09-10,26.94,27.25,26.48,26.87,1804600.0,26.87
2008-09-09,27.05,27.24,26.14,26.72,3585200.0,26.72
2008-09-08,27.79,28.15,26.71,27.03,2744400.0,27.03
2008-09-05,27.11,27.33,26.46,27.19,1766500.0,27.19
2008-09-04,27.73,28.44,27.38,27.42,2111700.0,27.42
2008-09-03,27.33,28.47,27.32,28.41,1738800.0,28.41
2008-09-02,27.35,28.3,27.01,27.73,2503300.0,27.73
2008-08-29,26.75,27.18,26.49,26.87,1203000.0,26.87
2008-08-28,26.48,26.92,26.1,26.79,1065700.0,26.79
2008-08-27,25.61,26.14,25.33,25.94,797000.0,25.94
2008-08-26,25.3,25.75,25.3,25.65,818400.0,25.65
2008-08-25,25.88,26.29,25.54,25.64,850700.0,25.64
2008-08-22,26.32,26.84,25.91,26.49,921500.0,26.49
2008-08-21,24.99,26.22,24.51,26.01,877500.0,26.01
2008-08-20,26.11,26.5,25.98,26.26,827500.0,26.26
2008-08-19,26.52,26.72,26.17,26.35,1073100.0,26.35
2008-08-18,27.46,27.49,26.65,26.74,1292900.0,26.74
2008-08-15,26.53,27.51,26.53,27.27,1809200.0,27.27
2008-08-14,25.8,26.66,25.5,26.15,1635600.0,26.15
2008-08-13,26.66,26.66,25.61,26.14,1826400.0,26.14
2008-08-12,26.87,26.95,26.4,26.66,2578000.0,26.66
2008-08-11,25.48,26.87,25.48,26.82,2261400.0,26.82
2008-08-08,24.68,26.0,24.65,26.0,1796800.0,26.0
2008-08-07,24.68,24.88,24.49,24.63,1178100.0,24.63
2008-08-06,24.52,25.04,24.47,25.01,1157200.0,25.01
2008-08-05,24.5,24.97,24.32,24.95,1939000.0,24.95
2008-08-04,24.32,24.66,23.5,24.23,1709100.0,24.23
2008-08-01,24.26,24.5,23.98,24.33,1640900.0,24.33
2008-07-31,24.32,24.54,23.91,24.11,1873700.0,24.11
2008-07-30,23.88,24.75,23.88,24.16,2439200.0,24.16
2008-07-29,23.27,24.14,23.25,24.1,1580800.0,24.1
2008-07-28,23.47,23.77,23.11,23.11,1558600.0,23.11
2008-07-25,23.4,23.74,22.97,23.6,2628700.0,23.6
2008-07-24,23.28,23.51,22.96,23.1,3156600.0,23.1
2008-07-23,23.79,25.0,23.05,23.54,7197100.0,23.54
2008-07-22,21.23,22.19,21.15,22.06,3180400.0,22.06
2008-07-21,21.42,21.77,21.08,21.35,1350500.0,21.35
2008-07-18,21.99,22.02,20.77,21.57,1921500.0,21.57
2008-07-17,20.74,22.0,20.58,21.97,2641600.0,21.97
2008-07-16,19.71,20.51,19.62,20.5,2587300.0,20.5
2008-07-15,19.53,20.3,18.98,19.79,3851600.0,19.79
2008-07-14,20.67,20.67,19.54,19.77,2715100.0,19.77
2008-07-11,20.79,20.85,20.18,20.41,3258800.0,20.41
2008-07-10,21.21,21.54,20.84,21.15,1843200.0,21.15
2008-07-09,21.72,22.17,21.1,21.15,2995000.0,21.15
2008-07-08,20.79,21.99,20.56,21.95,2747300.0,21.95
2008-07-07,21.0,21.11,20.41,20.65,2546700.0,20.65
2008-07-03,20.9,21.17,20.72,20.99,988600.0,20.99
2008-07-02,21.23,21.23,20.64,20.67,1729600.0,20.67
2008-07-01,20.95,21.07,20.34,21.04,3286800.0,21.04
2008-06-30,21.0,21.58,20.82,21.23,3021600.0,21.23
2008-06-27,21.41,21.62,20.92,20.92,3032900.0,20.92
2008-06-26,22.21,22.22,21.48,21.49,2113000.0,21.49
2008-06-25,21.93,22.84,21.93,22.63,1890000.0,22.63
2008-06-24,22.19,22.36,21.56,22.0,3203000.0,22.0
2008-06-23,22.67,22.67,22.18,22.29,1297900.0,22.29
2008-06-20,23.22,23.23,22.45,22.53,1921600.0,22.53
2008-06-19,23.05,23.36,22.87,23.28,1416600.0,23.28
2008-06-18,23.02,23.32,22.87,22.99,1606100.0,22.99
2008-06-17,23.54,23.72,23.05,23.17,1201600.0,23.17
2008-06-16,23.76,23.9,23.42,23.49,2219300.0,23.49
2008-06-13,23.71,24.4,23.57,24.39,1277400.0,24.39
2008-06-12,23.34,24.07,23.16,23.57,1452200.0,23.57
2008-06-11,23.29,23.48,22.95,23.06,2099800.0,23.06
2008-06-10,23.04,23.36,22.68,23.25,2591800.0,23.25
2008-06-09,23.36,23.83,23.11,23.37,1604500.0,23.37
2008-06-06,24.07,24.57,23.79,23.83,2326900.0,23.83
2008-06-05,24.72,25.02,24.39,24.83,1955100.0,24.83
2008-06-04,23.8,24.72,23.77,24.44,2085900.0,24.44
2008-06-03,24.22,24.29,23.45,23.77,2616000.0,23.77
2008-06-02,24.48,24.63,24.17,24.32,1689400.0,24.32
2008-05-30,25.13,25.16,24.27,24.63,1873000.0,24.63
2008-05-29,24.28,25.31,24.2,24.93,3193800.0,24.93
2008-05-28,23.66,24.34,23.6,24.28,2137900.0,24.28
2008-05-27,23.67,23.93,23.42,23.79,1401300.0,23.79
2008-05-23,23.64,23.69,23.23,23.51,2306400.0,23.51
2008-05-22,23.5,23.87,23.32,23.64,1143500.0,23.64
2008-05-21,24.19,24.19,23.26,23.51,1772800.0,23.51
2008-05-20,24.4,24.62,23.79,24.1,2545100.0,24.1
2008-05-19,24.7,25.62,24.46,24.6,2843500.0,24.6
2008-05-16,24.5,25.22,24.14,24.56,1657200.0,24.56
2008-05-15,24.67,25.02,24.58,24.95,1296800.0,24.95
2008-05-14,24.68,25.37,24.59,24.77,2217800.0,24.77
2008-05-13,24.83,24.83,24.26,24.59,1532600.0,24.59
2008-05-12,24.09,24.64,24.09,24.61,1568400.0,24.61
2008-05-09,23.7,24.47,23.63,24.13,1595800.0,24.13
2008-05-08,24.05,24.18,23.58,23.91,2191000.0,23.91
2008-05-07,23.79,24.66,23.7,24.08,2343900.0,24.08
2008-05-06,23.55,23.86,23.41,23.63,1671100.0,23.63
2008-05-05,23.82,24.07,23.6,23.84,1537600.0,23.84
2008-05-02,24.72,24.92,23.81,23.98,2103700.0,23.98
2008-05-01,23.75,24.85,23.75,24.57,2916300.0,24.57
2008-04-30,23.82,24.17,23.34,23.79,4105900.0,23.79
2008-04-29,23.7,24.24,23.4,23.82,2912700.0,23.82
2008-04-28,24.65,24.65,23.47,23.51,2784900.0,23.51
2008-04-25,24.4,24.52,23.95,24.37,2156700.0,24.37
2008-04-24,24.09,24.81,23.51,24.5,4763000.0,24.5
2008-04-23,25.92,26.06,24.93,25.27,1742600.0,25.27
2008-04-22,26.25,26.31,25.2,25.7,1154900.0,25.7
2008-04-21,26.52,26.63,26.2,26.32,566600.0,26.32
2008-04-18,26.21,26.85,26.21,26.61,1056800.0,26.61
2008-04-17,25.91,26.07,25.41,25.96,1471900.0,25.96
2008-04-16,25.97,26.36,25.77,26.0,1539200.0,26.0
2008-04-15,26.34,26.34,25.33,25.81,1543600.0,25.81
2008-04-14,25.98,26.16,25.84,26.12,937900.0,26.12
2008-04-11,26.03,26.13,25.77,25.9,1249000.0,25.9
2008-04-10,25.58,26.26,25.58,26.25,1412700.0,26.25
2008-04-09,25.98,26.34,25.36,25.52,722700.0,25.52
2008-04-08,26.12,26.39,25.68,25.89,704500.0,25.89
2008-04-07,26.71,26.89,26.13,26.29,975300.0,26.29
2008-04-04,26.28,27.02,25.95,26.64,1390500.0,26.64
2008-04-03,26.45,26.45,25.76,26.25,1856600.0,26.25
2008-04-02,27.34,27.34,26.47,26.56,1721000.0,26.56
2008-04-01,26.35,27.32,26.2,27.25,1696200.0,27.25
2008-03-31,25.77,26.4,25.77,26.21,1535600.0,26.21
2008-03-28,25.94,26.44,25.93,26.05,821300.0,26.05
2008-03-27,26.74,26.74,25.96,26.1,1306600.0,26.1
2008-03-26,27.07,27.24,26.44,26.59,1267300.0,26.59
2008-03-25,27.39,27.4,26.61,27.35,1721700.0,27.35
2008-03-24,26.5,27.41,26.47,27.08,1592300.0,27.08
2008-03-20,25.45,26.52,25.01,26.3,1729200.0,26.3
2008-03-19,26.15,26.8,25.73,25.73,1746200.0,25.73
2008-03-18,25.57,26.24,25.34,26.08,1833300.0,26.08
2008-03-17,24.96,25.38,24.64,25.13,1708500.0,25.13
2008-03-14,26.13,26.14,25.04,25.53,1584000.0,25.53
2008-03-13,24.77,26.15,24.69,25.97,2271800.0,25.97
2008-03-12,25.42,25.48,25.03,25.09,1843800.0,25.09
2008-03-11,24.59,25.31,24.43,25.31,2439800.0,25.31
2008-03-10,24.32,24.78,23.92,24.0,1576200.0,24.0
2008-03-07,24.72,25.31,24.54,24.8,1153900.0,24.8
2008-03-06,25.86,25.91,25.03,25.06,1530100.0,25.06
2008-03-05,25.5,26.4,25.5,25.9,2584900.0,25.9
2008-03-04,25.07,25.63,24.81,25.45,2633200.0,25.45
2008-03-03,25.11,25.48,24.61,25.34,2166600.0,25.34
2008-02-29,25.79,26.62,25.07,25.32,2744700.0,25.32
2008-02-28,27.08,27.18,26.39,26.68,1574700.0,26.68
2008-02-27,27.38,27.54,26.88,27.33,959000.0,27.33
2008-02-26,27.35,27.97,27.24,27.49,1416200.0,27.49
2008-02-25,27.3,27.72,26.94,27.43,1735400.0,27.43
2008-02-22,27.25,27.35,26.66,27.16,1253100.0,27.16
2008-02-21,27.9,28.0,27.16,27.18,989900.0,27.18
2008-02-20,27.0,27.88,26.91,27.75,1603100.0,27.75
2008-02-19,28.2,28.37,27.27,27.35,1981400.0,27.35
2008-02-15,28.18,28.2,27.61,27.82,2014400.0,27.82
2008-02-14,28.73,28.87,28.06,28.31,1539400.0,28.31
2008-02-13,28.96,29.18,28.32,28.8,1100400.0,28.8
2008-02-12,28.68,29.0,28.34,28.62,1569100.0,28.62
2008-02-11,27.73,28.84,27.73,28.65,2138000.0,28.65
2008-02-08,27.66,29.52,27.5,27.95,1335600.0,27.95
2008-02-07,28.03,28.43,27.62,27.94,1483500.0,27.94
2008-02-06,27.68,28.43,27.67,28.06,1851100.0,28.06
2008-02-05,27.87,28.26,27.74,27.82,1167100.0,27.82
2008-02-04,29.19,29.25,28.31,28.44,1653200.0,28.44
2008-02-01,28.7,28.92,28.08,28.92,1608400.0,28.92
2008-01-31,27.09,29.07,27.09,28.59,2169800.0,28.59
2008-01-30,27.89,28.59,27.7,27.8,1417100.0,27.8
2008-01-29,27.98,28.68,27.8,27.98,2033300.0,27.98
2008-01-28,26.65,27.98,26.41,27.87,2131900.0,27.87
2008-01-25,26.73,27.2,26.26,26.7,2780300.0,26.7
2008-01-24,25.18,26.92,25.13,26.41,5860700.0,26.41
2008-01-23,23.72,25.24,23.05,24.7,4756600.0,24.7
2008-01-22,23.36,24.63,23.0,24.39,2746500.0,24.39
2008-01-18,25.08,25.62,24.31,24.66,2676600.0,24.66
2008-01-17,26.38,26.46,24.91,24.96,2445200.0,24.96
2008-01-16,25.76,26.7,25.52,26.35,2788500.0,26.35
2008-01-15,25.67,26.23,25.42,25.83,2299800.0,25.83
2008-01-14,25.15,25.95,25.04,25.94,1964200.0,25.94
2008-01-11,25.12,25.69,24.9,25.0,3341800.0,25.0
2008-01-10,24.36,25.76,24.22,25.43,1945550.0,25.43
2008-01-09,24.24,24.51,23.66,24.51,2384600.0,24.51
2008-01-08,25.44,25.55,24.28,24.3,2176700.0,24.3
2008-01-07,25.41,26.07,25.09,25.28,2717900.0,25.28
2008-01-04,25.64,25.64,24.94,25.16,1832000.0,25.16
2008-01-03,25.99,26.1,25.64,25.78,1029400.0,25.78
2008-01-02,26.4,26.79,25.75,25.99,1550200.0,25.99
2007-12-31,26.39,26.72,26.31,26.63,1127500.0,26.63
2007-12-28,26.63,26.76,26.31,26.53,935600.0,26.53
2007-12-27,26.85,26.99,26.4,26.47,896200.0,26.47
2007-12-26,26.99,27.3,26.88,27.05,1105400.0,27.05
2007-12-24,26.9,27.53,26.83,27.12,327100.0,27.12
2007-12-21,26.73,27.18,26.7,27.09,2042300.0,27.09
2007-12-20,25.8,26.6,25.69,26.42,2251100.0,26.42
2007-12-19,26.09,26.09,25.46,25.54,2015500.0,25.54
2007-12-18,25.83,25.99,25.61,25.85,1791500.0,25.85
2007-12-17,25.6,25.93,25.41,25.7,1500300.0,25.7
2007-12-14,25.78,25.84,25.34,25.74,1715100.0,25.74
2007-12-13,25.85,26.1,25.46,25.99,1297200.0,25.99
2007-12-12,26.53,26.53,25.6,26.02,2046400.0,26.02
2007-12-11,26.38,26.67,25.96,26.0,2178200.0,26.0
2007-12-10,26.56,26.7,26.18,26.39,1230000.0,26.39
2007-12-07,26.23,26.73,26.19,26.56,1268500.0,26.56
2007-12-06,25.99,26.26,25.53,26.23,2028400.0,26.23
2007-12-05,26.15,26.5,25.76,26.0,1927800.0,26.0
2007-12-04,25.93,26.02,25.47,25.93,3749500.0,25.93
2007-12-03,25.66,26.24,25.44,26.03,2976500.0,26.03
2007-11-30,25.11,25.6,24.97,25.4,3026500.0,25.4
2007-11-29,24.53,24.96,24.35,24.86,2265700.0,24.86
2007-11-28,23.5,24.69,23.45,24.66,3356200.0,24.66
2007-11-27,23.02,23.52,22.9,23.16,2762300.0,23.16
2007-11-26,22.98,23.68,22.9,22.95,2435300.0,22.95
2007-11-23,23.1,23.27,22.89,23.1,577100.0,23.1
2007-11-21,23.23,23.4,22.86,22.94,2194600.0,22.94
2007-11-20,23.62,23.84,22.79,23.37,2632000.0,23.37
2007-11-19,24.38,24.42,23.27,23.65,3389200.0,23.65
2007-11-16,25.05,25.13,24.22,24.5,2096300.0,24.5
2007-11-15,25.55,25.75,24.3,24.83,4077400.0,24.83
2007-11-14,26.77,26.79,25.61,25.7,2259800.0,25.7
2007-11-13,25.86,26.65,25.85,26.65,1950000.0,26.65
2007-11-12,25.41,26.21,25.34,25.68,2208400.0,25.68
2007-11-09,25.5,25.71,25.23,25.48,2380200.0,25.48
2007-11-08,25.21,25.81,24.86,25.77,3321900.0,25.77
2007-11-07,25.78,26.16,25.28,25.28,2226400.0,25.28
2007-11-06,26.51,26.64,26.04,26.27,2753300.0,26.27
2007-11-05,26.22,26.7,26.19,26.55,1385700.0,26.55
2007-11-02,26.74,26.91,26.4,26.67,1902900.0,26.67
2007-11-01,27.25,27.59,26.72,26.75,2613100.0,26.75
2007-10-31,27.3,27.53,27.13,27.47,2384300.0,27.47
2007-10-30,26.62,27.22,26.62,27.2,2304800.0,27.2
2007-10-29,27.0,27.05,26.42,26.62,2452500.0,26.62
2007-10-26,27.1,27.17,26.26,26.96,4569900.0,26.96
2007-10-25,27.36,27.36,26.63,27.0,4043400.0,27.0
2007-10-24,27.59,27.72,26.82,27.42,3998600.0,27.42
2007-10-23,27.1,27.93,26.78,27.0,7648100.0,27.0
2007-10-22,28.65,29.31,27.95,28.87,2840400.0,28.87
2007-10-19,29.29,29.7,29.0,29.03,2142600.0,29.03
2007-10-18,29.61,30.08,29.32,29.42,2323400.0,29.42
2007-10-17,29.83,30.23,29.49,29.75,2454900.0,29.75
2007-10-16,30.2,30.25,29.34,29.53,2268100.0,29.53
2007-10-15,30.88,31.15,29.96,30.31,2196200.0,30.31
2007-10-12,30.64,31.54,30.27,31.11,2429400.0,31.11
2007-10-11,30.21,30.76,30.04,30.64,3322500.0,30.64
2007-10-10,30.37,30.38,29.68,29.95,1867200.0,29.95
2007-10-09,30.69,30.81,30.27,30.43,1988500.0,30.43
2007-10-08,30.9,30.93,30.33,30.66,1922500.0,30.66
2007-10-05,30.1,31.05,29.93,31.01,3393900.0,31.01
2007-10-04,29.6,29.79,28.71,29.66,4837500.0,29.66
2007-10-03,29.45,30.0,29.1,29.79,2871000.0,29.79
2007-10-02,29.56,29.67,29.24,29.64,2085400.0,29.64
2007-10-01,28.75,29.52,28.72,29.48,2132900.0,29.48
2007-09-28,28.55,28.73,28.04,28.66,1972200.0,28.66
2007-09-27,28.15,28.85,28.13,28.58,1518800.0,28.58
2007-09-26,28.14,28.29,27.57,28.07,1825500.0,28.07
2007-09-25,27.84,28.63,27.58,27.87,2559600.0,27.87
2007-09-24,28.12,28.29,27.66,27.97,1806900.0,27.97
2007-09-21,28.91,29.03,28.24,28.29,2438000.0,28.29
2007-09-20,28.81,28.99,28.59,28.71,2163900.0,28.71
2007-09-19,28.48,29.06,28.45,28.93,2686000.0,28.93
2007-09-18,26.98,28.18,26.91,28.13,1729500.0,28.13
2007-09-17,27.3,27.64,26.85,26.99,2041500.0,26.99
2007-09-14,27.16,27.86,27.15,27.44,1730600.0,27.44
2007-09-13,27.56,27.79,27.36,27.52,1982100.0,27.52
2007-09-12,27.64,27.72,27.1,27.28,2303900.0,27.28
2007-09-11,27.91,28.33,27.47,27.79,1678900.0,27.79
2007-09-10,28.53,28.7,27.33,27.85,3461300.0,27.85
2007-09-07,28.33,28.92,28.25,28.68,2910800.0,28.68
2007-09-06,29.05,29.75,28.73,28.83,3856300.0,28.83
2007-09-05,28.5,28.69,27.93,28.14,2198600.0,28.14
2007-09-04,29.08,29.23,28.5,28.83,2256700.0,28.83
2007-08-31,29.18,29.53,28.88,29.25,1698700.0,29.25
2007-08-30,28.37,28.82,28.32,28.63,1740400.0,28.63
2007-08-29,28.47,28.97,28.05,28.78,1453900.0,28.78
2007-08-28,29.32,29.57,28.11,28.16,1663200.0,28.16
2007-08-27,29.99,30.22,29.22,29.23,1048300.0,29.23
2007-08-24,29.44,30.23,29.2,30.15,1687400.0,30.15
2007-08-23,29.79,29.93,29.1,29.25,1241800.0,29.25
2007-08-22,29.04,30.66,28.92,29.25,1946000.0,29.25
2007-08-21,28.45,28.95,28.3,28.77,1813400.0,28.77
2007-08-20,28.5,29.03,28.09,28.88,1480700.0,28.88
2007-08-17,28.82,28.98,27.88,28.37,1816900.0,28.37
2007-08-16,28.01,28.53,26.51,27.79,3081000.0,27.79
2007-08-15,29.29,30.0,27.81,28.15,2100300.0,28.15
2007-08-14,30.66,30.66,28.83,29.29,2005300.0,29.29
2007-08-13,30.65,31.38,30.41,30.53,2335700.0,30.53
2007-08-10,28.2,30.73,27.15,29.61,3488800.0,29.61
2007-08-09,29.7,29.98,26.14,28.09,4108100.0,28.09
2007-08-08,29.82,30.43,27.79,30.22,3885700.0,30.22
2007-08-07,30.14,30.82,28.76,29.13,2785100.0,29.13
2007-08-06,29.21,29.96,28.76,29.96,1528300.0,29.96
2007-08-03,31.32,31.46,29.43,29.5,2404200.0,29.5
2007-08-02,32.64,32.64,31.07,31.44,1757300.0,31.44
2007-08-01,31.6,32.34,30.94,31.77,2032300.0,31.77
2007-07-31,32.85,32.91,31.56,31.61,1694000.0,31.61
2007-07-30,32.48,33.2,32.17,32.82,1635000.0,32.82
2007-07-27,32.78,33.02,32.11,32.11,1994400.0,32.11
2007-07-26,34.69,34.79,32.66,32.91,2610200.0,32.91
2007-07-25,35.45,35.59,34.23,34.88,2239600.0,34.88
2007-07-24,32.25,35.95,32.25,35.25,3364200.0,35.25
2007-07-23,31.72,32.53,31.69,32.07,978300.0,32.07
2007-07-20,32.18,32.27,31.45,31.48,1031400.0,31.48
2007-07-19,32.71,32.79,31.94,32.1,1319700.0,32.1
2007-07-18,32.32,32.72,32.05,32.63,1079800.0,32.63
2007-07-17,32.13,32.64,32.04,32.61,1424400.0,32.61
2007-07-16,32.85,32.85,32.03,32.17,790600.0,32.17
2007-07-13,32.39,32.95,32.28,32.85,684400.0,32.85
2007-07-12,32.9,32.98,32.25,32.55,947600.0,32.55
2007-07-11,31.75,32.72,31.7,32.72,1216900.0,32.72
2007-07-10,32.56,32.61,31.75,31.75,1011200.0,31.75
2007-07-09,33.22,33.28,32.53,32.71,1177500.0,32.71
2007-07-06,32.88,32.96,32.45,32.91,668900.0,32.91
2007-07-05,32.94,33.19,32.83,32.95,946600.0,32.95
2007-07-03,32.62,33.01,32.62,32.99,367600.0,32.99
2007-07-02,32.07,32.68,31.95,32.61,801100.0,32.61
2007-06-29,32.04,32.51,31.46,31.89,1364600.0,31.89
2007-06-28,31.87,32.14,31.76,31.96,1209100.0,31.96
2007-06-27,32.2,32.6,31.78,32.07,1378200.0,32.07
2007-06-26,32.77,32.93,32.34,32.5,1218500.0,32.5
2007-06-25,32.4,33.09,32.38,32.74,1186200.0,32.74
2007-06-22,32.61,32.65,32.21,32.39,1293900.0,32.39
2007-06-21,31.96,32.85,31.96,32.8,947500.0,32.8
2007-06-20,31.83,33.18,31.83,32.67,907400.0,32.67
2007-06-19,32.37,32.62,32.28,32.62,891100.0,32.62
2007-06-18,32.94,33.02,32.54,32.6,628500.0,32.6
2007-06-15,32.61,32.61,32.33,32.55,1125500.0,32.55
2007-06-14,32.4,32.54,32.14,32.2,523900.0,32.2
2007-06-13,31.87,32.4,31.74,32.4,1133000.0,32.4
2007-06-12,32.31,32.31,31.71,31.75,583000.0,31.75
2007-06-11,32.38,32.44,31.98,32.31,712800.0,32.31
2007-06-08,31.61,32.46,31.61,32.46,439400.0,32.46
2007-06-07,33.01,33.04,32.24,32.24,702200.0,32.24
2007-06-06,33.35,33.44,33.0,33.02,470900.0,33.02
2007-06-05,33.65,33.79,33.18,33.41,490400.0,33.41
2007-06-04,33.8,34.04,33.57,33.85,594000.0,33.85
2007-06-01,33.97,34.36,33.72,33.94,857400.0,33.94
2007-05-31,34.26,34.95,33.91,33.97,746700.0,33.97
2007-05-30,33.67,34.03,33.5,34.03,401600.0,34.03
2007-05-29,33.86,34.07,33.55,33.69,442800.0,33.69
2007-05-25,33.74,34.05,33.65,33.77,290500.0,33.77
2007-05-24,33.97,34.36,33.66,33.71,850200.0,33.71
2007-05-23,34.49,34.8,33.84,33.87,586100.0,33.87
2007-05-22,34.5,34.68,34.42,34.49,455400.0,34.49
2007-05-21,33.82,34.55,33.82,34.45,693500.0,34.45
2007-05-18,34.19,34.24,33.84,33.96,743100.0,33.96
2007-05-17,33.99,34.07,33.68,33.92,770300.0,33.92
2007-05-16,34.46,34.46,33.84,34.1,760500.0,34.1
2007-05-15,34.38,34.86,34.04,34.42,734300.0,34.42
2007-05-14,34.04,34.54,33.83,34.43,743500.0,34.43
2007-05-11,33.86,34.24,33.82,34.17,560800.0,34.17
2007-05-10,35.06,35.06,33.82,33.85,777400.0,33.85
2007-05-09,34.14,35.13,34.02,35.05,978700.0,35.05
2007-05-08,34.35,34.54,33.9,34.28,500500.0,34.28
2007-05-07,34.42,34.85,34.39,34.53,345600.0,34.53
2007-05-04,34.49,34.75,34.15,34.43,568800.0,34.43
2007-05-03,34.81,35.0,34.42,34.44,468100.0,34.44
2007-05-02,34.61,34.82,34.35,34.56,470500.0,34.56
2007-05-01,34.58,34.6,34.25,34.6,617100.0,34.6
2007-04-30,35.09,35.2,34.58,34.58,711400.0,34.58
2007-04-27,35.15,35.2,34.56,35.11,833000.0,35.11
2007-04-26,35.53,35.62,34.98,35.14,753800.0,35.14
2007-04-25,34.57,35.74,34.33,35.4,1306900.0,35.4
2007-04-24,35.0,35.0,33.85,34.32,2049000.0,34.32
2007-04-23,36.17,36.88,36.01,36.26,886300.0,36.26
2007-04-20,36.43,36.64,36.18,36.36,1045800.0,36.36
2007-04-19,35.59,36.04,35.46,35.96,634900.0,35.96
2007-04-18,35.66,35.89,35.42,35.79,849100.0,35.79
2007-04-17,36.03,36.27,35.73,35.87,840000.0,35.87
2007-04-16,35.41,36.1,35.41,36.03,1198400.0,36.03
2007-04-13,34.89,35.41,34.84,35.4,1133100.0,35.4
2007-04-12,34.25,35.11,34.21,34.88,1348200.0,34.88
2007-04-11,33.45,34.12,33.32,33.86,1083300.0,33.86
2007-04-10,33.91,34.11,33.56,33.63,728200.0,33.63
2007-04-09,34.0,34.15,33.9,34.02,404100.0,34.02
2007-04-05,34.05,34.15,33.87,34.02,561700.0,34.02
2007-04-04,34.19,34.33,34.04,34.13,627600.0,34.13
2007-04-03,33.79,34.38,33.78,34.18,859200.0,34.18
2007-04-02,33.75,33.92,33.52,33.7,854300.0,33.7
2007-03-30,33.82,34.2,33.55,33.74,1057100.0,33.74
2007-03-29,33.68,34.42,33.41,33.9,2524800.0,33.9
2007-03-28,32.52,32.75,32.18,32.28,554100.0,32.28
2007-03-27,32.96,32.96,32.55,32.74,910400.0,32.74
2007-03-26,32.66,32.96,32.33,32.96,802000.0,32.96
2007-03-23,32.59,32.9,32.47,32.72,813300.0,32.72
2007-03-22,32.4,32.77,32.4,32.51,553900.0,32.51
2007-03-21,32.14,32.56,31.84,32.49,644700.0,32.49
2007-03-20,32.13,32.34,31.99,32.22,880700.0,32.22
2007-03-19,31.45,32.13,31.45,32.01,735400.0,32.01
2007-03-16,31.81,31.81,31.13,31.35,1031000.0,31.35
2007-03-15,31.12,31.68,31.06,31.56,694100.0,31.56
2007-03-14,31.13,31.3,30.48,31.12,768700.0,31.12
2007-03-13,31.66,31.9,30.97,31.01,1024100.0,31.01
2007-03-12,31.53,31.95,31.48,31.86,882800.0,31.86
2007-03-09,31.7,31.95,31.51,31.72,604600.0,31.72
2007-03-08,31.3,31.74,31.13,31.58,759200.0,31.58
2007-03-07,31.18,31.44,30.96,31.01,1200600.0,31.01
2007-03-06,31.41,31.6,31.13,31.27,1891200.0,31.27
2007-03-05,31.57,31.88,31.25,31.3,746800.0,31.3
2007-03-02,32.37,32.37,31.47,31.7,785800.0,31.7
2007-03-01,31.6,32.44,31.26,32.41,1355300.0,32.41
2007-02-28,32.2,32.75,31.56,32.2,1440200.0,32.2
2007-02-27,33.0,33.0,31.77,31.77,1390300.0,31.77
2007-02-26,33.33,33.56,33.02,33.22,1010600.0,33.22
2007-02-23,33.04,33.4,32.95,33.26,1093100.0,33.26
2007-02-22,33.25,33.47,32.75,33.04,1285200.0,33.04
2007-02-21,33.3,33.31,32.98,33.18,2253500.0,33.18
2007-02-20,33.0,33.38,32.75,33.29,671700.0,33.29
2007-02-16,33.05,33.25,32.85,32.98,907000.0,32.98
2007-02-15,32.88,33.13,32.82,32.92,1046800.0,32.92
2007-02-14,32.85,33.22,32.7,32.87,989000.0,32.87
2007-02-13,32.49,32.91,32.49,32.86,935400.0,32.86
2007-02-12,32.49,32.63,32.2,32.33,814700.0,32.33
2007-02-09,32.41,32.71,32.29,32.41,665300.0,32.41
2007-02-08,32.46,32.57,32.16,32.4,1050400.0,32.4
2007-02-07,32.6,32.65,32.2,32.46,714100.0,32.46
2007-02-06,32.29,32.56,32.2,32.53,1024800.0,32.53
2007-02-05,32.49,32.5,32.13,32.29,1146500.0,32.29
2007-02-02,32.58,32.67,32.35,32.49,1266800.0,32.49
2007-02-01,32.45,32.99,32.43,32.8,1077000.0,32.8
2007-01-31,32.42,32.61,32.07,32.44,2064500.0,32.44
2007-01-30,32.85,32.85,32.23,32.32,1655000.0,32.32
2007-01-29,32.71,32.99,32.62,32.85,1967700.0,32.85
2007-01-26,32.56,32.98,32.24,32.77,2083300.0,32.77
2007-01-25,32.5,32.78,32.27,32.63,3028300.0,32.63
2007-01-24,34.48,34.48,31.58,32.55,5392500.0,32.55
2007-01-23,35.3,35.8,34.64,35.58,1706600.0,35.58
2007-01-22,36.23,36.23,35.17,35.24,1557900.0,35.24
2007-01-19,35.4,36.42,35.4,36.37,1177300.0,36.37
2007-01-18,35.99,36.01,35.31,35.8,1831600.0,35.8
2007-01-17,36.3,36.64,36.0,36.26,738900.0,36.26
2007-01-16,36.75,36.91,36.34,36.42,690100.0,36.42
2007-01-12,36.34,36.79,36.26,36.65,1166100.0,36.65
2007-01-11,35.75,36.5,35.75,36.33,1522300.0,36.33
2007-01-10,35.17,35.62,35.0,35.53,1260500.0,35.53
2007-01-09,35.52,35.57,34.92,35.17,1677600.0,35.17
2007-01-08,35.08,35.69,34.74,35.57,1359900.0,35.57
2007-01-05,34.85,35.36,34.68,35.18,1124300.0,35.18
2007-01-04,35.19,35.19,34.48,35.0,1511700.0,35.0
2007-01-03,35.55,35.87,35.09,35.26,2116900.0,35.26
2006-12-29,36.09,36.37,35.69,35.69,576800.0,35.69
2006-12-28,36.24,36.53,36.13,36.21,597500.0,36.21
2006-12-27,35.97,36.41,35.97,36.33,502500.0,36.33
2006-12-26,35.6,36.0,35.6,35.94,367400.0,35.94
2006-12-22,35.72,35.77,35.28,35.6,779600.0,35.6
2006-12-21,35.33,36.47,35.33,35.88,784500.0,35.88
2006-12-20,36.27,36.53,36.11,36.2,1275500.0,36.2
2006-12-19,35.76,36.39,35.67,36.27,1138000.0,36.27
2006-12-18,35.73,36.16,35.6,35.83,2098300.0,35.83
2006-12-15,35.99,36.04,35.67,35.84,2024800.0,35.84
2006-12-14,35.16,35.72,35.04,35.58,1085600.0,35.58
2006-12-13,34.85,35.36,34.8,35.2,1118700.0,35.2
2006-12-12,34.55,34.95,34.48,34.81,1391300.0,34.81
2006-12-11,34.82,34.94,34.47,34.68,910100.0,34.68
2006-12-08,34.53,34.96,34.3,34.77,875500.0,34.77
2006-12-07,34.7,34.89,34.42,34.67,1335200.0,34.67
2006-12-06,35.02,35.03,34.44,34.7,1368200.0,34.7
2006-12-05,34.42,35.07,34.37,35.02,1665800.0,35.02
2006-12-04,34.0,34.44,33.91,34.32,1831600.0,34.32
2006-12-01,34.16,34.32,33.6,33.81,1855900.0,33.81
2006-11-30,34.32,34.64,34.14,34.45,1298100.0,34.45
2006-11-29,33.75,34.33,33.75,34.32,1554700.0,34.32
2006-11-28,33.71,34.0,33.08,33.83,2481800.0,33.83
2006-11-27,34.11,34.11,33.72,33.77,2208800.0,33.77
2006-11-24,34.5,34.67,34.39,34.48,299000.0,34.48
2006-11-22,34.7,34.81,34.43,34.64,1496900.0,34.64
2006-11-21,34.88,35.26,34.55,34.78,2049600.0,34.78
2006-11-20,33.5,34.49,33.38,34.38,2319600.0,34.38
2006-11-17,33.38,33.68,32.61,33.67,1256100.0,33.67
2006-11-16,33.15,33.59,33.02,33.51,1465000.0,33.51
2006-11-15,33.04,33.58,32.94,33.03,1757000.0,33.03
2006-11-14,33.4,33.41,32.81,33.24,1934100.0,33.24
2006-11-13,32.95,33.51,32.54,33.45,2513700.0,33.45
2006-11-10,33.14,33.37,32.48,32.81,1800400.0,32.81
2006-11-09,32.5,33.09,32.15,32.96,3067600.0,32.96
2006-11-08,31.05,32.67,31.04,32.56,2947600.0,32.56
2006-11-07,31.36,31.62,31.02,31.1,1475100.0,31.1
2006-11-06,31.37,31.43,31.17,31.38,1285400.0,31.38
2006-11-03,31.29,31.59,31.07,31.2,1576400.0,31.2
2006-11-02,30.61,31.27,30.41,31.1,1149600.0,31.1
2006-11-01,30.99,31.14,30.58,30.61,705700.0,30.61
2006-10-31,31.08,31.3,30.59,30.84,961300.0,30.84
2006-10-30,30.68,31.1,30.5,31.07,1182600.0,31.07
2006-10-27,30.52,30.98,30.4,30.6,1166600.0,30.6
2006-10-26,30.4,30.9,30.39,30.51,2039900.0,30.51
2006-10-25,30.54,30.95,30.2,30.33,2275800.0,30.33
2006-10-24,30.0,31.75,29.81,30.7,3391800.0,30.7
2006-10-23,28.55,29.38,28.43,29.31,1005900.0,29.31
2006-10-20,29.06,29.06,28.34,28.7,901000.0,28.7
2006-10-19,28.31,28.97,28.26,28.89,801300.0,28.89
2006-10-18,28.66,28.79,28.34,28.42,998100.0,28.42
2006-10-17,29.15,29.19,28.39,28.5,1014700.0,28.5
2006-10-16,28.44,29.2,28.38,29.15,1135600.0,29.15
2006-10-13,28.42,28.73,28.17,28.56,888500.0,28.56
2006-10-12,28.5,28.96,28.13,28.55,1296800.0,28.55
2006-10-11,28.69,29.01,28.56,28.91,1077200.0,28.91
2006-10-10,28.37,28.77,28.24,28.68,1063800.0,28.68
2006-10-09,28.2,28.49,28.0,28.23,2097600.0,28.23
2006-10-06,28.75,28.85,28.11,28.19,2180800.0,28.19
2006-10-05,28.57,29.09,28.46,28.86,1051100.0,28.86
2006-10-04,28.36,28.71,28.15,28.7,691600.0,28.7
2006-10-03,28.08,28.48,27.82,28.35,1072200.0,28.35
2006-10-02,28.42,28.48,27.81,28.22,831000.0,28.22
2006-09-29,28.61,28.75,28.37,28.42,874900.0,28.42
2006-09-28,28.75,28.77,28.04,28.71,967000.0,28.71
2006-09-27,28.42,28.67,28.28,28.39,662300.0,28.39
2006-09-26,28.15,28.73,28.1,28.41,1189400.0,28.41
2006-09-25,27.78,28.39,27.63,28.31,941200.0,28.31
2006-09-22,27.85,28.05,27.55,27.6,792100.0,27.6
2006-09-21,28.03,28.35,27.77,27.84,697600.0,27.84
2006-09-20,28.0,28.35,27.92,28.05,658000.0,28.05
2006-09-19,27.8,28.0,27.37,27.91,1050100.0,27.91
2006-09-18,27.74,28.01,27.62,27.72,996000.0,27.72
2006-09-15,27.91,28.09,27.76,27.83,1389000.0,27.83
2006-09-14,27.57,27.62,27.18,27.57,853000.0,27.57
2006-09-13,27.2,27.6,27.08,27.57,1477400.0,27.57
2006-09-12,26.78,27.25,26.77,27.2,1288700.0,27.2
2006-09-11,26.71,26.88,26.53,26.69,1252400.0,26.69
2006-09-08,26.76,26.87,26.63,26.7,1229400.0,26.7
2006-09-07,26.71,26.86,26.66,26.73,738500.0,26.73
2006-09-06,26.95,26.99,26.51,26.87,1886300.0,26.87
2006-09-05,26.88,26.95,26.78,26.95,1238400.0,26.95
2006-09-01,26.85,26.96,26.65,26.83,1202700.0,26.83
2006-08-31,26.73,26.85,26.59,26.73,1473700.0,26.73
2006-08-30,26.79,26.89,26.66,26.73,1455100.0,26.73
2006-08-29,26.57,26.88,26.47,26.8,2121400.0,26.8
2006-08-28,26.7,26.89,26.53,26.58,2019500.0,26.58
2006-08-25,26.65,26.93,26.46,26.75,799900.0,26.75
2006-08-24,26.84,26.94,26.5,26.8,1411600.0,26.8
2006-08-23,26.73,26.9,26.48,26.69,1170500.0,26.69
2006-08-22,26.71,26.85,26.65,26.84,1758000.0,26.84
2006-08-21,26.71,26.84,26.65,26.66,1460200.0,26.66
2006-08-18,27.07,27.19,26.78,26.86,1367800.0,26.86
2006-08-17,26.53,27.06,26.49,26.84,1279600.0,26.84
2006-08-16,25.94,26.81,25.94,26.73,1880900.0,26.73
2006-08-15,25.6,25.85,25.57,25.75,1150000.0,25.75
2006-08-14,25.4,25.64,25.12,25.42,2298800.0,25.42
2006-08-11,25.2,25.38,25.07,25.27,1952500.0,25.27
2006-08-10,25.42,25.49,25.1,25.34,1807500.0,25.34
2006-08-09,25.68,25.81,25.29,25.39,1738800.0,25.39
2006-08-08,25.75,25.76,25.34,25.58,1540700.0,25.58
2006-08-07,25.27,25.76,25.27,25.64,1928600.0,25.64
2006-08-04,25.45,25.65,25.27,25.35,1551700.0,25.35
2006-08-03,24.85,25.46,24.85,25.43,1668100.0,25.43
2006-08-02,24.53,24.88,24.49,24.74,1910400.0,24.74
2006-08-01,24.5,24.65,24.26,24.45,1447800.0,24.45
2006-07-31,24.4,24.71,24.37,24.51,1903400.0,24.51
2006-07-28,24.25,24.7,24.18,24.41,1184500.0,24.41
2006-07-27,24.31,24.6,24.1,24.18,919900.0,24.18
2006-07-26,24.4,24.62,24.1,24.23,1129500.0,24.23
2006-07-25,25.0,25.12,23.84,24.4,2942400.0,24.4
2006-07-24,23.06,23.35,22.81,23.17,746900.0,23.17
2006-07-21,23.42,23.42,22.6,23.0,830100.0,23.0
2006-07-20,23.38,23.46,23.2,23.32,639700.0,23.32
2006-07-19,23.0,23.5,23.0,23.31,933600.0,23.31
2006-07-18,22.93,23.3,22.71,22.9,880100.0,22.9
2006-07-17,22.67,22.89,22.6,22.73,664900.0,22.73
2006-07-14,23.11,23.2,22.36,22.74,969600.0,22.74
2006-07-13,23.73,23.74,23.19,23.33,1003300.0,23.33
2006-07-12,24.65,24.77,23.88,23.88,680600.0,23.88
2006-07-11,24.76,24.79,24.29,24.7,715200.0,24.7
2006-07-10,24.43,24.73,24.32,24.68,694400.0,24.68
2006-07-07,24.68,24.87,24.31,24.39,687900.0,24.39
2006-07-06,24.5,24.7,24.49,24.68,355900.0,24.68
2006-07-05,24.51,24.69,24.34,24.49,536400.0,24.49
2006-07-03,24.8,24.8,24.45,24.48,197000.0,24.48
2006-06-30,24.75,24.84,24.58,24.75,910000.0,24.75
2006-06-29,24.05,24.78,24.0,24.75,619300.0,24.75
2006-06-28,23.88,24.01,23.71,23.88,420000.0,23.88
2006-06-27,24.01,24.17,23.84,23.84,1191700.0,23.84
2006-06-26,23.8,24.24,23.8,24.06,714600.0,24.06
2006-06-23,23.63,23.96,23.59,23.84,629300.0,23.84
2006-06-22,23.54,23.74,23.38,23.73,535800.0,23.73
2006-06-21,23.17,23.85,23.17,23.59,1335500.0,23.59
2006-06-20,22.99,23.32,22.73,23.19,914900.0,23.19
2006-06-19,23.85,24.0,22.61,22.98,1940200.0,22.98
2006-06-16,23.65,24.02,23.64,23.82,738100.0,23.82
2006-06-15,23.67,23.98,23.55,23.76,1027000.0,23.76
2006-06-14,23.13,23.63,23.13,23.58,1199600.0,23.58
2006-06-13,23.56,23.88,23.17,23.19,1125800.0,23.19
2006-06-12,24.09,24.14,23.6,23.63,504300.0,23.63
2006-06-09,24.35,24.35,23.92,24.08,512600.0,24.08
2006-06-08,24.21,24.3,23.37,24.3,1299000.0,24.3
2006-06-07,24.53,24.61,24.18,24.21,960400.0,24.21
2006-06-06,24.62,24.63,24.01,24.57,1216300.0,24.57
2006-06-05,25.21,25.24,24.55,24.63,911400.0,24.63
2006-06-02,25.22,25.3,24.89,25.22,829100.0,25.22
2006-06-01,24.61,25.21,24.58,25.21,1000300.0,25.21
2006-05-31,24.42,24.84,24.37,24.67,1363000.0,24.67
2006-05-30,24.56,24.6,24.17,24.42,784500.0,24.42
2006-05-26,24.29,24.74,24.24,24.68,732300.0,24.68
2006-05-25,24.18,24.41,24.05,24.25,1092800.0,24.25
2006-05-24,24.29,24.41,23.87,24.14,1576600.0,24.14
2006-05-23,24.81,25.15,24.28,24.28,1082100.0,24.28
2006-05-22,24.76,24.8,24.31,24.59,1112100.0,24.59
2006-05-19,25.0,25.0,24.57,24.76,995500.0,24.76
2006-05-18,24.95,25.03,24.26,24.6,975500.0,24.6
2006-05-17,25.47,25.59,24.9,24.93,885600.0,24.93
2006-05-16,25.44,25.6,25.19,25.58,925600.0,25.58
2006-05-15,25.31,25.51,25.1,25.48,949200.0,25.48
2006-05-12,25.28,25.62,25.25,25.31,1243800.0,25.31
2006-05-11,25.7,25.79,25.24,25.29,1160500.0,25.29
2006-05-10,25.89,25.94,25.7,25.76,1773200.0,25.76
2006-05-09,25.8,26.0,25.8,25.95,1863600.0,25.95
2006-05-08,25.65,25.98,25.31,25.9,1758200.0,25.9
2006-05-05,25.44,25.87,25.42,25.85,1286300.0,25.85
2006-05-04,25.12,25.5,25.12,25.5,1937000.0,25.5
2006-05-03,24.84,25.25,24.66,25.2,2210800.0,25.2
2006-05-02,24.47,25.05,24.42,24.97,1998600.0,24.97
2006-05-01,24.48,24.67,24.26,24.35,1056400.0,24.35
2006-04-28,24.44,24.69,24.23,24.34,695400.0,24.34
2006-04-27,24.61,24.78,24.44,24.56,1640300.0,24.56
2006-04-26,24.92,24.93,24.41,24.56,1299700.0,24.56
2006-04-25,25.25,25.25,23.87,24.33,2441900.0,24.33
2006-04-24,23.83,23.92,23.28,23.61,1162200.0,23.61
2006-04-21,24.22,24.22,23.6,23.8,883400.0,23.8
2006-04-20,24.01,24.35,23.83,24.0,656500.0,24.0
2006-04-19,23.93,24.09,23.75,24.06,643800.0,24.06
2006-04-18,23.8,24.08,23.51,23.98,650900.0,23.98
2006-04-17,23.51,23.73,23.48,23.62,448700.0,23.62
2006-04-13,23.37,23.94,23.36,23.52,535400.0,23.52
2006-04-12,23.45,23.45,23.25,23.38,392700.0,23.38
2006-04-11,23.65,23.7,23.4,23.45,467100.0,23.45
2006-04-10,23.92,23.92,23.58,23.63,704000.0,23.63
2006-04-07,24.22,24.33,23.77,23.86,717300.0,23.86
2006-04-06,24.46,24.52,24.15,24.19,687200.0,24.19
2006-04-05,24.54,24.65,24.27,24.43,592600.0,24.43
2006-04-04,24.76,24.8,24.45,24.49,1052700.0,24.49
2006-04-03,24.54,24.85,24.51,24.75,1208300.0,24.75
2006-03-31,24.62,24.75,24.22,24.54,845500.0,24.54
2006-03-30,24.71,24.9,24.57,24.64,644400.0,24.64
2006-03-29,24.52,24.98,24.44,24.75,1029600.0,24.75
2006-03-28,24.38,25.07,24.24,24.57,1194100.0,24.57
2006-03-27,24.39,24.48,24.21,24.37,556600.0,24.37
2006-03-24,24.52,24.61,24.32,24.44,581300.0,24.44
2006-03-23,24.27,24.57,24.21,24.53,562100.0,24.53
2006-03-22,24.34,24.42,24.1,24.34,413400.0,24.34
2006-03-21,24.13,24.61,24.13,24.3,1116800.0,24.3
2006-03-20,24.05,24.28,23.95,24.21,892400.0,24.21
2006-03-17,24.1,24.16,24.0,24.09,1678700.0,24.09
2006-03-16,24.19,24.24,24.0,24.08,1214600.0,24.08
2006-03-15,23.66,23.8,23.59,23.8,504400.0,23.8
2006-03-14,23.3,23.7,23.28,23.68,616200.0,23.68
2006-03-13,23.18,23.45,23.15,23.37,507200.0,23.37
2006-03-10,23.04,23.33,22.99,23.24,349900.0,23.24
2006-03-09,23.02,23.33,22.99,23.1,422600.0,23.1
2006-03-08,22.94,23.15,22.88,23.05,423000.0,23.05
2006-03-07,22.83,23.03,22.79,22.94,339400.0,22.94
2006-03-06,23.01,23.08,22.85,22.92,538500.0,22.92
2006-03-03,22.77,23.24,22.77,23.11,562900.0,23.11
2006-03-02,22.96,23.03,22.77,22.92,430200.0,22.92
2006-03-01,22.93,23.08,22.85,23.05,625400.0,23.05
2006-02-28,22.95,23.23,22.89,22.93,704300.0,22.93
2006-02-27,23.3,23.39,22.66,23.09,741200.0,23.09
2006-02-24,23.33,23.42,23.19,23.3,353900.0,23.3
2006-02-23,23.25,23.52,23.25,23.4,596800.0,23.4
2006-02-22,23.13,23.42,23.1,23.25,720100.0,23.25
2006-02-21,23.28,23.38,23.04,23.15,503300.0,23.15
2006-02-17,23.13,23.31,23.01,23.29,772500.0,23.29
2006-02-16,22.91,23.0,22.74,23.0,435900.0,23.0
2006-02-15,22.69,22.99,22.48,22.94,699500.0,22.94
2006-02-14,22.43,22.73,22.17,22.69,501700.0,22.69
2006-02-13,22.06,22.34,22.06,22.33,489100.0,22.33
2006-02-10,22.16,22.21,21.69,22.06,835100.0,22.06
2006-02-09,22.31,22.33,22.1,22.19,449200.0,22.19
2006-02-08,21.88,22.4,21.62,22.32,765100.0,22.32
2006-02-07,22.14,22.26,21.54,21.76,741200.0,21.76
2006-02-06,22.01,22.16,21.87,22.16,491600.0,22.16
2006-02-03,22.18,22.46,22.01,22.07,515500.0,22.07
2006-02-02,22.51,22.8,22.0,22.26,789800.0,22.26
2006-02-01,22.13,22.63,22.06,22.51,475500.0,22.51
2006-01-31,22.33,22.45,22.07,22.24,754900.0,22.24
2006-01-30,22.41,22.56,22.21,22.33,701700.0,22.33
2006-01-27,22.25,22.61,22.11,22.45,1508200.0,22.45
2006-01-26,22.56,22.58,22.01,22.24,1373600.0,22.24
2006-01-25,22.28,22.77,22.19,22.58,1028200.0,22.58
2006-01-24,22.4,23.5,22.4,23.05,2634700.0,23.05
2006-01-23,22.17,22.27,21.82,21.89,538900.0,21.89
2006-01-20,22.5,22.5,22.04,22.1,1191500.0,22.1
2006-01-19,21.65,22.18,21.5,22.14,490100.0,22.14
2006-01-18,21.75,21.8,21.5,21.6,687700.0,21.6
2006-01-17,21.83,21.92,21.74,21.75,327500.0,21.75
2006-01-13,21.93,22.1,21.87,21.95,339900.0,21.95
2006-01-12,22.18,22.29,21.83,21.88,860200.0,21.88
2006-01-11,22.15,22.33,22.04,22.17,520600.0,22.17
2006-01-10,22.2,22.28,22.11,22.16,563700.0,22.16
2006-01-09,22.57,22.59,22.27,22.34,737600.0,22.34
2006-01-06,22.61,22.71,22.34,22.67,862800.0,22.67
2006-01-05,22.56,22.82,22.49,22.56,1103600.0,22.56
2006-01-04,22.35,22.69,22.29,22.68,2065000.0,22.68
2006-01-03,22.0,22.02,21.77,21.96,843300.0,21.96
2005-12-30,21.92,22.0,21.76,22.0,673600.0,22.0
2005-12-29,21.82,22.19,21.72,21.92,699600.0,21.92
2005-12-28,21.65,21.87,21.52,21.76,344100.0,21.76
2005-12-27,21.78,21.9,21.57,21.71,523300.0,21.71
2005-12-23,21.64,21.85,21.55,21.8,587000.0,21.8
2005-12-22,21.49,21.76,21.49,21.66,1061300.0,21.66
2005-12-21,21.27,21.74,21.25,21.54,1458200.0,21.54
2005-12-20,20.94,20.95,20.73,20.8,1819200.0,20.8
2005-12-19,21.88,21.89,20.86,21.05,2919600.0,21.05
2005-12-16,21.58,22.02,21.4,22.01,2564900.0,22.01
2005-12-15,21.32,21.6,21.09,21.31,1178700.0,21.31
2005-12-14,21.0,21.75,20.92,21.32,1986700.0,21.32
2005-12-13,20.45,20.94,20.45,20.89,1030700.0,20.89
2005-12-12,20.51,20.59,20.27,20.45,563400.0,20.45
2005-12-09,20.61,20.75,20.36,20.44,569800.0,20.44
2005-12-08,20.75,20.86,20.53,20.61,813500.0,20.61
2005-12-07,20.65,20.98,20.58,20.78,779800.0,20.78
2005-12-06,20.57,20.7,20.29,20.69,835700.0,20.69
2005-12-05,20.69,20.69,20.52,20.6,683500.0,20.6
2005-12-02,20.45,20.75,20.31,20.6,816600.0,20.6
2005-12-01,20.24,20.63,20.18,20.53,769500.0,20.53
2005-11-30,20.2,20.31,20.12,20.24,742600.0,20.24
2005-11-29,20.15,20.25,20.04,20.11,540400.0,20.11
2005-11-28,20.17,20.22,19.99,20.07,586000.0,20.07
2005-11-25,20.16,20.29,20.06,20.22,147200.0,20.22
2005-11-23,20.16,20.2,19.97,20.07,1038600.0,20.07
2005-11-22,19.87,20.17,19.75,20.16,920100.0,20.16
2005-11-21,19.95,20.1,19.78,19.96,1304900.0,19.96
2005-11-18,20.2,20.2,19.59,19.84,738700.0,19.84
2005-11-17,19.54,19.78,19.45,19.75,422900.0,19.75
2005-11-16,19.48,19.57,19.35,19.51,606600.0,19.51
2005-11-15,19.5,19.58,19.18,19.57,1044000.0,19.57
2005-11-14,19.9,19.95,19.46,19.5,718700.0,19.5
2005-11-11,19.39,19.52,19.1,19.49,752300.0,19.49
2005-11-10,19.35,19.51,19.11,19.46,631400.0,19.46
2005-11-09,19.19,19.41,19.02,19.35,552700.0,19.35
2005-11-08,19.39,19.42,19.15,19.22,557300.0,19.22
2005-11-07,19.64,19.65,19.36,19.45,708400.0,19.45
2005-11-04,19.48,19.59,19.13,19.48,753200.0,19.48
2005-11-03,19.65,19.7,19.4,19.48,594700.0,19.48
2005-11-02,19.74,19.74,19.55,19.59,761300.0,19.59
2005-11-01,19.7,19.8,19.47,19.65,928300.0,19.65
2005-10-31,19.8,19.89,19.63,19.7,746200.0,19.7
2005-10-28,19.72,19.91,19.54,19.85,1211200.0,19.85
2005-10-27,20.0,20.1,19.47,19.71,1109900.0,19.71
2005-10-26,20.28,20.34,19.62,19.89,1603100.0,19.89
2005-10-25,17.34,21.0,17.34,20.28,4325800.0,20.28
2005-10-24,17.0,17.17,16.87,17.09,894600.0,17.09
2005-10-21,17.19,17.2,16.69,17.01,1120000.0,17.01
2005-10-20,17.23,17.46,16.91,17.03,1619800.0,17.03
2005-10-19,17.0,17.33,16.85,17.33,687400.0,17.33
2005-10-18,17.02,17.17,16.98,17.11,1475200.0,17.11
2005-10-17,16.92,17.05,16.9,17.03,1294800.0,17.03
2005-10-14,16.72,16.99,16.5,16.98,1570400.0,16.98
2005-10-13,16.72,17.02,16.52,16.96,978500.0,16.96
2005-10-12,16.9,17.15,16.66,16.81,1229900.0,16.81
2005-10-11,16.95,17.1,16.85,16.92,916500.0,16.92
2005-10-10,17.05,17.12,16.95,17.0,713800.0,17.0
2005-10-07,16.9,17.26,16.9,17.06,937700.0,17.06
2005-10-06,16.85,17.01,16.76,16.86,955000.0,16.86
2005-10-05,17.11,17.13,16.8,16.91,853800.0,16.91
2005-10-04,17.1,17.24,16.95,16.97,475500.0,16.97
2005-10-03,17.43,17.49,16.99,17.09,1054700.0,17.09
2005-09-30,17.43,17.64,17.35,17.52,555500.0,17.52
2005-09-29,17.55,17.61,17.23,17.47,944900.0,17.47
2005-09-28,17.56,17.7,17.42,17.6,932300.0,17.6
2005-09-27,17.35,17.65,17.22,17.56,1095400.0,17.56
2005-09-26,17.45,17.57,17.24,17.31,952500.0,17.31
2005-09-23,16.93,17.43,16.91,17.37,1021600.0,17.37
2005-09-22,17.0,17.17,16.91,17.09,2064900.0,17.09
2005-09-21,17.36,17.56,17.01,17.06,2137300.0,17.06
2005-09-20,17.84,17.89,17.34,17.39,1370000.0,17.39
2005-09-19,17.89,17.99,17.7,17.73,925200.0,17.73
2005-09-16,18.04,18.04,17.57,17.89,3427100.0,17.89
2005-09-15,18.21,18.3,18.03,18.11,1424500.0,18.11
2005-09-14,18.68,18.75,18.14,18.21,1283900.0,18.21
2005-09-13,18.89,18.9,18.62,18.64,889600.0,18.64
2005-09-12,19.05,19.1,18.85,18.9,666000.0,18.9
2005-09-09,19.03,19.08,18.92,19.03,709700.0,19.03
2005-09-08,19.1,19.26,18.99,18.99,1182900.0,18.99
2005-09-07,19.08,19.15,18.93,19.1,1306700.0,19.1
2005-09-06,19.15,19.26,18.97,18.99,1554200.0,18.99
2005-09-02,19.24,19.4,18.88,18.95,2043800.0,18.95
2005-09-01,19.33,19.35,19.22,19.24,1523900.0,19.24
2005-08-31,19.41,19.47,19.26,19.41,1394700.0,19.41
2005-08-30,19.58,19.58,19.25,19.41,755300.0,19.41
2005-08-29,19.34,19.62,19.22,19.58,797600.0,19.58
2005-08-26,19.5,19.53,19.2,19.49,872500.0,19.49
2005-08-25,19.55,19.62,19.42,19.49,818500.0,19.49
2005-08-24,19.75,19.94,19.51,19.59,1737400.0,19.59
2005-08-23,19.45,19.95,19.37,19.87,1758500.0,19.87
2005-08-22,19.38,19.51,19.2,19.5,892400.0,19.5
2005-08-19,19.5,19.5,19.34,19.37,1139400.0,19.37
2005-08-18,19.58,19.61,19.33,19.44,761100.0,19.44
2005-08-17,19.55,19.65,19.35,19.58,971600.0,19.58
2005-08-16,19.85,19.85,19.42,19.63,958200.0,19.63
2005-08-15,19.84,19.94,19.76,19.85,810300.0,19.85
2005-08-12,19.9,19.97,19.67,19.86,1036600.0,19.86
2005-08-11,20.1,20.2,19.87,20.03,998600.0,20.03
2005-08-10,19.98,20.57,19.98,20.06,1572300.0,20.06
2005-08-09,20.5,20.65,19.76,19.94,3426500.0,19.94
2005-08-08,21.55,21.82,21.53,21.74,582200.0,21.74
2005-08-05,21.68,21.83,21.54,21.57,525400.0,21.57
2005-08-04,21.78,21.9,21.63,21.67,524200.0,21.67
2005-08-03,21.81,21.99,21.75,21.91,413500.0,21.91
2005-08-02,21.7,22.01,21.7,21.96,540200.0,21.96
2005-08-01,22.0,22.05,21.69,21.76,861500.0,21.76
2005-07-29,22.1,22.15,21.96,22.02,572500.0,22.02
2005-07-28,21.8,22.13,21.8,22.01,790900.0,22.01
2005-07-27,21.77,21.88,21.69,21.81,661100.0,21.81
2005-07-26,21.61,21.92,21.51,21.82,669400.0,21.82
2005-07-25,21.57,21.91,21.57,21.63,599200.0,21.63
2005-07-22,21.87,22.0,21.61,21.66,611600.0,21.66
2005-07-21,22.11,22.17,21.75,21.88,505600.0,21.88
2005-07-20,21.93,22.22,21.68,22.2,405700.0,22.2
2005-07-19,21.63,22.02,21.56,21.86,470500.0,21.86
2005-07-18,21.71,21.76,21.51,21.6,413800.0,21.6
2005-07-15,21.91,22.0,21.72,21.85,538400.0,21.85
2005-07-14,21.87,22.0,21.7,21.77,468800.0,21.77
2005-07-13,21.55,21.85,21.53,21.74,633800.0,21.74
2005-07-12,21.9,21.93,21.48,21.66,1196300.0,21.66
2005-07-11,22.15,22.38,21.96,21.98,638700.0,21.98
2005-07-08,22.02,22.26,21.92,22.22,499300.0,22.22
2005-07-07,21.83,22.06,21.5,22.06,402600.0,22.06
2005-07-06,22.01,22.19,21.77,21.89,509000.0,21.89
2005-07-05,21.71,22.12,21.53,22.08,512300.0,22.08
2005-07-01,21.68,21.99,21.62,21.7,489800.0,21.7
2005-06-30,21.94,21.98,21.49,21.58,530100.0,21.58
2005-06-29,21.99,22.11,21.84,21.9,539800.0,21.9
2005-06-28,21.69,21.99,21.67,21.93,511200.0,21.93
2005-06-27,21.75,21.77,21.58,21.65,862100.0,21.65
2005-06-24,22.35,22.74,21.58,21.8,2100900.0,21.8
2005-06-23,21.91,22.05,21.64,21.75,831000.0,21.75
2005-06-22,22.2,22.26,21.94,21.97,829500.0,21.97
2005-06-21,22.37,22.39,21.98,22.19,773000.0,22.19
2005-06-20,22.31,22.47,22.17,22.32,801500.0,22.32
2005-06-17,22.59,22.74,22.35,22.4,1379100.0,22.4
2005-06-16,22.34,22.49,22.0,22.27,1020400.0,22.27
2005-06-15,22.45,22.5,22.16,22.34,432000.0,22.34
2005-06-14,22.15,22.5,22.15,22.27,558400.0,22.27
2005-06-13,22.5,22.89,22.17,22.2,935200.0,22.2
2005-06-10,22.07,22.56,22.07,22.53,720500.0,22.53
2005-06-09,22.1,22.19,21.78,21.96,970500.0,21.96
2005-06-08,22.37,22.37,22.0,22.24,1829500.0,22.24
2005-06-07,22.85,23.0,22.42,22.49,1018600.0,22.49
2005-06-06,22.9,22.91,22.65,22.86,558200.0,22.86
2005-06-03,23.1,23.27,22.85,22.98,436900.0,22.98
2005-06-02,23.1,23.17,22.93,23.17,512000.0,23.17
2005-06-01,22.79,23.29,22.79,23.1,625000.0,23.1
2005-05-31,23.0,23.03,22.76,22.85,622500.0,22.85
2005-05-27,22.85,23.01,22.65,23.0,556700.0,23.0
2005-05-26,22.65,22.95,22.59,22.92,425300.0,22.92
2005-05-25,22.45,22.66,22.05,22.49,822600.0,22.49
2005-05-24,22.5,22.63,22.26,22.5,1004700.0,22.5
2005-05-23,22.87,22.88,22.55,22.68,882000.0,22.68
2005-05-20,23.18,23.34,22.74,22.95,608600.0,22.95
2005-05-19,23.08,23.24,22.99,23.16,657200.0,23.16
2005-05-18,22.83,23.48,22.81,23.13,956400.0,23.13
2005-05-17,22.57,22.84,22.44,22.83,999900.0,22.83
2005-05-16,21.61,22.57,21.56,22.57,1089700.0,22.57
2005-05-13,21.85,22.1,21.47,21.57,1347500.0,21.57
2005-05-12,22.18,22.26,21.89,21.92,743500.0,21.92
2005-05-11,21.99,22.14,21.75,22.14,830900.0,22.14
2005-05-10,21.6,22.04,21.56,22.0,793300.0,22.0
2005-05-09,21.9,22.06,21.64,21.8,692300.0,21.8
2005-05-06,21.74,21.95,21.72,21.9,510800.0,21.9
2005-05-05,21.71,21.81,21.5,21.58,581900.0,21.58
2005-05-04,21.59,21.77,21.4,21.73,631400.0,21.73
2005-05-03,21.45,21.7,21.31,21.49,747200.0,21.49
2005-05-02,21.39,21.51,21.11,21.47,1039500.0,21.47
2005-04-29,21.19,21.57,21.07,21.44,826300.0,21.44
2005-04-28,21.51,21.64,21.16,21.17,765100.0,21.17
2005-04-27,21.61,21.69,21.37,21.61,833400.0,21.61
2005-04-26,21.81,22.09,21.6,21.74,774700.0,21.74
2005-04-25,21.86,21.9,21.6,21.81,728100.0,21.81
2005-04-22,22.21,22.21,21.6,21.79,820800.0,21.79
2005-04-21,22.0,22.27,21.53,22.2,1098200.0,22.2
2005-04-20,21.94,21.94,20.98,21.66,4504300.0,21.66
2005-04-19,22.35,22.84,22.3,22.61,1317300.0,22.61
2005-04-18,22.19,22.5,22.14,22.34,1010200.0,22.34
2005-04-15,22.61,22.75,22.31,22.31,1249300.0,22.31
2005-04-14,23.06,23.43,22.81,22.86,1589800.0,22.86
2005-04-13,22.97,23.07,22.82,23.06,1156900.0,23.06
2005-04-12,22.85,23.03,22.71,22.92,1084300.0,22.92
2005-04-11,23.39,23.39,22.66,22.94,1103300.0,22.94
2005-04-08,23.43,23.48,23.27,23.42,1064600.0,23.42
2005-04-07,23.33,23.49,23.01,23.42,862900.0,23.42
2005-04-06,23.05,23.4,22.89,23.33,826700.0,23.33
2005-04-05,23.41,23.43,22.9,22.99,1030800.0,22.99
2005-04-04,23.25,23.34,23.1,23.19,898200.0,23.19
2005-04-01,23.85,23.85,23.26,23.3,1488100.0,23.3
2005-03-31,22.98,23.53,22.69,23.35,1320300.0,23.35
2005-03-30,22.16,22.9,22.1,22.88,1582000.0,22.88
2005-03-29,22.42,22.68,22.05,22.15,1609400.0,22.15
2005-03-28,22.66,22.75,22.48,22.57,850400.0,22.57
2005-03-24,22.97,23.06,22.63,22.7,720800.0,22.7
2005-03-23,23.06,23.19,22.82,23.01,971600.0,23.01
2005-03-22,23.15,23.35,22.93,23.06,864200.0,23.06
2005-03-21,22.95,23.26,22.85,23.2,1083900.0,23.2
2005-03-18,23.79,23.79,22.84,22.98,1517100.0,22.98
2005-03-17,22.9,24.0,22.88,23.79,1918000.0,23.79
2005-03-16,22.84,22.98,22.7,22.77,669200.0,22.77
2005-03-15,23.05,23.15,22.88,22.94,474500.0,22.94
2005-03-14,22.7,23.18,22.66,23.02,641000.0,23.02
2005-03-11,22.71,22.86,22.61,22.65,626700.0,22.65
2005-03-10,22.99,23.04,22.56,22.69,867800.0,22.69
2005-03-09,23.27,23.32,22.93,22.99,918300.0,22.99
2005-03-08,23.2,23.32,23.16,23.3,760900.0,23.3
2005-03-07,23.22,23.33,23.06,23.2,845700.0,23.2
2005-03-04,23.16,23.49,23.15,23.22,1257600.0,23.22
2005-03-03,22.88,23.15,22.88,23.09,679200.0,23.09
2005-03-02,22.95,23.1,22.71,22.77,771000.0,22.77
2005-03-01,22.7,23.14,22.69,23.14,931100.0,23.14
2005-02-28,22.75,22.9,22.54,22.61,1085600.0,22.61
2005-02-25,22.66,23.01,22.5,22.87,526100.0,22.87
2005-02-24,22.47,22.86,22.43,22.74,634500.0,22.74
2005-02-23,22.5,22.77,22.46,22.57,568800.0,22.57
2005-02-22,23.0,23.0,22.37,22.39,917900.0,22.39
2005-02-18,23.14,23.38,23.0,23.0,612500.0,23.0
2005-02-17,23.2,23.45,22.96,23.0,945500.0,23.0
2005-02-16,23.24,23.38,23.03,23.19,364400.0,23.19
2005-02-15,22.89,23.31,22.75,23.3,936900.0,23.3
2005-02-14,23.07,23.07,22.88,22.91,645200.0,22.91
2005-02-11,23.1,23.2,23.0,23.09,983900.0,23.09
2005-02-10,23.4,23.4,23.02,23.1,757400.0,23.1
2005-02-09,23.85,23.85,23.33,23.41,880800.0,23.41
2005-02-08,23.56,23.88,23.3,23.83,734700.0,23.83
2005-02-07,23.52,23.74,23.42,23.49,848300.0,23.49
2005-02-04,23.65,23.8,23.36,23.65,1250500.0,23.65
2005-02-03,23.18,23.72,23.04,23.69,1912400.0,23.69
2005-02-02,22.62,23.17,22.6,23.13,1229200.0,23.13
2005-02-01,22.36,22.59,22.06,22.52,985500.0,22.52
2005-01-31,21.98,22.43,21.79,22.21,1357800.0,22.21
2005-01-28,21.62,21.78,21.53,21.75,1311600.0,21.75
2005-01-27,21.75,21.79,21.39,21.66,1811300.0,21.66
2005-01-26,21.75,22.38,21.53,21.7,5327800.0,21.7
2005-01-25,23.09,23.93,23.09,23.59,1336800.0,23.59
2005-01-24,23.91,24.08,23.57,23.57,640800.0,23.57
2005-01-21,24.05,24.06,23.8,23.91,712000.0,23.91
2005-01-20,24.42,24.44,24.0,24.15,715500.0,24.15
2005-01-19,24.32,24.71,24.29,24.42,818000.0,24.42
2005-01-18,24.11,24.43,24.01,24.29,1140800.0,24.29
2005-01-14,24.53,24.78,24.06,24.34,1336600.0,24.34
2005-01-13,24.95,25.06,24.48,24.53,1071200.0,24.53
2005-01-12,25.45,25.45,24.89,24.95,939700.0,24.95
2005-01-11,25.19,25.58,25.11,25.48,1309500.0,25.48
2005-01-10,24.81,25.15,24.81,25.0,601800.0,25.0
2005-01-07,24.51,25.03,24.45,24.91,888400.0,24.91
2005-01-06,24.61,24.71,24.42,24.51,796400.0,24.51
2005-01-05,24.91,25.12,24.49,24.65,1415100.0,24.65
2005-01-04,25.11,25.11,24.83,24.99,939600.0,24.99
2005-01-03,25.18,25.36,25.04,25.14,563700.0,25.14
