Date,Open,High,Low,Close,Volume,Adj Close 
2011-11-23,nan,nan,nan,nan,nan,nan
2011-11-22,nan,nan,nan,nan,nan,nan
2011-11-21,nan,nan,nan,nan,nan,nan
2011-11-18,nan,nan,nan,nan,nan,nan
2011-11-17,nan,nan,nan,nan,nan,nan
2011-11-16,nan,nan,nan,nan,nan,nan
2011-11-15,nan,nan,nan,nan,nan,nan
2011-11-14,nan,nan,nan,nan,nan,nan
2011-11-11,nan,nan,nan,nan,nan,nan
2011-11-10,nan,nan,nan,nan,nan,nan
2011-11-09,nan,nan,nan,nan,nan,nan
2011-11-08,nan,nan,nan,nan,nan,nan
2011-11-07,nan,nan,nan,nan,nan,nan
2011-11-04,nan,nan,nan,nan,nan,nan
2011-11-03,nan,nan,nan,nan,nan,nan
2011-11-02,nan,nan,nan,nan,nan,nan
2011-11-01,nan,nan,nan,nan,nan,nan
2011-10-31,nan,nan,nan,nan,nan,nan
2011-10-28,nan,nan,nan,nan,nan,nan
2011-10-27,nan,nan,nan,nan,nan,nan
2011-10-26,nan,nan,nan,nan,nan,nan
2011-10-25,nan,nan,nan,nan,nan,nan
2011-10-24,nan,nan,nan,nan,nan,nan
2011-10-21,nan,nan,nan,nan,nan,nan
2011-10-20,nan,nan,nan,nan,nan,nan
2011-10-19,nan,nan,nan,nan,nan,nan
2011-10-18,nan,nan,nan,nan,nan,nan
2011-10-17,nan,nan,nan,nan,nan,nan
2011-10-14,nan,nan,nan,nan,nan,nan
2011-10-13,nan,nan,nan,nan,nan,nan
2011-10-12,nan,nan,nan,nan,nan,nan
2011-10-11,nan,nan,nan,nan,nan,nan
2011-10-10,nan,nan,nan,nan,nan,nan
2011-10-07,nan,nan,nan,nan,nan,nan
2011-10-06,nan,nan,nan,nan,nan,nan
2011-10-05,nan,nan,nan,nan,nan,nan
2011-10-04,nan,nan,nan,nan,nan,nan
2011-10-03,nan,nan,nan,nan,nan,nan
2011-09-30,nan,nan,nan,nan,nan,nan
2011-09-29,nan,nan,nan,nan,nan,nan
2011-09-28,nan,nan,nan,nan,nan,nan
2011-09-27,nan,nan,nan,nan,nan,nan
2011-09-26,nan,nan,nan,nan,nan,nan
2011-09-23,nan,nan,nan,nan,nan,nan
2011-09-22,nan,nan,nan,nan,nan,nan
2011-09-21,nan,nan,nan,nan,nan,nan
2011-09-20,nan,nan,nan,nan,nan,nan
2011-09-19,nan,nan,nan,nan,nan,nan
2011-09-16,nan,nan,nan,nan,nan,nan
2011-09-15,nan,nan,nan,nan,nan,nan
2011-09-14,nan,nan,nan,nan,nan,nan
2011-09-13,nan,nan,nan,nan,nan,nan
2011-09-12,nan,nan,nan,nan,nan,nan
2011-09-09,nan,nan,nan,nan,nan,nan
2011-09-08,nan,nan,nan,nan,nan,nan
2011-09-07,nan,nan,nan,nan,nan,nan
2011-09-06,nan,nan,nan,nan,nan,nan
2011-09-02,nan,nan,nan,nan,nan,nan
2011-09-01,nan,nan,nan,nan,nan,nan
2011-08-31,nan,nan,nan,nan,nan,nan
2011-08-30,nan,nan,nan,nan,nan,nan
2011-08-29,nan,nan,nan,nan,nan,nan
2011-08-26,nan,nan,nan,nan,nan,nan
2011-08-25,nan,nan,nan,nan,nan,nan
2011-08-24,nan,nan,nan,nan,nan,nan
2011-08-23,nan,nan,nan,nan,nan,nan
2011-08-22,nan,nan,nan,nan,nan,nan
2011-08-19,nan,nan,nan,nan,nan,nan
2011-08-18,nan,nan,nan,nan,nan,nan
2011-08-17,nan,nan,nan,nan,nan,nan
2011-08-16,nan,nan,nan,nan,nan,nan
2011-08-15,nan,nan,nan,nan,nan,nan
2011-08-12,nan,nan,nan,nan,nan,nan
2011-08-11,nan,nan,nan,nan,nan,nan
2011-08-10,nan,nan,nan,nan,nan,nan
2011-08-09,nan,nan,nan,nan,nan,nan
2011-08-08,nan,nan,nan,nan,nan,nan
2011-08-05,nan,nan,nan,nan,nan,nan
2011-08-04,nan,nan,nan,nan,nan,nan
2011-08-03,nan,nan,nan,nan,nan,nan
2011-08-02,nan,nan,nan,nan,nan,nan
2011-08-01,nan,nan,nan,nan,nan,nan
2011-07-29,nan,nan,nan,nan,nan,nan
2011-07-28,nan,nan,nan,nan,nan,nan
2011-07-27,nan,nan,nan,nan,nan,nan
2011-07-26,nan,nan,nan,nan,nan,nan
2011-07-25,nan,nan,nan,nan,nan,nan
2011-07-22,nan,nan,nan,nan,nan,nan
2011-07-21,nan,nan,nan,nan,nan,nan
2011-07-20,nan,nan,nan,nan,nan,nan
2011-07-19,nan,nan,nan,nan,nan,nan
2011-07-18,nan,nan,nan,nan,nan,nan
2011-07-15,nan,nan,nan,nan,nan,nan
2011-07-14,nan,nan,nan,nan,nan,nan
2011-07-13,nan,nan,nan,nan,nan,nan
2011-07-12,nan,nan,nan,nan,nan,nan
2011-07-11,nan,nan,nan,nan,nan,nan
2011-07-08,nan,nan,nan,nan,nan,nan
2011-07-07,nan,nan,nan,nan,nan,nan
2011-07-06,nan,nan,nan,nan,nan,nan
2011-07-05,nan,nan,nan,nan,nan,nan
2011-07-01,nan,nan,nan,nan,nan,nan
2011-06-30,nan,nan,nan,nan,nan,nan
2011-06-29,nan,nan,nan,nan,nan,nan
2011-06-28,nan,nan,nan,nan,nan,nan
2011-06-27,nan,nan,nan,nan,nan,nan
2011-06-24,nan,nan,nan,nan,nan,nan
2011-06-23,nan,nan,nan,nan,nan,nan
2011-06-22,nan,nan,nan,nan,nan,nan
2011-06-21,nan,nan,nan,nan,nan,nan
2011-06-20,nan,nan,nan,nan,nan,nan
2011-06-17,nan,nan,nan,nan,nan,nan
2011-06-16,nan,nan,nan,nan,nan,nan
2011-06-15,nan,nan,nan,nan,nan,nan
2011-06-14,nan,nan,nan,nan,nan,nan
2011-06-13,nan,nan,nan,nan,nan,nan
2011-06-10,nan,nan,nan,nan,nan,nan
2011-06-09,nan,nan,nan,nan,nan,nan
2011-06-08,nan,nan,nan,nan,nan,nan
2011-06-07,nan,nan,nan,nan,nan,nan
2011-06-06,nan,nan,nan,nan,nan,nan
2011-06-03,nan,nan,nan,nan,nan,nan
2011-06-02,nan,nan,nan,nan,nan,nan
2011-06-01,nan,nan,nan,nan,nan,nan
2011-05-31,nan,nan,nan,nan,nan,nan
2011-05-27,nan,nan,nan,nan,nan,nan
2011-05-26,nan,nan,nan,nan,nan,nan
2011-05-25,nan,nan,nan,nan,nan,nan
2011-05-24,nan,nan,nan,nan,nan,nan
2011-05-23,nan,nan,nan,nan,nan,nan
2011-05-20,nan,nan,nan,nan,nan,nan
2011-05-19,nan,nan,nan,nan,nan,nan
2011-05-18,nan,nan,nan,nan,nan,nan
2011-05-17,nan,nan,nan,nan,nan,nan
2011-05-16,nan,nan,nan,nan,nan,nan
2011-05-13,nan,nan,nan,nan,nan,nan
2011-05-12,nan,nan,nan,nan,nan,nan
2011-05-11,nan,nan,nan,nan,nan,nan
2011-05-10,nan,nan,nan,nan,nan,nan
2011-05-09,nan,nan,nan,nan,nan,nan
2011-05-06,nan,nan,nan,nan,nan,nan
2011-05-05,nan,nan,nan,nan,nan,nan
2011-05-04,nan,nan,nan,nan,nan,nan
2011-05-03,nan,nan,nan,nan,nan,nan
2011-05-02,nan,nan,nan,nan,nan,nan
2011-04-29,nan,nan,nan,nan,nan,nan
2011-04-28,nan,nan,nan,nan,nan,nan
2011-04-27,nan,nan,nan,nan,nan,nan
2011-04-26,nan,nan,nan,nan,nan,nan
2011-04-25,nan,nan,nan,nan,nan,nan
2011-04-21,nan,nan,nan,nan,nan,nan
2011-04-20,nan,nan,nan,nan,nan,nan
2011-04-19,nan,nan,nan,nan,nan,nan
2011-04-18,nan,nan,nan,nan,nan,nan
2011-04-15,nan,nan,nan,nan,nan,nan
2011-04-14,nan,nan,nan,nan,nan,nan
2011-04-13,nan,nan,nan,nan,nan,nan
2011-04-12,nan,nan,nan,nan,nan,nan
2011-04-11,nan,nan,nan,nan,nan,nan
2011-04-08,nan,nan,nan,nan,nan,nan
2011-04-07,nan,nan,nan,nan,nan,nan
2011-04-06,nan,nan,nan,nan,nan,nan
2011-04-05,nan,nan,nan,nan,nan,nan
2011-04-04,nan,nan,nan,nan,nan,nan
2011-04-01,nan,nan,nan,nan,nan,nan
2011-03-31,nan,nan,nan,nan,nan,nan
2011-03-30,nan,nan,nan,nan,nan,nan
2011-03-29,nan,nan,nan,nan,nan,nan
2011-03-28,nan,nan,nan,nan,nan,nan
2011-03-25,nan,nan,nan,nan,nan,nan
2011-03-24,nan,nan,nan,nan,nan,nan
2011-03-23,nan,nan,nan,nan,nan,nan
2011-03-22,nan,nan,nan,nan,nan,nan
2011-03-21,nan,nan,nan,nan,nan,nan
2011-03-18,nan,nan,nan,nan,nan,nan
2011-03-17,nan,nan,nan,nan,nan,nan
2011-03-16,nan,nan,nan,nan,nan,nan
2011-03-15,nan,nan,nan,nan,nan,nan
2011-03-14,nan,nan,nan,nan,nan,nan
2011-03-11,nan,nan,nan,nan,nan,nan
2011-03-10,nan,nan,nan,nan,nan,nan
2011-03-09,nan,nan,nan,nan,nan,nan
2011-03-08,nan,nan,nan,nan,nan,nan
2011-03-07,nan,nan,nan,nan,nan,nan
2011-03-04,nan,nan,nan,nan,nan,nan
2011-03-03,nan,nan,nan,nan,nan,nan
2011-03-02,nan,nan,nan,nan,nan,nan
2011-03-01,nan,nan,nan,nan,nan,nan
2011-02-28,nan,nan,nan,nan,nan,nan
2011-02-25,nan,nan,nan,nan,nan,nan
2011-02-24,nan,nan,nan,nan,nan,nan
2011-02-23,nan,nan,nan,nan,nan,nan
2011-02-22,nan,nan,nan,nan,nan,nan
2011-02-18,nan,nan,nan,nan,nan,nan
2011-02-17,nan,nan,nan,nan,nan,nan
2011-02-16,nan,nan,nan,nan,nan,nan
2011-02-15,nan,nan,nan,nan,nan,nan
2011-02-14,nan,nan,nan,nan,nan,nan
2011-02-11,nan,nan,nan,nan,nan,nan
2011-02-10,nan,nan,nan,nan,nan,nan
2011-02-09,nan,nan,nan,nan,nan,nan
2011-02-08,nan,nan,nan,nan,nan,nan
2011-02-07,nan,nan,nan,nan,nan,nan
2011-02-04,nan,nan,nan,nan,nan,nan
2011-02-03,nan,nan,nan,nan,nan,nan
2011-02-02,nan,nan,nan,nan,nan,nan
2011-02-01,nan,nan,nan,nan,nan,nan
2011-01-31,nan,nan,nan,nan,nan,nan
2011-01-28,nan,nan,nan,nan,nan,nan
2011-01-27,nan,nan,nan,nan,nan,nan
2011-01-26,nan,nan,nan,nan,nan,nan
2011-01-25,nan,nan,nan,nan,nan,nan
2011-01-24,nan,nan,nan,nan,nan,nan
2011-01-21,nan,nan,nan,nan,nan,nan
2011-01-20,nan,nan,nan,nan,nan,nan
2011-01-19,nan,nan,nan,nan,nan,nan
2011-01-18,nan,nan,nan,nan,nan,nan
2011-01-14,nan,nan,nan,nan,nan,nan
2011-01-13,nan,nan,nan,nan,nan,nan
2011-01-12,nan,nan,nan,nan,nan,nan
2011-01-11,nan,nan,nan,nan,nan,nan
2011-01-10,nan,nan,nan,nan,nan,nan
2011-01-07,nan,nan,nan,nan,nan,nan
2011-01-06,nan,nan,nan,nan,nan,nan
2011-01-05,nan,nan,nan,nan,nan,nan
2011-01-04,nan,nan,nan,nan,nan,nan
2011-01-03,nan,nan,nan,nan,nan,nan
2010-12-31,nan,nan,nan,nan,nan,nan
2010-12-30,nan,nan,nan,nan,nan,nan
2010-12-29,nan,nan,nan,nan,nan,nan
2010-12-28,nan,nan,nan,nan,nan,nan
2010-12-27,nan,nan,nan,nan,nan,nan
2010-12-23,nan,nan,nan,nan,nan,nan
2010-12-22,nan,nan,nan,nan,nan,nan
2010-12-21,nan,nan,nan,nan,nan,nan
2010-12-20,nan,nan,nan,nan,nan,nan
2010-12-17,nan,nan,nan,nan,nan,nan
2010-12-16,nan,nan,nan,nan,nan,nan
2010-12-15,nan,nan,nan,nan,nan,nan
2010-12-14,nan,nan,nan,nan,nan,nan
2010-12-13,nan,nan,nan,nan,nan,nan
2010-12-10,nan,nan,nan,nan,nan,nan
2010-12-09,nan,nan,nan,nan,nan,nan
2010-12-08,nan,nan,nan,nan,nan,nan
2010-12-07,nan,nan,nan,nan,nan,nan
2010-12-06,nan,nan,nan,nan,nan,nan
2010-12-03,nan,nan,nan,nan,nan,nan
2010-12-02,nan,nan,nan,nan,nan,nan
2010-12-01,nan,nan,nan,nan,nan,nan
2010-11-30,nan,nan,nan,nan,nan,nan
2010-11-29,nan,nan,nan,nan,nan,nan
2010-11-26,nan,nan,nan,nan,nan,nan
2010-11-24,nan,nan,nan,nan,nan,nan
2010-11-23,nan,nan,nan,nan,nan,nan
2010-11-22,nan,nan,nan,nan,nan,nan
2010-11-19,nan,nan,nan,nan,nan,nan
2010-11-18,nan,nan,nan,nan,nan,nan
2010-11-17,nan,nan,nan,nan,nan,nan
2010-11-16,nan,nan,nan,nan,nan,nan
2010-11-15,nan,nan,nan,nan,nan,nan
2010-11-12,nan,nan,nan,nan,nan,nan
2010-11-11,nan,nan,nan,nan,nan,nan
2010-11-10,nan,nan,nan,nan,nan,nan
2010-11-09,nan,nan,nan,nan,nan,nan
2010-11-08,nan,nan,nan,nan,nan,nan
2010-11-05,nan,nan,nan,nan,nan,nan
2010-11-04,nan,nan,nan,nan,nan,nan
2010-11-03,nan,nan,nan,nan,nan,nan
2010-11-02,nan,nan,nan,nan,nan,nan
2010-11-01,nan,nan,nan,nan,nan,nan
2010-10-29,nan,nan,nan,nan,nan,nan
2010-10-28,nan,nan,nan,nan,nan,nan
2010-10-27,nan,nan,nan,nan,nan,nan
2010-10-26,nan,nan,nan,nan,nan,nan
2010-10-25,nan,nan,nan,nan,nan,nan
2010-10-22,nan,nan,nan,nan,nan,nan
2010-10-21,nan,nan,nan,nan,nan,nan
2010-10-20,nan,nan,nan,nan,nan,nan
2010-10-19,nan,nan,nan,nan,nan,nan
2010-10-18,nan,nan,nan,nan,nan,nan
2010-10-15,nan,nan,nan,nan,nan,nan
2010-10-14,nan,nan,nan,nan,nan,nan
2010-10-13,nan,nan,nan,nan,nan,nan
2010-10-12,nan,nan,nan,nan,nan,nan
2010-10-11,nan,nan,nan,nan,nan,nan
2010-10-08,nan,nan,nan,nan,nan,nan
2010-10-07,nan,nan,nan,nan,nan,nan
2010-10-06,nan,nan,nan,nan,nan,nan
2010-10-05,nan,nan,nan,nan,nan,nan
2010-10-04,nan,nan,nan,nan,nan,nan
2010-10-01,nan,nan,nan,nan,nan,nan
2010-09-30,nan,nan,nan,nan,nan,nan
2010-09-29,nan,nan,nan,nan,nan,nan
2010-09-28,nan,nan,nan,nan,nan,nan
2010-09-27,nan,nan,nan,nan,nan,nan
2010-09-24,nan,nan,nan,nan,nan,nan
2010-09-23,nan,nan,nan,nan,nan,nan
2010-09-22,nan,nan,nan,nan,nan,nan
2010-09-21,nan,nan,nan,nan,nan,nan
2010-09-20,nan,nan,nan,nan,nan,nan
2010-09-17,nan,nan,nan,nan,nan,nan
2010-09-16,nan,nan,nan,nan,nan,nan
2010-09-15,nan,nan,nan,nan,nan,nan
2010-09-14,nan,nan,nan,nan,nan,nan
2010-09-13,nan,nan,nan,nan,nan,nan
2010-09-10,nan,nan,nan,nan,nan,nan
2010-09-09,nan,nan,nan,nan,nan,nan
2010-09-08,nan,nan,nan,nan,nan,nan
2010-09-07,nan,nan,nan,nan,nan,nan
2010-09-03,nan,nan,nan,nan,nan,nan
2010-09-02,nan,nan,nan,nan,nan,nan
2010-09-01,nan,nan,nan,nan,nan,nan
2010-08-31,nan,nan,nan,nan,nan,nan
2010-08-30,nan,nan,nan,nan,nan,nan
2010-08-27,nan,nan,nan,nan,nan,nan
2010-08-26,nan,nan,nan,nan,nan,nan
2010-08-25,nan,nan,nan,nan,nan,nan
2010-08-24,nan,nan,nan,nan,nan,nan
2010-08-23,nan,nan,nan,nan,nan,nan
2010-08-20,nan,nan,nan,nan,nan,nan
2010-08-19,nan,nan,nan,nan,nan,nan
2010-08-18,nan,nan,nan,nan,nan,nan
2010-08-17,nan,nan,nan,nan,nan,nan
2010-08-16,nan,nan,nan,nan,nan,nan
2010-08-13,nan,nan,nan,nan,nan,nan
2010-08-12,nan,nan,nan,nan,nan,nan
2010-08-11,nan,nan,nan,nan,nan,nan
2010-08-10,nan,nan,nan,nan,nan,nan
2010-08-09,nan,nan,nan,nan,nan,nan
2010-08-06,nan,nan,nan,nan,nan,nan
2010-08-05,nan,nan,nan,nan,nan,nan
2010-08-04,nan,nan,nan,nan,nan,nan
2010-08-03,nan,nan,nan,nan,nan,nan
2010-08-02,nan,nan,nan,nan,nan,nan
2010-07-30,nan,nan,nan,nan,nan,nan
2010-07-29,nan,nan,nan,nan,nan,nan
2010-07-28,nan,nan,nan,nan,nan,nan
2010-07-27,nan,nan,nan,nan,nan,nan
2010-07-26,nan,nan,nan,nan,nan,nan
2010-07-23,nan,nan,nan,nan,nan,nan
2010-07-22,nan,nan,nan,nan,nan,nan
2010-07-21,nan,nan,nan,nan,nan,nan
2010-07-20,nan,nan,nan,nan,nan,nan
2010-07-19,nan,nan,nan,nan,nan,nan
2010-07-16,nan,nan,nan,nan,nan,nan
2010-07-15,nan,nan,nan,nan,nan,nan
2010-07-14,nan,nan,nan,nan,nan,nan
2010-07-13,nan,nan,nan,nan,nan,nan
2010-07-12,nan,nan,nan,nan,nan,nan
2010-07-09,nan,nan,nan,nan,nan,nan
2010-07-08,nan,nan,nan,nan,nan,nan
2010-07-07,nan,nan,nan,nan,nan,nan
2010-07-06,nan,nan,nan,nan,nan,nan
2010-07-02,nan,nan,nan,nan,nan,nan
2010-07-01,nan,nan,nan,nan,nan,nan
2010-06-30,nan,nan,nan,nan,nan,nan
2010-06-29,nan,nan,nan,nan,nan,nan
2010-06-28,nan,nan,nan,nan,nan,nan
2010-06-25,nan,nan,nan,nan,nan,nan
2010-06-24,nan,nan,nan,nan,nan,nan
2010-06-23,nan,nan,nan,nan,nan,nan
2010-06-22,nan,nan,nan,nan,nan,nan
2010-06-21,nan,nan,nan,nan,nan,nan
2010-06-18,nan,nan,nan,nan,nan,nan
2010-06-17,nan,nan,nan,nan,nan,nan
2010-06-16,nan,nan,nan,nan,nan,nan
2010-06-15,nan,nan,nan,nan,nan,nan
2010-06-14,nan,nan,nan,nan,nan,nan
2010-06-11,nan,nan,nan,nan,nan,nan
2010-06-10,nan,nan,nan,nan,nan,nan
2010-06-09,nan,nan,nan,nan,nan,nan
2010-06-08,nan,nan,nan,nan,nan,nan
2010-06-07,nan,nan,nan,nan,nan,nan
2010-06-04,nan,nan,nan,nan,nan,nan
2010-06-03,nan,nan,nan,nan,nan,nan
2010-06-02,nan,nan,nan,nan,nan,nan
2010-06-01,nan,nan,nan,nan,nan,nan
2010-05-28,nan,nan,nan,nan,nan,nan
2010-05-27,nan,nan,nan,nan,nan,nan
2010-05-26,nan,nan,nan,nan,nan,nan
2010-05-25,nan,nan,nan,nan,nan,nan
2010-05-24,nan,nan,nan,nan,nan,nan
2010-05-21,nan,nan,nan,nan,nan,nan
2010-05-20,nan,nan,nan,nan,nan,nan
2010-05-19,nan,nan,nan,nan,nan,nan
2010-05-18,nan,nan,nan,nan,nan,nan
2010-05-17,nan,nan,nan,nan,nan,nan
2010-05-14,nan,nan,nan,nan,nan,nan
2010-05-13,nan,nan,nan,nan,nan,nan
2010-05-12,nan,nan,nan,nan,nan,nan
2010-05-11,nan,nan,nan,nan,nan,nan
2010-05-10,nan,nan,nan,nan,nan,nan
2010-05-07,nan,nan,nan,nan,nan,nan
2010-05-06,nan,nan,nan,nan,nan,nan
2010-05-05,nan,nan,nan,nan,nan,nan
2010-05-04,nan,nan,nan,nan,nan,nan
2010-05-03,nan,nan,nan,nan,nan,nan
2010-04-30,nan,nan,nan,nan,nan,nan
2010-04-29,nan,nan,nan,nan,nan,nan
2010-04-28,nan,nan,nan,nan,nan,nan
2010-04-27,nan,nan,nan,nan,nan,nan
2010-04-26,nan,nan,nan,nan,nan,nan
2010-04-23,nan,nan,nan,nan,nan,nan
2010-04-22,nan,nan,nan,nan,nan,nan
2010-04-21,nan,nan,nan,nan,nan,nan
2010-04-20,nan,nan,nan,nan,nan,nan
2010-04-19,nan,nan,nan,nan,nan,nan
2010-04-16,nan,nan,nan,nan,nan,nan
2010-04-15,nan,nan,nan,nan,nan,nan
2010-04-14,nan,nan,nan,nan,nan,nan
2010-04-13,nan,nan,nan,nan,nan,nan
2010-04-12,nan,nan,nan,nan,nan,nan
2010-04-09,nan,nan,nan,nan,nan,nan
2010-04-08,nan,nan,nan,nan,nan,nan
2010-04-07,nan,nan,nan,nan,nan,nan
2010-04-06,nan,nan,nan,nan,nan,nan
2010-04-05,nan,nan,nan,nan,nan,nan
2010-04-01,nan,nan,nan,nan,nan,nan
2010-03-31,nan,nan,nan,nan,nan,nan
2010-03-30,nan,nan,nan,nan,nan,nan
2010-03-29,nan,nan,nan,nan,nan,nan
2010-03-26,nan,nan,nan,nan,nan,nan
2010-03-25,nan,nan,nan,nan,nan,nan
2010-03-24,nan,nan,nan,nan,nan,nan
2010-03-23,nan,nan,nan,nan,nan,nan
2010-03-22,nan,nan,nan,nan,nan,nan
2010-03-19,nan,nan,nan,nan,nan,nan
2010-03-18,nan,nan,nan,nan,nan,nan
2010-03-17,nan,nan,nan,nan,nan,nan
2010-03-16,nan,nan,nan,nan,nan,nan
2010-03-15,nan,nan,nan,nan,nan,nan
2010-03-12,nan,nan,nan,nan,nan,nan
2010-03-11,nan,nan,nan,nan,nan,nan
2010-03-10,nan,nan,nan,nan,nan,nan
2010-03-09,nan,nan,nan,nan,nan,nan
2010-03-08,nan,nan,nan,nan,nan,nan
2010-03-05,nan,nan,nan,nan,nan,nan
2010-03-04,nan,nan,nan,nan,nan,nan
2010-03-03,nan,nan,nan,nan,nan,nan
2010-03-02,nan,nan,nan,nan,nan,nan
2010-03-01,nan,nan,nan,nan,nan,nan
2010-02-26,nan,nan,nan,nan,nan,nan
2010-02-25,nan,nan,nan,nan,nan,nan
2010-02-24,nan,nan,nan,nan,nan,nan
2010-02-23,nan,nan,nan,nan,nan,nan
2010-02-22,nan,nan,nan,nan,nan,nan
2010-02-19,nan,nan,nan,nan,nan,nan
2010-02-18,nan,nan,nan,nan,nan,nan
2010-02-17,nan,nan,nan,nan,nan,nan
2010-02-16,nan,nan,nan,nan,nan,nan
2010-02-12,nan,nan,nan,nan,nan,nan
2010-02-11,nan,nan,nan,nan,nan,nan
2010-02-10,nan,nan,nan,nan,nan,nan
2010-02-09,nan,nan,nan,nan,nan,nan
2010-02-08,nan,nan,nan,nan,nan,nan
2010-02-05,nan,nan,nan,nan,nan,nan
2010-02-04,nan,nan,nan,nan,nan,nan
2010-02-03,nan,nan,nan,nan,nan,nan
2010-02-02,nan,nan,nan,nan,nan,nan
2010-02-01,nan,nan,nan,nan,nan,nan
2010-01-29,nan,nan,nan,nan,nan,nan
2010-01-28,nan,nan,nan,nan,nan,nan
2010-01-27,nan,nan,nan,nan,nan,nan
2010-01-26,nan,nan,nan,nan,nan,nan
2010-01-25,nan,nan,nan,nan,nan,nan
2010-01-22,nan,nan,nan,nan,nan,nan
2010-01-21,nan,nan,nan,nan,nan,nan
2010-01-20,nan,nan,nan,nan,nan,nan
2010-01-19,nan,nan,nan,nan,nan,nan
2010-01-15,nan,nan,nan,nan,nan,nan
2010-01-14,nan,nan,nan,nan,nan,nan
2010-01-13,nan,nan,nan,nan,nan,nan
2010-01-12,nan,nan,nan,nan,nan,nan
2010-01-11,nan,nan,nan,nan,nan,nan
2010-01-08,nan,nan,nan,nan,nan,nan
2010-01-07,nan,nan,nan,nan,nan,nan
2010-01-06,nan,nan,nan,nan,nan,nan
2010-01-05,nan,nan,nan,nan,nan,nan
2010-01-04,nan,nan,nan,nan,nan,nan
2009-12-31,nan,nan,nan,nan,nan,nan
2009-12-30,nan,nan,nan,nan,nan,nan
2009-12-29,nan,nan,nan,nan,nan,nan
2009-12-28,nan,nan,nan,nan,nan,nan
2009-12-24,nan,nan,nan,nan,nan,nan
2009-12-23,nan,nan,nan,nan,nan,nan
2009-12-22,nan,nan,nan,nan,nan,nan
2009-12-21,nan,nan,nan,nan,nan,nan
2009-12-18,nan,nan,nan,nan,nan,nan
2009-12-17,nan,nan,nan,nan,nan,nan
2009-12-16,nan,nan,nan,nan,nan,nan
2009-12-15,nan,nan,nan,nan,nan,nan
2009-12-14,nan,nan,nan,nan,nan,nan
2009-12-11,nan,nan,nan,nan,nan,nan
2009-12-10,nan,nan,nan,nan,nan,nan
2009-12-09,nan,nan,nan,nan,nan,nan
2009-12-08,nan,nan,nan,nan,nan,nan
2009-12-07,nan,nan,nan,nan,nan,nan
2009-12-04,nan,nan,nan,nan,nan,nan
2009-12-03,nan,nan,nan,nan,nan,nan
2009-12-02,nan,nan,nan,nan,nan,nan
2009-12-01,nan,nan,nan,nan,nan,nan
2009-11-30,nan,nan,nan,nan,nan,nan
2009-11-27,nan,nan,nan,nan,nan,nan
2009-11-25,nan,nan,nan,nan,nan,nan
2009-11-24,nan,nan,nan,nan,nan,nan
2009-11-23,nan,nan,nan,nan,nan,nan
2009-11-20,nan,nan,nan,nan,nan,nan
2009-11-19,nan,nan,nan,nan,nan,nan
2009-11-18,nan,nan,nan,nan,nan,nan
2009-11-17,nan,nan,nan,nan,nan,nan
2009-11-16,nan,nan,nan,nan,nan,nan
2009-11-13,nan,nan,nan,nan,nan,nan
2009-11-12,nan,nan,nan,nan,nan,nan
2009-11-11,nan,nan,nan,nan,nan,nan
2009-11-10,nan,nan,nan,nan,nan,nan
2009-11-09,nan,nan,nan,nan,nan,nan
2009-11-06,nan,nan,nan,nan,nan,nan
2009-11-05,nan,nan,nan,nan,nan,nan
2009-11-04,nan,nan,nan,nan,nan,nan
2009-11-03,nan,nan,nan,nan,nan,nan
2009-11-02,nan,nan,nan,nan,nan,nan
2009-10-30,nan,nan,nan,nan,nan,nan
2009-10-29,nan,nan,nan,nan,nan,nan
2009-10-28,nan,nan,nan,nan,nan,nan
2009-10-27,nan,nan,nan,nan,nan,nan
2009-10-26,nan,nan,nan,nan,nan,nan
2009-10-23,nan,nan,nan,nan,nan,nan
2009-10-22,nan,nan,nan,nan,nan,nan
2009-10-21,nan,nan,nan,nan,nan,nan
2009-10-20,nan,nan,nan,nan,nan,nan
2009-10-19,nan,nan,nan,nan,nan,nan
2009-10-16,nan,nan,nan,nan,nan,nan
2009-10-15,nan,nan,nan,nan,nan,nan
2009-10-14,nan,nan,nan,nan,nan,nan
2009-10-13,nan,nan,nan,nan,nan,nan
2009-10-12,nan,nan,nan,nan,nan,nan
2009-10-09,nan,nan,nan,nan,nan,nan
2009-10-08,nan,nan,nan,nan,nan,nan
2009-10-07,nan,nan,nan,nan,nan,nan
2009-10-06,nan,nan,nan,nan,nan,nan
2009-10-05,nan,nan,nan,nan,nan,nan
2009-10-02,nan,nan,nan,nan,nan,nan
2009-10-01,nan,nan,nan,nan,nan,nan
2009-09-30,nan,nan,nan,nan,nan,nan
2009-09-29,nan,nan,nan,nan,nan,nan
2009-09-28,nan,nan,nan,nan,nan,nan
2009-09-25,nan,nan,nan,nan,nan,nan
2009-09-24,nan,nan,nan,nan,nan,nan
2009-09-23,nan,nan,nan,nan,nan,nan
2009-09-22,nan,nan,nan,nan,nan,nan
2009-09-21,nan,nan,nan,nan,nan,nan
2009-09-18,nan,nan,nan,nan,nan,nan
2009-09-17,nan,nan,nan,nan,nan,nan
2009-09-16,nan,nan,nan,nan,nan,nan
2009-09-15,nan,nan,nan,nan,nan,nan
2009-09-14,nan,nan,nan,nan,nan,nan
2009-09-11,nan,nan,nan,nan,nan,nan
2009-09-10,nan,nan,nan,nan,nan,nan
2009-09-09,nan,nan,nan,nan,nan,nan
2009-09-08,nan,nan,nan,nan,nan,nan
2009-09-04,nan,nan,nan,nan,nan,nan
2009-09-03,nan,nan,nan,nan,nan,nan
2009-09-02,nan,nan,nan,nan,nan,nan
2009-09-01,nan,nan,nan,nan,nan,nan
2009-08-31,nan,nan,nan,nan,nan,nan
2009-08-28,nan,nan,nan,nan,nan,nan
2009-08-27,nan,nan,nan,nan,nan,nan
2009-08-26,nan,nan,nan,nan,nan,nan
2009-08-25,nan,nan,nan,nan,nan,nan
2009-08-24,nan,nan,nan,nan,nan,nan
2009-08-21,nan,nan,nan,nan,nan,nan
2009-08-20,nan,nan,nan,nan,nan,nan
2009-08-19,nan,nan,nan,nan,nan,nan
2009-08-18,nan,nan,nan,nan,nan,nan
2009-08-17,nan,nan,nan,nan,nan,nan
2009-08-14,nan,nan,nan,nan,nan,nan
2009-08-13,nan,nan,nan,nan,nan,nan
2009-08-12,nan,nan,nan,nan,nan,nan
2009-08-11,nan,nan,nan,nan,nan,nan
2009-08-10,nan,nan,nan,nan,nan,nan
2009-08-07,nan,nan,nan,nan,nan,nan
2009-08-06,nan,nan,nan,nan,nan,nan
2009-08-05,nan,nan,nan,nan,nan,nan
2009-08-04,nan,nan,nan,nan,nan,nan
2009-08-03,nan,nan,nan,nan,nan,nan
2009-07-31,nan,nan,nan,nan,nan,nan
2009-07-30,nan,nan,nan,nan,nan,nan
2009-07-29,nan,nan,nan,nan,nan,nan
2009-07-28,nan,nan,nan,nan,nan,nan
2009-07-27,nan,nan,nan,nan,nan,nan
2009-07-24,nan,nan,nan,nan,nan,nan
2009-07-23,nan,nan,nan,nan,nan,nan
2009-07-22,nan,nan,nan,nan,nan,nan
2009-07-21,nan,nan,nan,nan,nan,nan
2009-07-20,nan,nan,nan,nan,nan,nan
2009-07-17,nan,nan,nan,nan,nan,nan
2009-07-16,nan,nan,nan,nan,nan,nan
2009-07-15,nan,nan,nan,nan,nan,nan
2009-07-14,nan,nan,nan,nan,nan,nan
2009-07-13,nan,nan,nan,nan,nan,nan
2009-07-10,nan,nan,nan,nan,nan,nan
2009-07-09,nan,nan,nan,nan,nan,nan
2009-07-08,nan,nan,nan,nan,nan,nan
2009-07-07,nan,nan,nan,nan,nan,nan
2009-07-06,nan,nan,nan,nan,nan,nan
2009-07-02,nan,nan,nan,nan,nan,nan
2009-07-01,nan,nan,nan,nan,nan,nan
2009-06-30,nan,nan,nan,nan,nan,nan
2009-06-29,nan,nan,nan,nan,nan,nan
2009-06-26,nan,nan,nan,nan,nan,nan
2009-06-25,nan,nan,nan,nan,nan,nan
2009-06-24,nan,nan,nan,nan,nan,nan
2009-06-23,nan,nan,nan,nan,nan,nan
2009-06-22,nan,nan,nan,nan,nan,nan
2009-06-19,nan,nan,nan,nan,nan,nan
2009-06-18,nan,nan,nan,nan,nan,nan
2009-06-17,nan,nan,nan,nan,nan,nan
2009-06-16,nan,nan,nan,nan,nan,nan
2009-06-15,nan,nan,nan,nan,nan,nan
2009-06-12,nan,nan,nan,nan,nan,nan
2009-06-11,nan,nan,nan,nan,nan,nan
2009-06-10,nan,nan,nan,nan,nan,nan
2009-06-09,nan,nan,nan,nan,nan,nan
2009-06-08,nan,nan,nan,nan,nan,nan
2009-06-05,nan,nan,nan,nan,nan,nan
2009-06-04,nan,nan,nan,nan,nan,nan
2009-06-03,nan,nan,nan,nan,nan,nan
2009-06-02,nan,nan,nan,nan,nan,nan
2009-06-01,nan,nan,nan,nan,nan,nan
2009-05-29,nan,nan,nan,nan,nan,nan
2009-05-28,nan,nan,nan,nan,nan,nan
2009-05-27,nan,nan,nan,nan,nan,nan
2009-05-26,nan,nan,nan,nan,nan,nan
2009-05-22,nan,nan,nan,nan,nan,nan
2009-05-21,nan,nan,nan,nan,nan,nan
2009-05-20,nan,nan,nan,nan,nan,nan
2009-05-19,nan,nan,nan,nan,nan,nan
2009-05-18,nan,nan,nan,nan,nan,nan
2009-05-15,nan,nan,nan,nan,nan,nan
2009-05-14,nan,nan,nan,nan,nan,nan
2009-05-13,nan,nan,nan,nan,nan,nan
2009-05-12,nan,nan,nan,nan,nan,nan
2009-05-11,nan,nan,nan,nan,nan,nan
2009-05-08,nan,nan,nan,nan,nan,nan
2009-05-07,nan,nan,nan,nan,nan,nan
2009-05-06,nan,nan,nan,nan,nan,nan
2009-05-05,nan,nan,nan,nan,nan,nan
2009-05-04,nan,nan,nan,nan,nan,nan
2009-05-01,nan,nan,nan,nan,nan,nan
2009-04-30,nan,nan,nan,nan,nan,nan
2009-04-29,nan,nan,nan,nan,nan,nan
2009-04-28,nan,nan,nan,nan,nan,nan
2009-04-27,nan,nan,nan,nan,nan,nan
2009-04-24,nan,nan,nan,nan,nan,nan
2009-04-23,nan,nan,nan,nan,nan,nan
2009-04-22,nan,nan,nan,nan,nan,nan
2009-04-21,nan,nan,nan,nan,nan,nan
2009-04-20,nan,nan,nan,nan,nan,nan
2009-04-17,nan,nan,nan,nan,nan,nan
2009-04-16,nan,nan,nan,nan,nan,nan
2009-04-15,nan,nan,nan,nan,nan,nan
2009-04-14,nan,nan,nan,nan,nan,nan
2009-04-13,nan,nan,nan,nan,nan,nan
2009-04-09,nan,nan,nan,nan,nan,nan
2009-04-08,nan,nan,nan,nan,nan,nan
2009-04-07,nan,nan,nan,nan,nan,nan
2009-04-06,nan,nan,nan,nan,nan,nan
2009-04-03,nan,nan,nan,nan,nan,nan
2009-04-02,nan,nan,nan,nan,nan,nan
2009-04-01,78.86,78.96,78.81,78.94,7868000.0,78.94
2009-03-31,78.85,78.9,78.77,78.84,2204100.0,78.84
2009-03-30,78.77,78.85,78.59,78.59,2696400.0,78.59
2009-03-27,78.78,78.82,78.77,78.78,1516900.0,78.78
2009-03-26,78.77,78.82,78.72,78.82,3087700.0,78.82
2009-03-25,78.5,78.8,78.5,78.63,1186400.0,78.63
2009-03-24,78.47,78.6,78.4,78.6,1923800.0,78.6
2009-03-23,78.35,78.5,78.35,78.5,1828900.0,78.5
2009-03-20,78.4,78.42,78.31,78.32,2986100.0,78.32
2009-03-19,78.25,78.4,78.25,78.35,3311300.0,78.35
2009-03-18,78.27,78.4,78.27,78.32,3630500.0,78.32
2009-03-17,78.22,78.39,78.22,78.35,2671200.0,78.35
2009-03-16,78.15,78.3,78.15,78.2,3739900.0,78.2
2009-03-13,78.18,78.3,78.16,78.2,2985700.0,78.2
2009-03-12,77.95,78.4,77.85,78.15,6744800.0,78.15
2009-03-11,77.84,77.99,77.69,77.75,9685400.0,77.75
2009-03-10,77.76,78.0,77.58,78.0,19295200.0,78.0
2009-03-09,68.18,75.8,63.0,74.0,13297700.0,74.0
2009-03-06,54.19,64.54,53.89,63.8,13313200.0,63.8
2009-03-05,54.6,55.37,51.29,54.01,4523600.0,54.01
2009-03-04,54.29,55.6,53.26,55.21,2325200.0,55.21
2009-03-03,53.65,53.75,52.21,52.84,2609100.0,52.84
2009-03-02,51.44,53.67,50.67,52.85,1882400.0,52.85
2009-02-27,52.2,53.15,51.75,52.07,2125100.0,52.07
2009-02-26,53.42,54.65,53.02,53.31,1619400.0,53.31
2009-02-25,54.54,54.54,52.9,53.23,1358100.0,53.23
2009-02-24,53.7,54.8,52.17,54.6,2997200.0,54.6
2009-02-23,56.47,56.74,53.5,53.5,4289100.0,53.5
2009-02-20,56.8,57.28,55.9,56.02,2732700.0,56.02
2009-02-19,58.1,58.64,56.19,57.33,1690400.0,57.33
2009-02-18,57.8,58.48,57.11,57.72,1787200.0,57.72
2009-02-17,58.33,59.6,57.39,57.39,2140700.0,57.39
2009-02-13,59.65,60.42,58.95,59.47,1914200.0,59.47
2009-02-12,56.37,60.0,56.36,59.75,3278900.0,59.75
2009-02-11,57.4,58.3,56.63,57.78,2198000.0,57.78
2009-02-10,57.74,58.18,56.28,57.11,2401500.0,57.11
2009-02-09,55.79,57.12,55.07,56.28,1808200.0,56.28
2009-02-06,55.0,56.52,55.0,56.5,1578000.0,56.5
2009-02-05,54.09,55.37,53.25,54.77,3592900.0,54.77
2009-02-04,54.33,54.63,53.26,53.75,1996000.0,53.75
2009-02-03,51.28,54.32,51.25,54.0,3360000.0,54.0
2009-02-02,54.34,55.38,50.67,52.0,4763100.0,52.0
2009-01-30,55.36,56.1,54.2,55.19,2264200.0,55.19
2009-01-29,56.44,57.75,55.3,55.75,1596300.0,55.75
2009-01-28,58.89,59.3,55.72,56.88,3757800.0,56.88
2009-01-27,58.38,59.74,57.94,58.75,4843200.0,58.75
2009-01-26,54.95,59.38,53.56,57.1,17313100.0,57.1
2009-01-23,61.93,68.34,61.05,65.82,14808600.0,65.82
2009-01-22,58.0,60.46,57.18,60.46,1998600.0,60.46
2009-01-21,58.51,59.15,56.83,58.19,2219100.0,58.19
2009-01-20,60.16,60.38,57.6,58.0,4546100.0,58.0
2009-01-16,60.12,60.75,59.01,60.58,2660500.0,60.58
2009-01-15,59.32,60.76,58.01,60.45,2236700.0,60.45
2009-01-14,59.48,60.29,57.24,59.29,3355800.0,59.29
2009-01-13,63.4,63.4,59.33,59.47,4038300.0,59.47
2009-01-12,61.69,63.72,61.18,63.55,1878000.0,63.55
2009-01-09,60.18,62.08,59.3,61.9,5838800.0,61.9
2009-01-08,60.25,62.01,59.02,60.0,5773200.0,60.0
2009-01-07,58.96,62.7,58.5,60.0,5345200.0,60.0
2009-01-06,63.83,64.41,58.62,61.54,8017200.0,61.54
2009-01-05,63.33,63.9,61.04,63.82,2891700.0,63.82
2009-01-02,62.02,65.01,61.54,64.76,3264900.0,64.76
2008-12-31,58.52,62.32,58.52,61.79,5280900.0,61.79
2008-12-30,54.75,59.99,54.69,59.7,8460600.0,59.7
2008-12-29,50.01,54.63,47.23,53.34,17446300.0,53.34
2008-12-26,64.43,64.67,62.68,63.56,932400.0,63.56
2008-12-24,64.07,64.72,61.68,63.88,2571400.0,63.88
2008-12-23,66.7,67.09,65.19,65.4,1430500.0,65.4
2008-12-22,67.0,67.75,65.68,66.61,1574900.0,66.61
2008-12-19,69.07,69.1,67.0,67.0,3064400.0,67.0
2008-12-18,70.5,70.69,67.79,68.77,2348300.0,68.77
2008-12-17,68.3,70.69,68.3,70.5,1626200.0,70.5
2008-12-16,68.51,68.88,67.36,68.46,1262700.0,68.46
2008-12-15,69.03,69.03,67.38,67.69,1156800.0,67.69
2008-12-12,67.01,68.6,67.01,68.33,1293700.0,68.33
2008-12-11,69.5,70.19,67.11,67.52,2969900.0,67.52
2008-12-10,71.0,71.16,69.04,70.19,2417400.0,70.19
2008-12-09,71.25,71.44,70.5,71.09,2258000.0,71.09
2008-12-08,71.75,71.75,70.55,71.25,3573700.0,71.25
2008-12-05,70.76,71.35,70.52,71.0,3108200.0,71.0
2008-12-04,70.61,71.29,70.08,71.19,2006000.0,71.19
2008-12-03,71.05,71.49,70.71,71.27,2501200.0,71.27
2008-12-02,71.5,72.0,70.7,71.3,3029800.0,71.3
2008-12-01,71.74,71.99,70.57,70.82,6953400.0,70.82
2008-11-28,68.43,68.77,67.25,68.41,1419100.0,68.41
2008-11-26,69.67,70.0,66.11,68.8,9799600.0,68.8
2008-11-25,71.95,72.04,70.0,71.86,6440500.0,71.86
2008-11-24,70.2,72.3,70.2,71.94,5890600.0,71.94
2008-11-21,72.25,73.36,65.0,69.41,12321100.0,69.41
2008-11-20,71.06,72.43,71.0,71.25,5874800.0,71.25
2008-11-19,72.3,72.33,71.47,71.71,3702100.0,71.71
2008-11-18,72.83,73.45,72.01,72.4,3882800.0,72.4
2008-11-17,72.51,73.44,71.66,71.66,1768300.0,71.66
2008-11-14,72.45,73.99,72.23,72.94,1402700.0,72.94
2008-11-13,71.68,73.75,71.0,73.52,2836000.0,73.52
2008-11-12,72.31,73.1,71.64,71.65,1537600.0,71.65
2008-11-11,72.35,74.48,72.32,72.85,4156500.0,72.85
2008-11-10,74.73,74.9,72.6,73.56,1219200.0,73.56
2008-11-07,71.66,73.77,71.45,73.75,1262800.0,73.75
2008-11-06,69.84,72.02,69.84,71.39,1795800.0,71.39
2008-11-05,70.71,71.92,70.14,70.25,1261400.0,70.25
2008-11-04,71.66,72.24,71.1,71.6,1619900.0,71.6
2008-11-03,69.6,71.19,69.6,70.3,2190600.0,70.3
2008-10-31,70.0,70.87,69.44,70.35,4082800.0,70.35
2008-10-30,70.25,70.25,68.45,70.09,3904000.0,70.09
2008-10-29,69.4,69.45,67.19,68.37,3470800.0,68.37
2008-10-28,67.83,69.5,67.01,69.35,5332000.0,69.35
2008-10-27,67.36,69.45,65.33,65.51,1836000.0,65.51
2008-10-24,66.03,69.54,64.0,68.54,3456300.0,68.54
2008-10-23,68.9,71.0,67.79,69.25,2676000.0,69.25
2008-10-22,68.67,69.48,59.0,67.44,2235400.0,67.44
2008-10-21,70.29,71.47,68.5,69.68,2129300.0,69.68
2008-10-20,70.92,71.16,70.15,71.0,1293700.0,71.0
2008-10-17,68.78,72.0,67.67,70.18,2651300.0,70.18
2008-10-16,67.67,70.26,65.04,70.26,3067900.0,70.26
2008-10-15,70.85,70.85,66.78,67.24,1985400.0,67.24
2008-10-14,71.45,72.12,69.26,70.85,3383700.0,70.85
2008-10-13,63.1,70.13,61.5,70.13,2970900.0,70.13
2008-10-10,62.64,65.29,58.32,61.38,5629200.0,61.38
2008-10-09,67.91,69.22,63.72,63.72,3016300.0,63.72
2008-10-08,63.11,68.29,62.39,67.81,3669600.0,67.81
2008-10-07,66.99,67.8,63.34,64.05,5317000.0,64.05
2008-10-06,68.05,68.05,62.43,66.24,4427700.0,66.24
2008-10-03,68.59,70.43,68.58,68.6,2215800.0,68.6
2008-10-02,69.53,70.06,68.62,68.62,3218200.0,68.62
2008-10-01,70.25,70.8,69.3,70.1,3594100.0,70.1
2008-09-30,69.5,71.3,69.2,70.0,1394400.0,70.0
2008-09-29,71.88,72.14,67.67,68.0,3634700.0,68.0
2008-09-26,72.35,72.71,71.75,72.22,2352300.0,72.22
2008-09-25,73.4,73.95,72.4,72.48,3181900.0,72.48
2008-09-24,73.13,73.25,72.02,73.01,2820500.0,73.01
2008-09-23,73.25,73.74,72.35,72.39,1958200.0,72.39
2008-09-22,74.14,74.56,72.94,73.1,2793000.0,73.1
2008-09-19,73.78,74.99,73.75,74.02,3701000.0,74.02
2008-09-18,70.24,73.76,69.34,73.0,4376700.0,73.0
2008-09-17,72.54,73.56,70.0,70.23,6318200.0,70.23
2008-09-16,72.75,73.45,68.23,73.25,7305500.0,73.25
2008-09-15,74.04,74.76,72.0,73.0,4014300.0,73.0
2008-09-12,74.6,74.72,73.79,74.41,6813500.0,74.41
2008-09-11,74.86,74.9,74.3,74.85,5441400.0,74.85
2008-09-10,75.01,75.24,74.76,74.98,4061700.0,74.98
2008-09-09,75.44,75.44,74.92,75.0,1757400.0,75.0
2008-09-08,75.56,75.56,74.87,75.1,1975900.0,75.1
2008-09-05,75.0,75.46,75.0,75.4,1500200.0,75.4
2008-09-04,75.16,75.32,75.05,75.05,2817500.0,75.05
2008-09-03,75.11,75.43,75.11,75.22,1440100.0,75.22
2008-09-02,75.46,75.52,75.16,75.16,1838100.0,75.16
2008-08-29,75.15,75.34,75.0,75.05,1165300.0,75.05
2008-08-28,75.46,75.5,75.1,75.27,1583600.0,75.27
2008-08-27,75.5,75.5,75.15,75.21,1930200.0,75.21
2008-08-26,75.42,75.66,75.35,75.47,1934000.0,75.47
2008-08-25,75.48,75.63,75.35,75.38,691600.0,75.38
2008-08-22,75.44,75.57,75.3,75.47,723300.0,75.47
2008-08-21,75.4,75.68,75.27,75.27,1530800.0,75.27
2008-08-20,75.59,75.68,75.2,75.68,834100.0,75.68
2008-08-19,75.0,75.45,75.0,75.34,1104500.0,75.34
2008-08-18,75.34,75.42,75.0,75.27,1756500.0,75.27
2008-08-15,75.35,75.43,75.1,75.33,1468700.0,75.33
2008-08-14,74.98,75.73,74.98,75.39,2110000.0,75.39
2008-08-13,75.04,75.39,74.96,75.12,2433900.0,75.12
2008-08-12,75.2,75.45,75.0,75.4,1660700.0,75.4
2008-08-11,75.25,75.25,74.9,75.16,1506900.0,75.16
2008-08-08,74.98,75.29,74.94,75.29,1644100.0,75.29
2008-08-07,74.89,75.09,74.85,74.95,2709200.0,74.95
2008-08-06,75.2,75.51,74.91,75.06,2004800.0,75.06
2008-08-05,75.22,75.67,74.8,75.67,3936400.0,75.67
2008-08-04,74.85,76.5,74.85,74.87,3023000.0,74.87
2008-08-01,75.15,75.19,74.75,74.85,2683000.0,74.85
2008-07-31,75.33,75.51,74.81,75.0,2895500.0,75.0
2008-07-30,75.41,75.51,75.12,75.2,2181000.0,75.2
2008-07-29,74.86,75.2,74.69,75.17,2062000.0,75.17
2008-07-28,74.18,75.08,74.18,74.71,1671100.0,74.71
2008-07-25,74.43,74.9,74.27,74.66,2747700.0,74.66
2008-07-24,74.1,74.57,74.08,74.25,3412300.0,74.25
2008-07-23,74.07,74.51,74.02,74.4,3876500.0,74.4
2008-07-22,73.6,74.55,73.39,74.1,2836000.0,74.1
2008-07-21,73.79,74.29,73.72,74.0,2303500.0,74.0
2008-07-18,74.14,74.37,73.72,74.0,4185500.0,74.0
2008-07-17,73.67,74.25,73.41,74.23,10265000.0,74.23
2008-07-16,73.11,73.9,73.11,73.59,12457400.0,73.59
2008-07-15,73.49,73.97,73.1,73.16,15529800.0,73.16
2008-07-14,74.33,74.59,73.27,73.35,10744200.0,73.35
2008-07-11,74.03,75.0,73.85,74.7,31153300.0,74.7
2008-07-10,73.8,74.33,73.6,73.62,38640300.0,73.62
2008-07-09,45.77,46.26,44.8,44.83,1029700.0,44.83
2008-07-08,44.78,45.89,44.45,45.86,1185600.0,45.86
2008-07-07,45.69,45.99,44.61,45.03,1235500.0,45.03
2008-07-03,45.47,45.7,44.13,45.06,1734800.0,45.06
2008-07-02,46.37,47.0,45.24,45.26,2232100.0,45.26
2008-07-01,46.29,46.29,44.96,46.11,2707900.0,46.11
2008-06-30,47.37,47.38,46.37,46.44,2758200.0,46.44
2008-06-27,47.38,47.89,47.15,47.4,2278100.0,47.4
2008-06-26,48.43,48.52,47.35,47.42,1577000.0,47.42
2008-06-25,47.54,49.53,47.54,49.07,1963900.0,49.07
2008-06-24,48.98,49.22,47.34,47.57,2120200.0,47.57
2008-06-23,49.27,49.39,48.79,49.06,1116400.0,49.06
2008-06-20,49.65,49.66,48.39,49.0,2433800.0,49.0
2008-06-19,49.61,50.39,49.61,49.89,2051900.0,49.89
2008-06-18,50.46,50.5,49.73,49.84,2515700.0,49.84
2008-06-17,51.44,52.14,50.9,51.03,2282700.0,51.03
2008-06-16,51.94,52.61,51.94,52.39,987500.0,52.39
2008-06-13,51.71,52.63,51.61,52.43,708100.0,52.43
2008-06-12,51.05,51.9,50.9,51.34,1042600.0,51.34
2008-06-11,51.57,52.03,50.85,50.88,997300.0,50.88
2008-06-10,52.24,52.24,51.37,51.61,1574700.0,51.61
2008-06-09,52.99,53.22,52.15,52.72,1434700.0,52.72
2008-06-06,54.18,54.5,52.9,52.9,1417700.0,52.9
2008-06-05,53.82,54.83,53.54,54.75,1105300.0,54.75
2008-06-04,52.96,54.49,52.96,53.63,1003300.0,53.63
2008-06-03,53.28,53.63,52.35,53.05,2046600.0,53.05
2008-06-02,54.02,54.24,53.55,53.74,1026400.0,53.74
2008-05-30,54.75,55.01,53.8,53.98,1222700.0,53.98
2008-05-29,53.89,54.64,53.52,54.5,1503400.0,54.5
2008-05-28,53.77,54.14,53.34,54.14,1283500.0,54.14
2008-05-27,52.98,53.64,52.51,53.47,1385700.0,53.47
2008-05-23,54.14,54.14,52.54,52.78,1749900.0,52.78
2008-05-22,54.65,54.84,53.92,54.09,1619000.0,54.09
2008-05-21,55.98,56.28,54.35,54.54,2015400.0,54.54
2008-05-20,55.5,56.2,55.09,56.02,2264200.0,56.02
2008-05-19,56.06,56.44,55.61,55.94,1078200.0,55.94
2008-05-16,55.98,56.1,55.63,56.04,1485100.0,56.04
2008-05-15,56.3,56.3,55.62,56.0,915100.0,56.0
2008-05-14,55.48,56.82,55.18,56.09,2480200.0,56.09
2008-05-13,55.24,55.44,54.93,55.36,773100.0,55.36
2008-05-12,54.25,55.04,53.64,54.99,929100.0,54.99
2008-05-09,54.72,54.72,53.74,54.0,802400.0,54.0
2008-05-08,54.59,54.75,54.2,54.72,807000.0,54.72
2008-05-07,55.27,55.66,54.22,54.3,759500.0,54.3
2008-05-06,54.98,55.34,54.29,55.27,701400.0,55.27
2008-05-05,54.64,55.1,54.4,55.02,841300.0,55.02
2008-05-02,54.58,55.11,54.15,54.54,1004100.0,54.54
2008-05-01,53.3,54.09,52.31,53.82,1035100.0,53.82
2008-04-30,53.37,54.28,52.84,53.45,1417100.0,53.45
2008-04-29,54.21,54.22,53.06,53.2,1397700.0,53.2
2008-04-28,55.42,55.42,53.9,54.17,1678000.0,54.17
2008-04-25,54.9,55.36,54.57,55.24,1067600.0,55.24
2008-04-24,55.3,55.32,54.43,54.85,1130700.0,54.85
2008-04-23,55.32,55.79,54.63,55.05,2132000.0,55.05
2008-04-22,57.06,58.32,55.32,55.8,5571700.0,55.8
2008-04-21,59.53,61.22,59.48,60.6,2336700.0,60.6
2008-04-18,59.14,60.26,58.75,60.05,2087400.0,60.05
2008-04-17,57.79,58.84,57.61,58.53,1011500.0,58.53
2008-04-16,56.78,58.25,56.6,58.15,1180800.0,58.15
2008-04-15,56.03,56.59,55.89,56.28,899900.0,56.28
2008-04-14,56.13,56.77,55.84,55.91,1099500.0,55.91
2008-04-11,56.32,56.78,56.01,56.17,814100.0,56.17
2008-04-10,56.82,57.21,56.17,56.71,1693900.0,56.71
2008-04-09,57.4,57.71,56.29,56.51,1422800.0,56.51
2008-04-08,56.78,57.68,56.65,57.52,873500.0,57.52
2008-04-07,57.93,58.19,56.77,56.99,1604600.0,56.99
2008-04-04,56.43,57.95,56.12,57.39,1187600.0,57.39
2008-04-03,55.82,56.96,55.82,56.45,1114400.0,56.45
2008-04-02,55.13,56.6,54.94,56.15,1833800.0,56.15
2008-04-01,54.11,55.05,53.69,55.05,2305100.0,55.05
2008-03-31,53.46,54.37,53.33,54.08,2171500.0,54.08
2008-03-28,53.82,54.12,53.11,53.69,1955200.0,53.69
2008-03-27,54.35,54.35,52.96,53.55,1711300.0,53.55
2008-03-26,53.7,54.5,53.7,54.17,1072600.0,54.17
2008-03-25,53.76,54.32,53.31,54.09,1483400.0,54.09
2008-03-24,53.09,54.26,53.08,53.83,2083900.0,53.83
2008-03-20,52.86,53.37,52.29,52.69,2005800.0,52.69
2008-03-19,53.99,54.76,52.8,52.8,2020600.0,52.8
2008-03-18,52.83,53.88,52.11,53.72,1741100.0,53.72
2008-03-17,51.77,52.66,51.35,51.8,2500300.0,51.8
2008-03-14,53.19,53.47,51.45,52.98,1999500.0,52.98
2008-03-13,52.0,53.34,51.56,53.08,1948300.0,53.08
2008-03-12,52.62,53.05,52.18,52.71,2147200.0,52.71
2008-03-11,52.48,52.55,51.08,52.55,3157900.0,52.55
2008-03-10,51.96,52.0,50.73,50.93,3496700.0,50.93
2008-03-07,52.32,52.75,51.43,52.09,3484100.0,52.09
2008-03-06,54.27,54.74,53.95,54.0,1530900.0,54.0
2008-03-05,54.18,55.0,53.81,54.67,1733800.0,54.67
2008-03-04,53.98,54.27,53.28,54.0,2278200.0,54.0
2008-03-03,53.67,54.39,53.19,54.38,1070200.0,54.38
2008-02-29,54.29,54.51,53.46,53.61,1865800.0,53.61
2008-02-28,55.0,55.38,54.58,54.86,1226300.0,54.86
2008-02-27,55.33,56.07,55.07,55.41,1012400.0,55.41
2008-02-26,55.22,55.78,54.81,55.52,1517900.0,55.52
2008-02-25,54.14,55.46,53.4,55.4,1236200.0,55.4
2008-02-22,53.55,53.68,52.16,53.5,1695100.0,53.5
2008-02-21,54.07,54.46,53.2,53.29,1053600.0,53.29
2008-02-20,53.65,54.25,53.23,53.98,1038700.0,53.98
2008-02-19,54.23,54.84,53.93,54.2,949400.0,54.2
2008-02-15,53.87,53.89,53.01,53.81,895800.0,53.81
2008-02-14,54.41,54.8,53.94,54.02,936600.0,54.02
2008-02-13,54.95,55.32,54.26,54.46,1433900.0,54.46
2008-02-12,54.7,55.73,54.41,54.59,1328800.0,54.59
2008-02-11,53.87,54.82,53.59,54.66,1043000.0,54.66
2008-02-08,53.76,54.42,53.12,53.98,1023300.0,53.98
2008-02-07,52.75,54.28,52.71,53.92,1921600.0,53.92
2008-02-06,53.5,54.28,52.89,53.09,1254400.0,53.09
2008-02-05,53.58,54.07,52.62,53.25,1234000.0,53.25
2008-02-04,54.7,54.99,54.26,54.43,939300.0,54.43
2008-02-01,54.15,54.97,53.6,54.7,2319300.0,54.7
2008-01-31,51.49,53.89,51.35,53.35,1931500.0,53.35
2008-01-30,52.45,53.78,52.04,52.21,2009600.0,52.21
2008-01-29,53.15,53.98,51.88,52.38,2716200.0,52.38
2008-01-28,51.37,53.0,50.85,52.94,3071300.0,52.94
2008-01-25,49.59,50.4,49.22,49.9,1646000.0,49.9
2008-01-24,49.6,50.22,48.5,49.12,1669500.0,49.12
2008-01-23,46.19,49.56,45.97,49.38,2561000.0,49.38
2008-01-22,46.76,48.31,46.36,47.81,2399100.0,47.81
2008-01-18,49.06,49.4,47.3,47.87,3241700.0,47.87
2008-01-17,49.02,49.6,48.45,48.78,2944500.0,48.78
2008-01-16,49.44,49.7,48.72,48.96,1551800.0,48.96
2008-01-15,50.86,51.16,49.31,49.57,1782600.0,49.57
2008-01-14,50.1,50.6,49.95,50.54,1718900.0,50.54
2008-01-11,49.53,50.61,49.34,49.89,2340800.0,49.89
2008-01-10,48.91,50.24,48.7,49.89,1865400.0,49.89
2008-01-09,49.25,49.7,48.08,49.38,2750800.0,49.38
2008-01-08,50.73,50.83,49.95,50.15,2779900.0,50.15
2008-01-07,48.98,50.87,48.98,50.34,2537300.0,50.34
2008-01-04,51.85,51.95,51.0,51.0,2092600.0,51.0
2008-01-03,52.9,53.0,52.18,52.41,1234700.0,52.41
2008-01-02,52.69,53.09,52.46,52.65,1761700.0,52.65
2007-12-31,53.75,53.75,52.9,53.07,1080700.0,53.07
2007-12-28,54.48,54.49,53.7,53.92,826900.0,53.92
2007-12-27,54.61,54.75,53.97,54.0,1172400.0,54.0
2007-12-26,54.84,54.94,54.44,54.67,752300.0,54.67
2007-12-24,55.04,55.81,54.96,55.33,471900.0,55.33
2007-12-21,55.45,55.68,54.46,54.66,1912800.0,54.66
2007-12-20,54.82,55.0,54.1,54.91,1074900.0,54.91
2007-12-19,55.31,55.4,54.32,54.52,1444500.0,54.52
2007-12-18,55.45,55.8,54.62,55.19,1492100.0,55.19
2007-12-17,54.69,55.49,54.51,54.99,2077700.0,54.99
2007-12-14,55.96,56.33,54.49,55.11,1730900.0,55.11
2007-12-13,55.83,56.74,55.8,56.74,1391000.0,56.74
2007-12-12,57.27,57.27,55.32,56.11,1394700.0,56.11
2007-12-11,57.56,57.85,55.85,55.91,1627700.0,55.91
2007-12-10,56.61,57.68,56.52,57.36,1589600.0,57.36
2007-12-07,56.91,56.91,56.18,56.57,1203700.0,56.57
2007-12-06,55.23,56.51,55.16,56.51,1380100.0,56.51
2007-12-05,54.35,55.28,54.34,55.25,1350600.0,55.25
2007-12-04,53.5,54.39,53.5,53.96,1184700.0,53.96
2007-12-03,54.72,54.72,53.42,53.88,1189800.0,53.88
2007-11-30,53.75,54.78,53.6,54.37,1839400.0,54.37
2007-11-29,52.43,53.73,51.78,53.22,2451800.0,53.22
2007-11-28,50.1,52.73,49.37,52.49,3184200.0,52.49
2007-11-27,49.0,49.87,48.92,49.56,2024900.0,49.56
2007-11-26,49.01,50.34,48.71,48.75,2110700.0,48.75
2007-11-23,48.58,48.77,48.14,48.36,567700.0,48.36
2007-11-21,48.42,48.97,48.01,48.29,1474700.0,48.29
2007-11-20,47.38,48.77,47.38,48.56,1852900.0,48.56
2007-11-19,48.07,48.25,47.05,47.21,1619200.0,47.21
2007-11-16,48.99,48.99,47.58,47.94,1538100.0,47.94
2007-11-15,49.07,49.65,48.53,48.71,1663200.0,48.71
2007-11-14,49.08,49.74,48.99,49.2,1115600.0,49.2
2007-11-13,48.5,48.93,48.12,48.82,1032900.0,48.82
2007-11-12,48.61,48.84,48.1,48.2,1645800.0,48.2
2007-11-09,49.65,49.95,48.79,48.79,1300200.0,48.79
2007-11-08,49.36,50.19,48.78,50.09,2244900.0,50.09
2007-11-07,50.78,50.78,49.15,49.16,2522200.0,49.16
2007-11-06,50.71,51.41,50.7,51.07,1421700.0,51.07
2007-11-05,51.13,51.2,50.35,50.75,1273300.0,50.75
2007-11-02,50.82,51.57,50.54,51.28,1281200.0,51.28
2007-11-01,51.13,51.83,50.71,50.78,1319500.0,50.78
2007-10-31,50.95,52.23,50.89,51.88,1754100.0,51.88
2007-10-30,51.56,52.03,51.17,51.36,1348300.0,51.36
2007-10-29,51.29,51.87,51.23,51.76,994900.0,51.76
2007-10-26,52.04,52.05,51.22,51.36,1684800.0,51.36
2007-10-25,52.68,52.8,51.51,51.91,2279900.0,51.91
2007-10-24,52.75,53.15,51.98,53.06,1497400.0,53.06
2007-10-23,53.25,53.25,51.54,52.57,1880500.0,52.57
2007-10-22,53.18,54.25,52.75,53.49,1381600.0,53.49
2007-10-19,55.15,55.36,53.43,53.52,1351300.0,53.52
2007-10-18,54.31,55.82,54.27,55.41,1131300.0,55.41
2007-10-17,55.05,55.3,54.15,54.49,982700.0,54.49
2007-10-16,54.88,55.09,54.1,54.36,988400.0,54.36
2007-10-15,55.55,56.14,54.51,54.93,1800900.0,54.93
2007-10-12,54.8,55.11,53.85,54.99,936000.0,54.99
2007-10-11,55.0,55.46,54.3,54.64,1111500.0,54.64
2007-10-10,55.65,55.79,54.73,54.87,1091800.0,54.87
2007-10-09,55.28,55.88,55.19,55.87,605400.0,55.87
2007-10-08,55.13,55.25,54.75,55.0,674900.0,55.0
2007-10-05,55.3,55.56,54.93,55.43,884100.0,55.43
2007-10-04,54.0,54.9,53.73,54.9,1063300.0,54.9
2007-10-03,55.27,55.27,53.78,53.98,2027100.0,53.98
2007-10-02,56.5,56.57,55.28,55.58,1112700.0,55.58
2007-10-01,55.61,57.06,55.61,56.66,719000.0,56.66
2007-09-28,55.93,56.33,55.35,55.67,672700.0,55.67
2007-09-27,55.39,56.17,55.19,56.17,824600.0,56.17
2007-09-26,55.75,55.97,54.69,55.36,1289100.0,55.36
2007-09-25,54.62,55.9,54.54,55.22,927400.0,55.22
2007-09-24,56.09,56.44,54.83,54.83,1149700.0,54.83
2007-09-21,56.16,56.67,55.81,56.36,1681600.0,56.36
2007-09-20,55.98,56.5,55.63,55.81,1097100.0,55.81
2007-09-19,55.18,56.86,55.09,55.92,1181500.0,55.92
2007-09-18,53.26,54.7,53.11,54.7,1292600.0,54.7
2007-09-17,53.6,54.4,53.18,53.23,870700.0,53.23
2007-09-14,54.0,54.37,53.77,53.93,663900.0,53.93
2007-09-13,54.23,54.6,54.0,54.29,580500.0,54.29
2007-09-12,53.65,54.86,53.53,53.73,940500.0,53.73
2007-09-11,53.0,54.19,52.97,53.8,1303100.0,53.8
2007-09-10,54.55,54.58,52.92,52.98,917000.0,52.98
2007-09-07,54.95,55.07,54.03,54.23,688900.0,54.23
2007-09-06,55.68,56.05,54.97,55.64,600700.0,55.64
2007-09-05,56.3,56.59,55.26,55.58,922800.0,55.58
2007-09-04,56.52,57.27,56.09,56.84,563300.0,56.84
2007-08-31,56.56,57.17,55.97,56.54,919300.0,56.54
2007-08-30,56.15,56.83,55.67,56.14,625300.0,56.14
2007-08-29,55.85,56.71,55.65,56.58,834700.0,56.58
2007-08-28,57.05,57.07,55.56,55.58,842200.0,55.58
2007-08-27,57.88,58.1,57.0,57.29,523100.0,57.29
2007-08-24,57.59,57.95,57.15,57.9,572900.0,57.9
2007-08-23,58.5,58.63,56.63,57.49,824500.0,57.49
2007-08-22,56.35,58.18,56.27,58.12,730600.0,58.12
2007-08-21,56.16,56.69,55.64,56.02,707900.0,56.02
2007-08-20,56.2,56.64,55.14,56.16,1208200.0,56.16
2007-08-17,56.0,57.68,55.92,56.15,2711300.0,56.15
2007-08-16,53.5,54.23,52.15,53.52,2100200.0,53.52
2007-08-15,54.52,55.37,53.98,54.09,1374300.0,54.09
2007-08-14,56.05,56.23,54.75,54.75,1203500.0,54.75
2007-08-13,56.55,57.19,55.31,55.78,1365000.0,55.78
2007-08-10,56.7,57.4,55.75,56.35,1883600.0,56.35
2007-08-09,57.04,58.5,56.72,57.1,1929800.0,57.1
2007-08-08,57.45,58.58,57.4,58.14,1758400.0,58.14
2007-08-07,58.0,58.44,57.08,57.48,1900100.0,57.48
2007-08-06,57.44,58.62,56.65,58.47,1751600.0,58.47
2007-08-03,57.0,58.3,56.96,57.02,2152500.0,57.02
2007-08-02,57.72,58.39,57.19,57.83,1642400.0,57.83
2007-08-01,56.44,57.91,56.44,57.72,1695600.0,57.72
2007-07-31,57.89,58.0,56.48,56.52,1665400.0,56.52
2007-07-30,55.33,57.0,54.9,56.78,1532800.0,56.78
2007-07-27,57.42,57.64,55.38,55.38,2168400.0,55.38
2007-07-26,57.68,57.97,55.8,57.38,2377000.0,57.38
2007-07-25,59.28,59.35,57.28,58.58,1967900.0,58.58
2007-07-24,59.85,61.78,58.91,59.11,1934500.0,59.11
2007-07-23,60.31,61.08,60.05,60.32,961800.0,60.32
2007-07-20,61.19,61.19,59.55,59.69,1829900.0,59.69
2007-07-19,60.95,61.66,60.7,61.19,1674200.0,61.19
2007-07-18,60.65,61.24,60.11,60.66,1789500.0,60.66
2007-07-17,58.68,62.68,58.68,61.27,6418200.0,61.27
2007-07-16,55.57,56.24,55.57,55.73,789500.0,55.73
2007-07-13,55.3,56.07,55.2,55.91,746000.0,55.91
2007-07-12,54.85,55.18,54.67,55.14,875900.0,55.14
2007-07-11,54.23,54.82,54.23,54.67,737000.0,54.67
2007-07-10,55.0,55.55,54.39,54.39,1741300.0,54.39
2007-07-09,55.24,55.49,54.96,55.17,1176000.0,55.17
2007-07-06,54.89,55.35,54.6,55.24,522600.0,55.24
2007-07-05,54.82,55.33,54.55,54.8,988500.0,54.8
2007-07-03,55.1,55.1,54.53,54.61,414400.0,54.61
2007-07-02,54.1,55.59,53.8,54.87,1238300.0,54.87
2007-06-29,54.6,55.59,54.45,54.68,1674400.0,54.68
2007-06-28,53.69,53.89,53.5,53.76,842300.0,53.76
2007-06-27,53.0,53.8,52.82,53.68,1190100.0,53.68
2007-06-26,53.62,54.19,53.13,53.48,1170200.0,53.48
2007-06-25,53.5,54.0,53.0,53.28,898300.0,53.28
2007-06-22,53.07,53.85,53.0,53.34,1577800.0,53.34
2007-06-21,53.61,53.95,53.17,53.53,984700.0,53.53
2007-06-20,54.29,54.66,53.69,53.69,702900.0,53.69
2007-06-19,53.85,54.1,53.52,54.04,979600.0,54.04
2007-06-18,54.5,54.7,53.88,53.93,478400.0,53.93
2007-06-15,54.35,54.76,54.08,54.21,1004200.0,54.21
2007-06-14,53.82,54.49,53.74,54.1,902300.0,54.1
2007-06-13,52.45,53.83,52.14,53.82,1498300.0,53.82
2007-06-12,52.61,52.79,52.0,52.0,1116800.0,52.0
2007-06-11,53.01,53.05,52.46,52.76,1273100.0,52.76
2007-06-08,52.1,53.06,52.0,53.03,1497500.0,53.03
2007-06-07,52.52,53.01,52.02,52.02,1361500.0,52.02
2007-06-06,53.05,53.36,52.48,53.25,1111000.0,53.25
2007-06-05,53.62,53.62,53.04,53.18,667500.0,53.18
2007-06-04,53.62,54.03,53.41,53.87,744400.0,53.87
2007-06-01,53.36,54.17,53.28,53.82,805000.0,53.82
2007-05-31,53.3,53.7,52.94,53.01,525800.0,53.01
2007-05-30,52.51,53.27,52.26,53.23,719700.0,53.23
2007-05-29,52.84,52.95,52.42,52.71,555200.0,52.71
2007-05-25,52.35,52.97,52.35,52.74,334400.0,52.74
2007-05-24,52.96,53.28,52.22,52.27,749500.0,52.27
2007-05-23,53.61,53.7,53.07,53.14,704300.0,53.14
2007-05-22,53.89,53.91,53.41,53.48,690100.0,53.48
2007-05-21,54.31,54.5,53.8,53.95,724300.0,53.95
2007-05-18,53.96,54.13,53.61,53.89,829300.0,53.89
2007-05-17,53.07,54.32,53.07,53.96,1200800.0,53.96
2007-05-16,52.49,53.19,52.49,53.19,950700.0,53.19
2007-05-15,53.2,53.53,52.66,52.7,882700.0,52.7
2007-05-14,53.15,53.45,52.99,53.31,768500.0,53.31
2007-05-11,53.1,53.4,52.63,52.9,977000.0,52.9
2007-05-10,52.94,53.32,52.77,52.94,1404300.0,52.94
2007-05-09,52.79,52.99,52.46,52.95,979000.0,52.95
2007-05-08,52.99,53.0,52.62,52.92,964200.0,52.92
2007-05-07,51.96,53.38,51.96,53.14,1820800.0,53.14
2007-05-04,51.2,51.71,51.1,51.65,838000.0,51.65
2007-05-03,51.05,51.42,50.9,51.14,912300.0,51.14
2007-05-02,49.81,51.39,49.81,51.1,1042000.0,51.1
2007-05-01,50.65,50.92,49.82,50.33,1714200.0,50.33
2007-04-30,52.0,52.03,50.53,51.17,1312200.0,51.17
2007-04-27,52.12,52.3,51.51,52.04,799500.0,52.04
2007-04-26,52.48,52.65,51.92,52.37,549100.0,52.37
2007-04-25,51.98,52.51,51.87,52.5,655500.0,52.5
2007-04-24,51.81,52.5,51.47,51.78,1297400.0,51.78
2007-04-23,52.66,52.9,51.14,51.61,1564700.0,51.61
2007-04-20,52.25,52.49,51.74,52.49,1181400.0,52.49
2007-04-19,51.09,52.07,50.98,51.85,733900.0,51.85
2007-04-18,51.69,51.9,51.3,51.53,855000.0,51.53
2007-04-17,51.48,52.02,51.35,51.74,1248700.0,51.74
2007-04-16,50.58,51.48,50.57,51.46,867200.0,51.46
2007-04-13,50.75,50.98,50.1,50.47,943900.0,50.47
2007-04-12,50.21,50.81,49.96,50.65,1231500.0,50.65
2007-04-11,51.3,51.55,50.04,50.12,1286800.0,50.12
2007-04-10,52.31,52.31,51.06,51.3,1471000.0,51.3
2007-04-09,53.21,53.24,52.53,52.75,476800.0,52.75
2007-04-05,52.48,52.51,52.03,52.5,601400.0,52.5
2007-04-04,52.19,52.53,52.1,52.4,563300.0,52.4
2007-04-03,52.05,52.49,51.87,52.1,590000.0,52.1
2007-04-02,51.6,51.94,51.29,51.74,690300.0,51.74
2007-03-30,51.85,52.36,51.3,51.72,963000.0,51.72
2007-03-29,52.0,52.19,51.33,51.78,830300.0,51.78
2007-03-28,52.03,52.1,51.47,51.53,958300.0,51.53
2007-03-27,53.0,53.01,52.14,52.32,950000.0,52.32
2007-03-26,52.45,53.13,52.22,53.02,849200.0,53.02
2007-03-23,52.51,52.89,52.39,52.7,863800.0,52.7
2007-03-22,52.5,52.7,52.18,52.57,800800.0,52.57
2007-03-21,51.41,52.46,51.11,52.46,838000.0,52.46
2007-03-20,51.25,51.54,51.12,51.51,605000.0,51.51
2007-03-19,50.75,51.2,50.75,51.19,1060400.0,51.19
2007-03-16,51.25,51.25,50.47,50.5,838300.0,50.5
2007-03-15,50.72,51.69,50.55,51.39,837700.0,51.39
2007-03-14,50.64,51.0,49.68,50.62,1171400.0,50.62
2007-03-13,51.7,52.19,50.49,50.58,1006400.0,50.58
2007-03-12,51.71,52.94,51.71,52.0,754400.0,52.0
2007-03-09,51.65,52.16,51.56,51.91,573600.0,51.91
2007-03-08,51.5,52.25,51.34,51.47,1930200.0,51.47
2007-03-07,52.01,52.39,51.25,51.25,1156500.0,51.25
2007-03-06,51.99,52.63,51.55,52.33,924200.0,52.33
2007-03-05,51.4,51.97,51.24,51.25,1085900.0,51.25
2007-03-02,52.51,52.63,51.66,51.7,908600.0,51.7
2007-03-01,52.61,53.79,52.01,52.64,1351000.0,52.64
2007-02-28,53.0,53.38,52.48,52.9,1598300.0,52.9
2007-02-27,54.25,54.55,52.17,53.0,1620300.0,53.0
2007-02-26,55.41,55.95,54.69,54.77,1239200.0,54.77
2007-02-23,54.56,55.19,54.38,54.98,1082800.0,54.98
2007-02-22,54.96,54.99,54.31,54.75,869000.0,54.75
2007-02-21,54.48,54.8,54.4,54.76,979300.0,54.76
2007-02-20,54.31,54.75,53.99,54.73,658900.0,54.73
2007-02-16,53.87,54.39,53.87,54.21,1206800.0,54.21
2007-02-15,54.49,54.78,54.2,54.22,1223300.0,54.22
2007-02-14,54.17,54.72,54.05,54.46,942800.0,54.46
2007-02-13,53.75,54.47,53.72,54.42,1135400.0,54.42
2007-02-12,53.58,54.5,53.58,53.68,1879700.0,53.68
2007-02-09,51.85,54.54,51.85,54.45,5400500.0,54.45
2007-02-08,51.85,52.05,51.59,51.85,869100.0,51.85
2007-02-07,52.02,52.13,51.8,51.87,498600.0,51.87
2007-02-06,51.87,52.16,51.82,51.98,559900.0,51.98
2007-02-05,52.07,52.24,51.93,51.94,388200.0,51.94
2007-02-02,52.25,52.39,51.95,52.21,840400.0,52.21
2007-02-01,51.85,52.45,51.8,52.27,790700.0,52.27
2007-01-31,50.66,52.22,50.66,52.06,1114000.0,52.06
2007-01-30,50.76,50.8,50.13,50.66,822400.0,50.66
2007-01-29,51.7,51.73,50.48,50.68,1860700.0,50.68
2007-01-26,52.0,52.15,51.12,51.71,1728300.0,51.71
2007-01-25,53.0,53.1,51.23,52.15,2241300.0,52.15
2007-01-24,53.32,57.54,52.67,53.36,915200.0,53.36
2007-01-23,52.38,53.37,52.12,53.29,1234500.0,53.29
2007-01-22,53.1,53.21,52.28,52.52,411700.0,52.52
2007-01-19,52.7,53.31,52.7,53.23,779100.0,53.23
2007-01-18,52.94,53.04,52.22,52.64,701700.0,52.64
2007-01-17,52.37,52.83,52.09,52.16,625900.0,52.16
2007-01-16,52.98,52.98,52.34,52.47,494700.0,52.47
2007-01-12,51.99,52.61,51.99,52.61,542700.0,52.61
2007-01-11,51.15,52.25,51.01,52.05,673500.0,52.05
2007-01-10,50.77,50.94,50.32,50.9,793000.0,50.9
2007-01-09,51.11,51.3,50.67,50.96,655300.0,50.96
2007-01-08,50.78,51.1,50.5,51.1,542800.0,51.1
2007-01-05,51.0,51.12,50.64,50.92,591600.0,50.92
2007-01-04,51.55,51.55,50.98,51.26,536400.0,51.26
2007-01-03,51.23,52.0,51.12,51.5,879800.0,51.5
2006-12-29,51.4,51.5,51.06,51.12,362200.0,51.12
2006-12-28,51.83,51.97,51.34,51.58,424100.0,51.58
2006-12-27,51.36,51.99,51.36,51.99,574800.0,51.99
2006-12-26,50.94,51.44,50.82,51.41,270400.0,51.41
2006-12-22,50.61,50.9,50.32,50.82,762300.0,50.82
2006-12-21,51.25,51.37,50.56,50.64,813200.0,50.64
2006-12-20,50.91,51.54,50.9,51.06,742900.0,51.06
2006-12-19,50.98,51.25,50.4,51.05,1450000.0,51.05
2006-12-18,51.91,52.25,51.76,51.83,524600.0,51.83
2006-12-15,51.87,52.19,51.83,51.91,883400.0,51.91
2006-12-14,51.85,52.08,51.56,51.87,643200.0,51.87
2006-12-13,52.3,52.67,51.6,51.87,530800.0,51.87
2006-12-12,52.46,52.51,51.45,51.9,540300.0,51.9
2006-12-11,52.66,52.91,52.32,52.46,337800.0,52.46
2006-12-08,52.81,52.99,52.43,52.58,467600.0,52.58
2006-12-07,52.6,52.96,52.39,52.91,647900.0,52.91
2006-12-06,52.32,52.73,51.86,52.52,865500.0,52.52
2006-12-05,52.65,52.92,52.17,52.25,851200.0,52.25
2006-12-04,51.84,52.64,51.84,52.5,549300.0,52.5
2006-12-01,52.6,52.61,51.58,52.0,651400.0,52.0
2006-11-30,52.78,52.85,52.08,52.22,682300.0,52.22
2006-11-29,52.0,52.62,51.89,52.6,610900.0,52.6
2006-11-28,51.55,51.95,51.41,51.71,563900.0,51.71
2006-11-27,52.85,52.85,51.68,51.69,786200.0,51.69
2006-11-24,52.9,53.28,52.83,52.85,234800.0,52.85
2006-11-22,53.0,53.65,52.94,53.22,679300.0,53.22
2006-11-21,52.88,53.0,52.48,52.78,571600.0,52.78
2006-11-20,53.05,53.11,52.61,52.97,1093200.0,52.97
2006-11-17,53.0,53.46,52.67,53.05,928700.0,53.05
2006-11-16,53.86,53.88,52.95,53.33,1021800.0,53.33
2006-11-15,52.8,53.99,52.72,53.86,1643200.0,53.86
2006-11-14,51.86,53.09,51.71,52.93,1777600.0,52.93
2006-11-13,50.2,51.97,50.14,51.88,1520600.0,51.88
2006-11-10,50.74,50.96,49.77,49.96,1097300.0,49.96
2006-11-09,51.0,51.14,50.78,50.96,860100.0,50.96
2006-11-08,50.91,51.23,50.73,50.93,955600.0,50.93
2006-11-07,51.1,51.32,50.89,51.03,1092700.0,51.03
2006-11-06,51.42,51.58,51.04,51.1,1107600.0,51.1
2006-11-03,51.92,52.08,51.13,51.29,764300.0,51.29
2006-11-02,51.37,52.04,51.25,51.92,915100.0,51.92
2006-11-01,51.28,52.23,51.28,51.52,904400.0,51.52
2006-10-31,52.18,52.42,51.7,51.82,1167600.0,51.82
2006-10-30,52.29,52.55,51.81,52.33,782400.0,52.33
2006-10-27,51.64,52.48,51.05,52.15,920600.0,52.15
2006-10-26,51.85,52.06,51.54,51.89,731800.0,51.89
2006-10-25,51.31,51.78,51.02,51.62,1042000.0,51.62
2006-10-24,51.61,51.74,50.83,51.22,1042700.0,51.22
2006-10-23,51.54,51.92,51.36,51.55,864900.0,51.55
2006-10-20,51.55,51.84,51.01,51.6,831200.0,51.6
2006-10-19,51.6,51.9,50.44,51.39,1804500.0,51.39
2006-10-18,52.65,52.88,51.68,52.06,992700.0,52.06
2006-10-17,52.3,52.33,51.79,52.3,953100.0,52.3
2006-10-16,51.95,52.82,51.87,52.6,994800.0,52.6
2006-10-13,51.58,52.12,51.52,51.87,999100.0,51.87
2006-10-12,51.55,51.86,51.34,51.77,1360600.0,51.77
2006-10-11,50.94,51.88,50.7,51.55,2082100.0,51.55
2006-10-10,48.07,51.04,47.71,50.77,2790800.0,50.77
2006-10-09,47.16,47.78,47.1,47.5,494000.0,47.5
2006-10-06,47.06,47.54,46.84,47.24,570600.0,47.24
2006-10-05,46.77,47.39,46.74,47.34,433000.0,47.34
2006-10-04,46.75,46.93,46.46,46.85,898100.0,46.85
2006-10-03,46.69,47.01,46.2,46.75,840400.0,46.75
2006-10-02,47.2,47.26,46.68,46.71,828300.0,46.71
2006-09-29,48.03,48.03,47.33,47.35,499700.0,47.35
2006-09-28,48.0,48.22,47.43,48.04,671800.0,48.04
2006-09-27,47.3,47.83,46.97,47.77,817300.0,47.77
2006-09-26,46.83,47.5,46.79,47.33,627100.0,47.33
2006-09-25,46.42,47.14,46.2,47.0,704800.0,47.0
2006-09-22,46.2,46.35,45.93,46.12,681400.0,46.12
2006-09-21,46.95,47.01,46.31,46.45,836700.0,46.45
2006-09-20,46.35,47.03,46.1,46.87,1462000.0,46.87
2006-09-19,45.6,46.06,45.18,45.73,890200.0,45.73
2006-09-18,45.75,46.11,45.38,45.84,720000.0,45.84
2006-09-15,45.4,45.8,44.96,45.62,1353900.0,45.62
2006-09-14,44.74,45.2,44.73,45.0,1110700.0,45.0
2006-09-13,44.49,44.97,44.33,44.85,947500.0,44.85
2006-09-12,44.3,44.55,43.89,44.45,763600.0,44.45
2006-09-11,44.54,44.61,43.8,44.14,979500.0,44.14
2006-09-08,44.15,44.9,44.15,44.74,706200.0,44.74
2006-09-07,44.2,44.37,43.93,44.2,984600.0,44.2
2006-09-06,44.8,44.89,44.13,44.39,896800.0,44.39
2006-09-05,44.56,45.08,44.34,45.05,1047400.0,45.05
2006-09-01,43.98,44.87,43.96,44.46,694600.0,44.46
2006-08-31,43.75,44.25,43.7,44.1,596900.0,44.1
2006-08-30,43.21,43.89,43.15,43.82,2234800.0,43.82
2006-08-29,42.77,43.31,42.66,43.29,1474000.0,43.29
2006-08-28,42.99,42.99,41.92,42.77,2121000.0,42.77
2006-08-25,43.85,44.31,43.85,44.0,323500.0,44.0
2006-08-24,44.75,44.75,43.98,44.05,453200.0,44.05
2006-08-23,44.65,44.67,43.99,44.33,416000.0,44.33
2006-08-22,44.5,44.89,44.42,44.62,508100.0,44.62
2006-08-21,44.6,44.9,44.44,44.59,491800.0,44.59
2006-08-18,44.86,44.94,44.45,44.66,767200.0,44.66
2006-08-17,45.3,45.46,44.65,44.86,1581400.0,44.86
2006-08-16,45.3,45.45,44.98,45.42,1166300.0,45.42
2006-08-15,44.51,45.17,44.27,45.05,1183100.0,45.05
2006-08-14,44.15,44.83,43.99,44.0,961300.0,44.0
2006-08-11,43.98,44.63,43.72,43.77,1450100.0,43.77
2006-08-10,43.91,44.17,43.86,44.0,1045300.0,44.0
2006-08-09,44.4,44.64,43.83,44.0,949300.0,44.0
2006-08-08,44.92,45.35,44.41,44.49,1073300.0,44.49
2006-08-07,44.63,45.04,44.4,44.82,973300.0,44.82
2006-08-04,45.93,46.03,44.72,45.03,1500000.0,45.03
2006-08-03,45.63,46.0,45.45,45.71,909400.0,45.71
2006-08-02,45.64,46.17,45.57,45.77,1082800.0,45.77
2006-08-01,45.93,46.11,45.31,45.5,637000.0,45.5
2006-07-31,46.0,46.3,45.73,46.12,1159400.0,46.12
2006-07-28,45.06,46.31,44.97,46.17,1339900.0,46.17
2006-07-27,44.46,44.95,44.25,44.66,1487000.0,44.66
2006-07-26,45.6,45.6,44.25,44.46,2051500.0,44.46
2006-07-25,45.0,45.9,44.3,44.92,3490200.0,44.92
2006-07-24,46.62,47.34,46.42,46.94,1131800.0,46.94
2006-07-21,46.43,46.74,45.57,46.38,1314300.0,46.38
2006-07-20,46.9,47.32,46.2,46.2,650500.0,46.2
2006-07-19,46.85,47.7,46.77,47.09,1496900.0,47.09
2006-07-18,46.31,46.66,45.9,46.65,1376500.0,46.65
2006-07-17,46.4,46.55,45.94,46.35,1285100.0,46.35
2006-07-14,47.1,47.16,46.07,46.32,1237500.0,46.32
2006-07-13,47.63,47.88,47.09,47.13,1556400.0,47.13
2006-07-12,48.75,48.85,47.81,47.87,1611800.0,47.87
2006-07-11,48.83,49.1,48.6,48.61,1675600.0,48.61
2006-07-10,49.01,49.19,48.56,48.73,980100.0,48.73
2006-07-07,49.15,49.55,48.82,48.91,534900.0,48.91
2006-07-06,49.7,49.98,49.25,49.65,605800.0,49.65
2006-07-05,50.3,50.35,49.65,49.78,675900.0,49.78
2006-07-03,50.3,50.66,50.16,50.56,319700.0,50.56
2006-06-30,50.1,50.28,49.79,50.12,756100.0,50.12
2006-06-29,48.55,50.17,48.49,50.08,1590600.0,50.08
2006-06-28,48.0,48.33,47.71,48.23,1043700.0,48.23
2006-06-27,48.33,48.77,48.04,48.13,1212500.0,48.13
2006-06-26,48.49,48.81,48.27,48.45,1201600.0,48.45
2006-06-23,49.0,49.07,48.3,48.49,863400.0,48.49
2006-06-22,48.9,49.28,48.54,49.03,1607500.0,49.03
2006-06-21,48.14,49.78,48.11,49.12,1437100.0,49.12
2006-06-20,47.07,48.41,46.97,48.16,1543200.0,48.16
2006-06-19,47.97,47.97,46.85,47.07,1180200.0,47.07
2006-06-16,47.72,48.08,47.62,47.78,1081200.0,47.78
2006-06-15,46.28,47.79,46.27,47.67,1027500.0,47.67
2006-06-14,45.13,46.13,45.0,46.11,1231800.0,46.11
2006-06-13,45.79,46.37,45.23,45.24,1165700.0,45.24
2006-06-12,47.1,47.32,46.09,46.09,860200.0,46.09
2006-06-09,47.44,47.66,46.93,46.98,1009900.0,46.98
2006-06-08,47.85,47.87,46.42,47.44,1588100.0,47.44
2006-06-07,48.4,48.45,47.69,47.85,1009100.0,47.85
2006-06-06,49.08,49.14,48.18,48.48,834500.0,48.48
2006-06-05,50.43,50.43,48.94,48.98,641700.0,48.98
2006-06-02,51.0,51.26,50.1,50.51,700200.0,50.51
2006-06-01,50.27,50.97,49.93,50.94,832800.0,50.94
2006-05-31,50.04,50.84,50.0,50.41,794200.0,50.41
2006-05-30,50.39,50.39,49.72,49.72,755200.0,49.72
2006-05-26,50.03,50.7,49.9,50.39,711200.0,50.39
2006-05-25,49.2,50.16,49.14,49.93,810900.0,49.93
2006-05-24,49.05,49.72,48.51,49.02,1098500.0,49.02
2006-05-23,49.6,49.91,49.13,49.13,1036600.0,49.13
2006-05-22,49.5,49.5,48.03,49.0,1004000.0,49.0
2006-05-19,49.21,49.54,48.66,49.16,610800.0,49.16
2006-05-18,49.17,49.34,48.89,48.92,558700.0,48.92
2006-05-17,49.51,49.53,48.74,49.0,733500.0,49.0
2006-05-16,50.1,50.24,49.36,49.8,541800.0,49.8
2006-05-15,50.41,50.58,49.56,50.0,686100.0,50.0
2006-05-12,51.13,51.13,50.09,50.4,984600.0,50.4
2006-05-11,52.07,52.11,51.19,51.34,463900.0,51.34
2006-05-10,52.23,52.41,51.64,51.82,558400.0,51.82
2006-05-09,52.52,52.6,52.03,52.6,545100.0,52.6
2006-05-08,51.9,52.8,51.9,52.43,804100.0,52.43
2006-05-05,52.1,52.13,51.68,51.96,857400.0,51.96
2006-05-04,51.25,51.61,51.13,51.46,784800.0,51.46
2006-05-03,50.3,50.89,50.28,50.75,611400.0,50.75
2006-05-02,50.4,50.5,50.08,50.42,669400.0,50.42
2006-05-01,50.45,50.97,50.25,50.59,687700.0,50.59
2006-04-28,50.67,51.06,50.46,50.6,605200.0,50.6
2006-04-27,50.82,51.38,50.48,50.87,589000.0,50.87
2006-04-26,51.09,51.38,50.56,51.07,595400.0,51.07
2006-04-25,51.23,51.42,50.72,50.82,1085600.0,50.82
2006-04-24,50.5,51.01,50.0,50.57,1435400.0,50.57
2006-04-21,52.5,52.59,51.66,51.94,1004500.0,51.94
2006-04-20,52.25,53.0,52.02,52.31,754800.0,52.31
2006-04-19,51.99,52.45,51.9,51.94,1724600.0,51.94
2006-04-18,51.0,52.4,50.95,51.9,1449300.0,51.9
2006-04-17,50.45,50.84,50.24,50.7,738800.0,50.7
2006-04-13,50.67,50.85,50.16,50.52,431500.0,50.52
2006-04-12,49.65,50.74,49.61,50.63,1168900.0,50.63
2006-04-11,51.2,51.3,49.22,49.55,3182000.0,49.55
2006-04-10,49.25,49.42,48.92,49.05,1007800.0,49.05
2006-04-07,50.4,50.64,49.15,49.22,643200.0,49.22
2006-04-06,50.6,50.81,49.83,50.18,986200.0,50.18
2006-04-05,49.65,50.27,49.09,50.25,805800.0,50.25
2006-04-04,49.27,49.85,48.84,49.45,731000.0,49.45
2006-04-03,48.87,49.76,48.87,49.01,896000.0,49.01
2006-03-31,48.8,49.17,48.55,48.87,571800.0,48.87
2006-03-30,48.92,49.47,48.38,48.57,650300.0,48.57
2006-03-29,48.0,48.92,47.88,48.82,922600.0,48.82
2006-03-28,49.0,49.03,47.75,47.85,1031000.0,47.85
2006-03-27,49.83,49.83,48.81,48.97,603500.0,48.97
2006-03-24,49.88,49.93,49.27,49.7,679500.0,49.7
2006-03-23,50.01,50.48,49.82,49.98,797500.0,49.98
2006-03-22,49.57,49.96,49.28,49.91,423900.0,49.91
2006-03-21,49.72,50.16,49.47,49.47,650600.0,49.47
2006-03-20,49.79,49.86,49.51,49.82,527500.0,49.82
2006-03-17,49.88,50.0,49.35,49.73,555900.0,49.73
2006-03-16,49.84,50.07,49.48,49.62,568800.0,49.62
2006-03-15,49.7,50.2,49.34,49.84,724000.0,49.84
2006-03-14,48.85,49.4,48.85,49.35,776400.0,49.35
2006-03-13,49.2,49.39,48.94,49.07,493200.0,49.07
2006-03-10,48.55,49.36,48.55,49.24,356000.0,49.24
2006-03-09,48.72,49.19,48.47,48.55,423400.0,48.55
2006-03-08,49.35,49.35,48.38,48.7,832900.0,48.7
2006-03-07,49.53,50.33,49.19,49.47,551500.0,49.47
2006-03-06,50.2,50.27,49.13,49.53,840800.0,49.53
2006-03-03,50.05,50.5,50.04,50.15,641300.0,50.15
2006-03-02,50.32,50.86,50.17,50.64,443300.0,50.64
2006-03-01,49.98,50.75,49.96,50.57,1280600.0,50.57
2006-02-28,50.3,50.45,49.72,49.75,767800.0,49.75
2006-02-27,50.5,50.74,50.4,50.49,591600.0,50.49
2006-02-24,51.2,51.24,50.42,50.44,1069800.0,50.44
2006-02-23,51.6,52.41,51.23,51.56,1052900.0,51.56
2006-02-22,51.15,51.8,51.14,51.55,873600.0,51.55
2006-02-21,51.04,51.48,50.56,50.95,501000.0,50.95
2006-02-17,50.99,51.5,50.75,51.23,540200.0,51.23
2006-02-16,50.5,51.13,50.19,51.0,499000.0,51.0
2006-02-15,50.28,50.78,49.96,50.5,739500.0,50.5
2006-02-14,49.07,50.65,48.88,50.61,968400.0,50.61
2006-02-13,49.14,49.35,48.48,49.05,769200.0,49.05
2006-02-10,48.23,49.4,48.01,49.2,649200.0,49.2
2006-02-09,48.55,48.7,48.2,48.33,935700.0,48.33
2006-02-08,48.7,48.97,48.46,48.91,513100.0,48.91
2006-02-07,49.52,50.02,48.62,48.62,761500.0,48.62
2006-02-06,48.26,49.65,48.26,49.52,1073000.0,49.52
2006-02-03,48.55,49.2,47.87,48.04,2002800.0,48.04
2006-02-02,50.65,51.85,50.63,50.66,1472300.0,50.66
2006-02-01,50.7,51.41,50.7,51.16,663100.0,51.16
2006-01-31,50.65,51.27,50.53,50.9,703000.0,50.9
2006-01-30,50.72,50.9,50.3,50.81,698000.0,50.81
2006-01-27,52.14,52.14,50.5,50.72,728900.0,50.72
2006-01-26,50.5,51.3,50.36,51.21,888500.0,51.21
2006-01-25,50.5,50.82,50.15,50.37,915100.0,50.37
2006-01-24,49.58,50.46,49.45,50.35,1162200.0,50.35
2006-01-23,48.81,49.65,48.75,49.45,1005700.0,49.45
2006-01-20,49.04,49.11,48.77,48.8,892800.0,48.8
2006-01-19,49.05,49.42,49.0,49.31,1154100.0,49.31
2006-01-18,48.68,49.07,48.51,48.85,1602900.0,48.85
2006-01-17,46.9,49.19,46.87,49.08,1900900.0,49.08
2006-01-13,47.2,47.36,46.86,46.96,726500.0,46.96
2006-01-12,47.4,47.8,47.04,47.12,609000.0,47.12
2006-01-11,47.86,48.01,47.33,47.58,1006900.0,47.58
2006-01-10,48.6,48.6,47.99,48.11,980500.0,48.11
2006-01-09,49.0,49.1,48.65,48.86,675200.0,48.86
2006-01-06,48.99,49.0,48.53,49.0,920200.0,49.0
2006-01-05,48.48,48.57,47.89,48.28,1395200.0,48.28
2006-01-04,48.63,48.92,48.29,48.47,1338600.0,48.47
2006-01-03,48.85,49.12,48.03,48.99,989800.0,48.99
2005-12-30,48.48,48.64,48.21,48.42,291500.0,48.42
2005-12-29,49.0,49.24,48.7,48.74,396100.0,48.74
2005-12-28,48.91,48.99,48.69,48.8,395600.0,48.8
2005-12-27,49.48,49.68,48.62,48.71,526600.0,48.71
2005-12-23,49.08,49.26,48.9,49.09,326400.0,49.09
2005-12-22,48.52,49.16,48.42,48.98,803400.0,48.98
2005-12-21,47.2,49.0,47.16,48.61,1557800.0,48.61
2005-12-20,47.83,47.99,46.78,46.87,949900.0,46.87
2005-12-19,48.01,48.16,47.54,47.62,651000.0,47.62
2005-12-16,49.01,49.01,47.95,48.06,957800.0,48.06
2005-12-15,48.9,49.23,48.64,48.83,1066500.0,48.83
2005-12-14,48.6,49.62,48.6,49.05,1811800.0,49.05
2005-12-13,48.0,49.7,47.6,49.19,3216900.0,49.19
2005-12-12,45.9,46.19,45.77,46.17,678400.0,46.17
2005-12-09,46.11,46.12,45.49,45.61,569500.0,45.61
2005-12-08,46.16,46.66,45.93,46.11,496700.0,46.11
2005-12-07,46.8,46.8,45.91,46.06,633600.0,46.06
2005-12-06,46.9,47.1,46.49,46.61,635400.0,46.61
2005-12-05,46.3,46.66,46.25,46.61,824400.0,46.61
2005-12-02,46.32,46.84,46.08,46.75,1043000.0,46.75
2005-12-01,45.25,46.68,44.57,46.48,2100600.0,46.48
2005-11-30,44.86,45.24,43.75,43.8,945300.0,43.8
2005-11-29,44.75,45.24,44.69,44.95,522900.0,44.95
2005-11-28,44.54,44.64,44.11,44.45,592100.0,44.45
2005-11-25,44.61,44.68,44.39,44.43,210100.0,44.43
2005-11-23,44.66,44.66,44.26,44.38,410500.0,44.38
2005-11-22,44.5,44.7,44.1,44.66,683000.0,44.66
2005-11-21,44.74,44.92,44.23,44.79,1358400.0,44.79
2005-11-18,44.73,44.98,44.4,44.77,393600.0,44.77
2005-11-17,44.04,44.47,43.86,44.44,482200.0,44.44
2005-11-16,44.0,44.1,43.77,43.92,601400.0,43.92
2005-11-15,44.02,44.46,43.94,43.98,860300.0,43.98
2005-11-14,43.91,44.39,43.49,44.02,1010100.0,44.02
2005-11-11,43.67,43.93,43.37,43.86,646900.0,43.86
2005-11-10,42.6,43.44,42.26,43.31,578400.0,43.31
2005-11-09,42.59,43.0,42.41,42.55,435000.0,42.55
2005-11-08,42.9,42.98,42.44,42.46,813300.0,42.46
2005-11-07,43.35,43.35,42.93,43.07,550000.0,43.07
2005-11-04,43.2,43.42,42.98,43.2,393300.0,43.2
2005-11-03,43.9,44.07,43.15,43.18,722100.0,43.18
2005-11-02,43.0,44.0,42.91,43.68,1035700.0,43.68
2005-11-01,43.51,43.99,43.34,43.7,1041600.0,43.7
2005-10-31,43.05,43.69,43.02,43.53,698100.0,43.53
2005-10-28,43.05,43.19,42.62,42.9,1199100.0,42.9
2005-10-27,43.27,43.55,42.65,42.68,762000.0,42.68
2005-10-26,42.67,43.7,42.67,43.17,675000.0,43.17
2005-10-25,43.37,43.74,42.33,42.62,1268200.0,42.62
2005-10-24,42.55,43.49,42.55,43.37,1098100.0,43.37
2005-10-21,42.4,42.73,42.04,42.53,1042600.0,42.53
2005-10-20,40.95,42.43,40.76,42.1,2363900.0,42.1
2005-10-19,40.95,41.12,40.49,40.89,1566900.0,40.89
2005-10-18,41.19,41.35,40.86,41.0,1275600.0,41.0
2005-10-17,40.82,41.29,40.67,41.19,926600.0,41.19
2005-10-14,41.05,41.1,40.65,41.0,1121900.0,41.0
2005-10-13,40.58,40.93,40.45,40.8,881500.0,40.8
2005-10-12,40.4,40.89,40.4,40.72,1040600.0,40.72
2005-10-11,40.35,40.86,40.3,40.53,1305300.0,40.53
2005-10-10,40.52,40.55,39.96,40.35,817700.0,40.35
2005-10-07,40.43,40.84,40.34,40.69,922400.0,40.69
2005-10-06,40.6,40.69,39.78,40.1,1479500.0,40.1
2005-10-05,41.05,41.1,40.3,40.41,1640300.0,40.41
2005-10-04,40.89,41.34,40.58,40.95,1404100.0,40.95
2005-10-03,41.08,41.36,40.74,40.92,815300.0,40.92
2005-09-30,40.48,41.31,40.43,41.13,853000.0,41.13
2005-09-29,40.18,40.48,39.81,40.48,1224900.0,40.48
2005-09-28,40.88,40.89,40.1,40.25,722000.0,40.25
2005-09-27,40.88,41.09,40.48,40.73,788200.0,40.73
2005-09-26,41.4,41.62,40.8,40.98,835100.0,40.98
2005-09-23,40.74,41.19,40.46,40.95,1035000.0,40.95
2005-09-22,39.95,40.94,39.53,40.84,1493600.0,40.84
2005-09-21,40.9,41.33,39.72,39.91,1749300.0,39.91
2005-09-20,41.5,41.64,40.69,41.15,3299000.0,41.15
2005-09-19,41.2,41.2,39.47,40.1,1760300.0,40.1
2005-09-16,41.2,41.35,40.18,40.38,5032600.0,40.38
2005-09-15,41.56,41.62,40.94,41.24,745400.0,41.24
2005-09-14,41.65,41.96,41.44,41.61,697100.0,41.61
2005-09-13,42.2,42.32,41.58,41.58,643800.0,41.58
2005-09-12,42.05,42.37,41.75,42.2,855400.0,42.2
2005-09-09,42.4,42.52,41.99,42.14,798500.0,42.14
2005-09-08,42.64,42.76,42.32,42.37,698300.0,42.37
2005-09-07,42.7,43.09,42.64,42.79,1035000.0,42.79
2005-09-06,42.6,43.06,42.31,42.56,1208700.0,42.56
2005-09-02,42.92,43.15,42.67,43.11,745100.0,43.11
2005-09-01,43.3,43.55,42.61,42.67,1100000.0,42.67
2005-08-31,42.95,43.41,42.63,43.41,1546700.0,43.41
2005-08-30,42.7,42.79,42.25,42.75,1088500.0,42.75
2005-08-29,42.06,43.03,41.81,42.86,1058300.0,42.86
2005-08-26,42.6,42.81,42.4,42.54,765400.0,42.54
2005-08-25,42.81,42.95,42.48,42.74,951200.0,42.74
2005-08-24,43.14,43.3,42.79,42.81,994200.0,42.81
2005-08-23,44.25,44.35,43.36,43.39,1231100.0,43.39
2005-08-22,44.57,44.78,43.89,44.25,1267000.0,44.25
2005-08-19,44.85,44.85,44.43,44.51,723700.0,44.51
2005-08-18,44.93,45.02,44.25,44.41,1229600.0,44.41
2005-08-17,44.98,45.03,44.57,44.91,1263400.0,44.91
2005-08-16,45.5,45.56,44.81,44.9,1248000.0,44.9
2005-08-15,45.96,46.08,45.26,45.56,746300.0,45.56
2005-08-12,46.15,46.28,45.68,45.9,474400.0,45.9
2005-08-11,46.1,46.57,45.91,46.3,745200.0,46.3
2005-08-10,47.03,47.14,45.83,45.96,876300.0,45.96
2005-08-09,47.03,47.25,46.87,47.03,307500.0,47.03
2005-08-08,47.01,47.25,46.67,46.78,297600.0,46.78
2005-08-05,46.96,47.4,46.76,46.76,484100.0,46.76
2005-08-04,47.49,47.75,47.08,47.1,620400.0,47.1
2005-08-03,47.07,47.75,46.95,47.71,967100.0,47.71
2005-08-02,46.49,47.21,46.47,46.93,682000.0,46.93
2005-08-01,46.4,46.48,46.09,46.24,634200.0,46.24
2005-07-29,46.85,47.09,46.06,46.06,585600.0,46.06
2005-07-28,46.44,47.29,46.44,46.89,605200.0,46.89
2005-07-27,46.05,46.56,46.02,46.32,586700.0,46.32
2005-07-26,45.89,46.03,45.26,45.8,813400.0,45.8
2005-07-25,46.32,46.92,46.04,46.08,758500.0,46.08
2005-07-22,45.9,46.29,45.56,46.11,1210900.0,46.11
2005-07-21,47.39,47.44,45.67,45.69,2184000.0,45.69
2005-07-20,46.62,47.7,46.56,47.7,814100.0,47.7
2005-07-19,46.3,47.11,46.21,46.72,1480400.0,46.72
2005-07-18,45.58,45.79,45.38,45.69,601600.0,45.69
2005-07-15,45.54,45.79,45.52,45.67,698400.0,45.67
2005-07-14,45.4,45.95,45.34,45.6,620600.0,45.6
2005-07-13,45.24,45.34,44.67,45.12,1005400.0,45.12
2005-07-12,45.3,45.37,44.72,45.21,1191900.0,45.21
2005-07-11,45.4,45.66,45.28,45.63,1096200.0,45.63
2005-07-08,44.92,45.42,44.79,45.32,1376400.0,45.32
2005-07-07,44.11,44.93,43.59,44.92,1034800.0,44.92
2005-07-06,44.9,45.2,44.43,44.48,947300.0,44.48
2005-07-05,45.4,45.6,45.2,45.2,887500.0,45.2
2005-07-01,46.34,46.59,45.5,45.5,930800.0,45.5
2005-06-30,46.4,46.74,46.24,46.34,937100.0,46.34
2005-06-29,46.15,46.61,45.82,46.3,721300.0,46.3
2005-06-28,45.7,46.33,45.69,46.05,607200.0,46.05
2005-06-27,45.45,45.75,45.01,45.39,702300.0,45.39
2005-06-24,45.74,45.87,45.1,45.56,633000.0,45.56
2005-06-23,47.09,47.12,45.78,45.79,785900.0,45.79
2005-06-22,47.43,47.7,46.99,46.99,686100.0,46.99
2005-06-21,47.55,47.61,47.1,47.38,852700.0,47.38
2005-06-20,47.85,48.0,47.29,47.71,873800.0,47.71
2005-06-17,49.14,49.23,48.2,48.41,1288000.0,48.41
2005-06-16,48.18,48.99,48.18,48.95,783500.0,48.95
2005-06-15,47.99,48.28,47.8,48.23,786200.0,48.23
2005-06-14,47.4,47.9,47.3,47.84,652400.0,47.84
2005-06-13,47.0,47.77,46.93,47.42,684700.0,47.42
2005-06-10,46.81,47.2,46.78,47.18,973800.0,47.18
2005-06-09,46.78,46.83,46.05,46.83,702000.0,46.83
2005-06-08,47.4,47.47,46.58,46.75,520000.0,46.75
2005-06-07,46.92,47.66,46.92,47.2,716400.0,47.2
2005-06-06,46.93,46.99,46.51,46.68,993000.0,46.68
2005-06-03,47.13,47.66,46.88,46.99,564200.0,46.99
2005-06-02,46.84,47.27,46.55,47.18,657700.0,47.18
2005-06-01,46.46,47.25,46.25,47.07,838100.0,47.07
2005-05-31,46.94,46.94,46.22,46.65,737800.0,46.65
2005-05-27,46.25,46.94,46.23,46.86,894100.0,46.86
2005-05-26,46.32,46.43,46.07,46.15,486200.0,46.15
2005-05-25,46.45,46.67,45.79,46.09,493900.0,46.09
2005-05-24,46.4,46.8,46.4,46.56,667600.0,46.56
2005-05-23,46.63,47.41,46.63,47.11,643400.0,47.11
2005-05-20,46.79,46.84,46.4,46.59,1503400.0,46.59
2005-05-19,46.55,46.99,46.55,46.8,1674200.0,46.8
2005-05-18,46.1,46.66,45.94,46.54,1353200.0,46.54
2005-05-17,43.65,44.99,43.62,44.86,1065700.0,44.86
2005-05-16,42.91,43.89,42.91,43.87,960100.0,43.87
2005-05-13,43.53,43.97,43.04,43.16,1447400.0,43.16
2005-05-12,44.77,44.77,43.09,43.19,1237000.0,43.19
2005-05-11,44.12,44.24,43.2,44.0,1748600.0,44.0
2005-05-10,44.76,44.9,44.11,44.37,1510000.0,44.37
2005-05-09,45.51,45.67,44.99,45.21,908300.0,45.21
2005-05-06,45.9,46.14,45.46,45.6,692800.0,45.6
2005-05-05,45.25,45.78,45.18,45.6,1050700.0,45.6
2005-05-04,44.9,45.54,44.75,45.54,634300.0,45.54
2005-05-03,44.35,44.8,44.18,44.69,1192300.0,44.69
2005-05-02,43.84,44.81,43.47,44.17,1094800.0,44.17
2005-04-29,43.15,43.78,42.94,43.66,970500.0,43.66
2005-04-28,43.4,43.69,42.42,42.66,968400.0,42.66
2005-04-27,43.29,43.44,42.55,43.08,891300.0,43.08
2005-04-26,44.18,44.45,43.26,43.29,796000.0,43.29
2005-04-25,43.96,44.63,43.92,44.39,523000.0,44.39
2005-04-22,44.81,44.9,43.39,43.75,900100.0,43.75
2005-04-21,43.95,44.92,43.59,44.81,1143500.0,44.81
2005-04-20,43.88,44.0,42.77,42.83,794500.0,42.83
2005-04-19,43.28,44.13,43.28,43.88,951600.0,43.88
2005-04-18,42.89,43.39,42.67,43.14,1323800.0,43.14
2005-04-15,43.86,44.0,42.75,42.89,1561300.0,42.89
2005-04-14,45.5,45.5,43.67,43.85,1643500.0,43.85
2005-04-13,46.25,46.27,45.26,45.37,1203000.0,45.37
2005-04-12,46.8,46.8,45.75,46.3,1127100.0,46.3
2005-04-11,47.27,47.37,46.64,46.79,704200.0,46.79
2005-04-08,47.92,47.98,47.22,47.26,1237900.0,47.26
2005-04-07,47.98,48.23,47.7,47.91,1004600.0,47.91
2005-04-06,47.72,48.12,47.5,47.99,523600.0,47.99
2005-04-05,47.7,47.89,47.42,47.62,757200.0,47.62
2005-04-04,47.6,47.75,47.19,47.6,873800.0,47.6
2005-04-01,48.25,48.57,47.5,47.5,1228400.0,47.5
2005-03-31,47.81,48.53,47.81,48.0,648500.0,48.0
2005-03-30,47.2,47.94,47.14,47.89,953200.0,47.89
2005-03-29,48.08,48.39,47.06,47.07,1184300.0,47.07
2005-03-28,48.15,48.31,47.83,47.83,760900.0,47.83
2005-03-24,48.15,48.27,47.98,48.05,735700.0,48.05
2005-03-23,48.27,48.52,47.9,47.94,970000.0,47.94
2005-03-22,48.3,48.88,48.1,48.18,872600.0,48.18
2005-03-21,48.53,48.63,48.13,48.4,792200.0,48.4
2005-03-18,48.35,49.04,48.21,48.41,3590000.0,48.41
2005-03-17,47.27,48.19,46.5,48.1,1335900.0,48.1
2005-03-16,48.29,48.29,46.89,47.07,1199000.0,47.07
2005-03-15,48.75,48.76,48.23,48.29,629800.0,48.29
2005-03-14,48.7,49.19,48.23,48.64,813500.0,48.64
2005-03-11,48.93,49.35,48.38,48.48,1094800.0,48.48
2005-03-10,49.46,49.55,48.58,48.93,952500.0,48.93
2005-03-09,49.62,50.0,49.36,49.46,959500.0,49.46
2005-03-08,49.39,49.66,49.19,49.62,702600.0,49.62
2005-03-07,49.4,49.68,49.11,49.39,778400.0,49.39
2005-03-04,48.95,49.55,48.6,49.44,1113000.0,49.44
2005-03-03,48.9,49.06,48.54,48.75,541200.0,48.75
2005-03-02,48.9,49.27,48.4,48.85,1327700.0,48.85
2005-03-01,48.13,49.12,48.07,49.1,876200.0,49.1
2005-02-28,48.58,48.71,47.88,48.17,752100.0,48.17
2005-02-25,48.3,48.95,47.92,48.91,419000.0,48.91
2005-02-24,47.9,48.25,47.69,48.19,650900.0,48.19
2005-02-23,47.74,48.19,47.68,47.99,677400.0,47.99
2005-02-22,48.0,48.34,47.58,47.62,799400.0,47.62
2005-02-18,48.34,48.86,48.29,48.52,738500.0,48.52
2005-02-17,48.85,48.91,48.16,48.24,751500.0,48.24
2005-02-16,48.55,49.09,48.34,48.99,607300.0,48.99
2005-02-15,48.76,49.12,48.62,48.93,729100.0,48.93
2005-02-14,49.06,49.19,48.59,48.89,446500.0,48.89
2005-02-11,48.7,49.05,48.25,48.94,727600.0,48.94
2005-02-10,47.75,48.66,47.68,48.62,868300.0,48.62
2005-02-09,48.33,48.33,47.41,47.57,785800.0,47.57
2005-02-08,48.43,48.62,48.17,48.33,1377200.0,48.33
2005-02-07,48.25,48.73,48.19,48.43,1091500.0,48.43
2005-02-04,47.5,48.3,47.37,48.25,1103100.0,48.25
2005-02-03,46.85,47.57,46.38,47.5,1536000.0,47.5
2005-02-02,45.5,47.61,45.15,47.18,3583600.0,47.18
2005-02-01,44.35,44.48,43.97,44.36,900300.0,44.36
2005-01-31,43.94,44.27,43.75,44.24,721400.0,44.24
2005-01-28,43.65,43.81,43.31,43.69,663200.0,43.69
2005-01-27,43.32,43.63,43.03,43.47,641900.0,43.47
2005-01-26,43.12,43.49,42.82,43.26,730500.0,43.26
2005-01-25,42.5,43.42,42.5,43.07,972500.0,43.07
2005-01-24,42.65,42.75,42.22,42.24,643300.0,42.24
2005-01-21,42.8,43.1,42.4,42.4,974300.0,42.4
2005-01-20,42.85,43.15,42.72,42.85,1127600.0,42.85
2005-01-19,43.33,43.42,43.06,43.15,718300.0,43.15
2005-01-18,43.02,43.34,42.66,43.33,605100.0,43.33
2005-01-14,42.9,43.29,42.49,43.03,701500.0,43.03
2005-01-13,42.85,43.32,42.64,42.75,1001800.0,42.75
2005-01-12,42.1,43.16,41.54,43.04,1149700.0,43.04
2005-01-11,42.73,42.73,41.98,41.98,811800.0,41.98
2005-01-10,42.33,42.81,42.15,42.73,703200.0,42.73
2005-01-07,42.3,42.74,42.13,42.44,849200.0,42.44
2005-01-06,41.38,42.22,41.29,41.92,713300.0,41.92
2005-01-05,42.0,42.34,41.38,41.41,1097200.0,41.41
2005-01-04,43.4,43.4,42.0,42.0,1731000.0,42.0
2005-01-03,44.45,44.5,43.69,43.88,523600.0,43.88
