Date,Open,High,Low,Close,Volume,Adj Close 
2011-11-23,nan,nan,nan,nan,nan,nan
2011-11-22,nan,nan,nan,nan,nan,nan
2011-11-21,nan,nan,nan,nan,nan,nan
2011-11-18,nan,nan,nan,nan,nan,nan
2011-11-17,nan,nan,nan,nan,nan,nan
2011-11-16,nan,nan,nan,nan,nan,nan
2011-11-15,nan,nan,nan,nan,nan,nan
2011-11-14,nan,nan,nan,nan,nan,nan
2011-11-11,nan,nan,nan,nan,nan,nan
2011-11-10,nan,nan,nan,nan,nan,nan
2011-11-09,nan,nan,nan,nan,nan,nan
2011-11-08,nan,nan,nan,nan,nan,nan
2011-11-07,nan,nan,nan,nan,nan,nan
2011-11-04,nan,nan,nan,nan,nan,nan
2011-11-03,nan,nan,nan,nan,nan,nan
2011-11-02,nan,nan,nan,nan,nan,nan
2011-11-01,nan,nan,nan,nan,nan,nan
2011-10-31,nan,nan,nan,nan,nan,nan
2011-10-28,nan,nan,nan,nan,nan,nan
2011-10-27,nan,nan,nan,nan,nan,nan
2011-10-26,nan,nan,nan,nan,nan,nan
2011-10-25,nan,nan,nan,nan,nan,nan
2011-10-24,nan,nan,nan,nan,nan,nan
2011-10-21,nan,nan,nan,nan,nan,nan
2011-10-20,nan,nan,nan,nan,nan,nan
2011-10-19,nan,nan,nan,nan,nan,nan
2011-10-18,nan,nan,nan,nan,nan,nan
2011-10-17,nan,nan,nan,nan,nan,nan
2011-10-14,nan,nan,nan,nan,nan,nan
2011-10-13,nan,nan,nan,nan,nan,nan
2011-10-12,nan,nan,nan,nan,nan,nan
2011-10-11,nan,nan,nan,nan,nan,nan
2011-10-10,nan,nan,nan,nan,nan,nan
2011-10-07,nan,nan,nan,nan,nan,nan
2011-10-06,nan,nan,nan,nan,nan,nan
2011-10-05,nan,nan,nan,nan,nan,nan
2011-10-04,nan,nan,nan,nan,nan,nan
2011-10-03,nan,nan,nan,nan,nan,nan
2011-09-30,nan,nan,nan,nan,nan,nan
2011-09-29,nan,nan,nan,nan,nan,nan
2011-09-28,nan,nan,nan,nan,nan,nan
2011-09-27,nan,nan,nan,nan,nan,nan
2011-09-26,nan,nan,nan,nan,nan,nan
2011-09-23,nan,nan,nan,nan,nan,nan
2011-09-22,nan,nan,nan,nan,nan,nan
2011-09-21,nan,nan,nan,nan,nan,nan
2011-09-20,nan,nan,nan,nan,nan,nan
2011-09-19,nan,nan,nan,nan,nan,nan
2011-09-16,nan,nan,nan,nan,nan,nan
2011-09-15,nan,nan,nan,nan,nan,nan
2011-09-14,nan,nan,nan,nan,nan,nan
2011-09-13,nan,nan,nan,nan,nan,nan
2011-09-12,nan,nan,nan,nan,nan,nan
2011-09-09,nan,nan,nan,nan,nan,nan
2011-09-08,nan,nan,nan,nan,nan,nan
2011-09-07,nan,nan,nan,nan,nan,nan
2011-09-06,nan,nan,nan,nan,nan,nan
2011-09-02,nan,nan,nan,nan,nan,nan
2011-09-01,nan,nan,nan,nan,nan,nan
2011-08-31,nan,nan,nan,nan,nan,nan
2011-08-30,nan,nan,nan,nan,nan,nan
2011-08-29,nan,nan,nan,nan,nan,nan
2011-08-26,nan,nan,nan,nan,nan,nan
2011-08-25,nan,nan,nan,nan,nan,nan
2011-08-24,nan,nan,nan,nan,nan,nan
2011-08-23,nan,nan,nan,nan,nan,nan
2011-08-22,nan,nan,nan,nan,nan,nan
2011-08-19,nan,nan,nan,nan,nan,nan
2011-08-18,nan,nan,nan,nan,nan,nan
2011-08-17,nan,nan,nan,nan,nan,nan
2011-08-16,nan,nan,nan,nan,nan,nan
2011-08-15,nan,nan,nan,nan,nan,nan
2011-08-12,nan,nan,nan,nan,nan,nan
2011-08-11,nan,nan,nan,nan,nan,nan
2011-08-10,nan,nan,nan,nan,nan,nan
2011-08-09,nan,nan,nan,nan,nan,nan
2011-08-08,nan,nan,nan,nan,nan,nan
2011-08-05,nan,nan,nan,nan,nan,nan
2011-08-04,nan,nan,nan,nan,nan,nan
2011-08-03,nan,nan,nan,nan,nan,nan
2011-08-02,nan,nan,nan,nan,nan,nan
2011-08-01,nan,nan,nan,nan,nan,nan
2011-07-29,nan,nan,nan,nan,nan,nan
2011-07-28,nan,nan,nan,nan,nan,nan
2011-07-27,nan,nan,nan,nan,nan,nan
2011-07-26,nan,nan,nan,nan,nan,nan
2011-07-25,nan,nan,nan,nan,nan,nan
2011-07-22,nan,nan,nan,nan,nan,nan
2011-07-21,nan,nan,nan,nan,nan,nan
2011-07-20,nan,nan,nan,nan,nan,nan
2011-07-19,nan,nan,nan,nan,nan,nan
2011-07-18,nan,nan,nan,nan,nan,nan
2011-07-15,nan,nan,nan,nan,nan,nan
2011-07-14,nan,nan,nan,nan,nan,nan
2011-07-13,nan,nan,nan,nan,nan,nan
2011-07-12,nan,nan,nan,nan,nan,nan
2011-07-11,nan,nan,nan,nan,nan,nan
2011-07-08,nan,nan,nan,nan,nan,nan
2011-07-07,nan,nan,nan,nan,nan,nan
2011-07-06,nan,nan,nan,nan,nan,nan
2011-07-05,nan,nan,nan,nan,nan,nan
2011-07-01,nan,nan,nan,nan,nan,nan
2011-06-30,nan,nan,nan,nan,nan,nan
2011-06-29,nan,nan,nan,nan,nan,nan
2011-06-28,nan,nan,nan,nan,nan,nan
2011-06-27,nan,nan,nan,nan,nan,nan
2011-06-24,nan,nan,nan,nan,nan,nan
2011-06-23,nan,nan,nan,nan,nan,nan
2011-06-22,nan,nan,nan,nan,nan,nan
2011-06-21,nan,nan,nan,nan,nan,nan
2011-06-20,nan,nan,nan,nan,nan,nan
2011-06-17,nan,nan,nan,nan,nan,nan
2011-06-16,nan,nan,nan,nan,nan,nan
2011-06-15,nan,nan,nan,nan,nan,nan
2011-06-14,nan,nan,nan,nan,nan,nan
2011-06-13,nan,nan,nan,nan,nan,nan
2011-06-10,nan,nan,nan,nan,nan,nan
2011-06-09,nan,nan,nan,nan,nan,nan
2011-06-08,nan,nan,nan,nan,nan,nan
2011-06-07,nan,nan,nan,nan,nan,nan
2011-06-06,nan,nan,nan,nan,nan,nan
2011-06-03,nan,nan,nan,nan,nan,nan
2011-06-02,nan,nan,nan,nan,nan,nan
2011-06-01,nan,nan,nan,nan,nan,nan
2011-05-31,nan,nan,nan,nan,nan,nan
2011-05-27,nan,nan,nan,nan,nan,nan
2011-05-26,nan,nan,nan,nan,nan,nan
2011-05-25,nan,nan,nan,nan,nan,nan
2011-05-24,nan,nan,nan,nan,nan,nan
2011-05-23,nan,nan,nan,nan,nan,nan
2011-05-20,nan,nan,nan,nan,nan,nan
2011-05-19,nan,nan,nan,nan,nan,nan
2011-05-18,nan,nan,nan,nan,nan,nan
2011-05-17,nan,nan,nan,nan,nan,nan
2011-05-16,nan,nan,nan,nan,nan,nan
2011-05-13,nan,nan,nan,nan,nan,nan
2011-05-12,nan,nan,nan,nan,nan,nan
2011-05-11,nan,nan,nan,nan,nan,nan
2011-05-10,nan,nan,nan,nan,nan,nan
2011-05-09,nan,nan,nan,nan,nan,nan
2011-05-06,nan,nan,nan,nan,nan,nan
2011-05-05,nan,nan,nan,nan,nan,nan
2011-05-04,nan,nan,nan,nan,nan,nan
2011-05-03,nan,nan,nan,nan,nan,nan
2011-05-02,nan,nan,nan,nan,nan,nan
2011-04-29,nan,nan,nan,nan,nan,nan
2011-04-28,nan,nan,nan,nan,nan,nan
2011-04-27,nan,nan,nan,nan,nan,nan
2011-04-26,nan,nan,nan,nan,nan,nan
2011-04-25,nan,nan,nan,nan,nan,nan
2011-04-21,nan,nan,nan,nan,nan,nan
2011-04-20,nan,nan,nan,nan,nan,nan
2011-04-19,nan,nan,nan,nan,nan,nan
2011-04-18,nan,nan,nan,nan,nan,nan
2011-04-15,nan,nan,nan,nan,nan,nan
2011-04-14,nan,nan,nan,nan,nan,nan
2011-04-13,nan,nan,nan,nan,nan,nan
2011-04-12,nan,nan,nan,nan,nan,nan
2011-04-11,nan,nan,nan,nan,nan,nan
2011-04-08,nan,nan,nan,nan,nan,nan
2011-04-07,nan,nan,nan,nan,nan,nan
2011-04-06,nan,nan,nan,nan,nan,nan
2011-04-05,nan,nan,nan,nan,nan,nan
2011-04-04,nan,nan,nan,nan,nan,nan
2011-04-01,nan,nan,nan,nan,nan,nan
2011-03-31,nan,nan,nan,nan,nan,nan
2011-03-30,nan,nan,nan,nan,nan,nan
2011-03-29,nan,nan,nan,nan,nan,nan
2011-03-28,nan,nan,nan,nan,nan,nan
2011-03-25,nan,nan,nan,nan,nan,nan
2011-03-24,nan,nan,nan,nan,nan,nan
2011-03-23,nan,nan,nan,nan,nan,nan
2011-03-22,nan,nan,nan,nan,nan,nan
2011-03-21,nan,nan,nan,nan,nan,nan
2011-03-18,nan,nan,nan,nan,nan,nan
2011-03-17,nan,nan,nan,nan,nan,nan
2011-03-16,nan,nan,nan,nan,nan,nan
2011-03-15,nan,nan,nan,nan,nan,nan
2011-03-14,nan,nan,nan,nan,nan,nan
2011-03-11,nan,nan,nan,nan,nan,nan
2011-03-10,nan,nan,nan,nan,nan,nan
2011-03-09,nan,nan,nan,nan,nan,nan
2011-03-08,nan,nan,nan,nan,nan,nan
2011-03-07,nan,nan,nan,nan,nan,nan
2011-03-04,nan,nan,nan,nan,nan,nan
2011-03-03,nan,nan,nan,nan,nan,nan
2011-03-02,nan,nan,nan,nan,nan,nan
2011-03-01,nan,nan,nan,nan,nan,nan
2011-02-28,nan,nan,nan,nan,nan,nan
2011-02-25,nan,nan,nan,nan,nan,nan
2011-02-24,nan,nan,nan,nan,nan,nan
2011-02-23,nan,nan,nan,nan,nan,nan
2011-02-22,nan,nan,nan,nan,nan,nan
2011-02-18,nan,nan,nan,nan,nan,nan
2011-02-17,nan,nan,nan,nan,nan,nan
2011-02-16,nan,nan,nan,nan,nan,nan
2011-02-15,nan,nan,nan,nan,nan,nan
2011-02-14,nan,nan,nan,nan,nan,nan
2011-02-11,nan,nan,nan,nan,nan,nan
2011-02-10,nan,nan,nan,nan,nan,nan
2011-02-09,nan,nan,nan,nan,nan,nan
2011-02-08,nan,nan,nan,nan,nan,nan
2011-02-07,nan,nan,nan,nan,nan,nan
2011-02-04,nan,nan,nan,nan,nan,nan
2011-02-03,nan,nan,nan,nan,nan,nan
2011-02-02,nan,nan,nan,nan,nan,nan
2011-02-01,nan,nan,nan,nan,nan,nan
2011-01-31,nan,nan,nan,nan,nan,nan
2011-01-28,nan,nan,nan,nan,nan,nan
2011-01-27,nan,nan,nan,nan,nan,nan
2011-01-26,nan,nan,nan,nan,nan,nan
2011-01-25,nan,nan,nan,nan,nan,nan
2011-01-24,nan,nan,nan,nan,nan,nan
2011-01-21,nan,nan,nan,nan,nan,nan
2011-01-20,nan,nan,nan,nan,nan,nan
2011-01-19,nan,nan,nan,nan,nan,nan
2011-01-18,nan,nan,nan,nan,nan,nan
2011-01-14,nan,nan,nan,nan,nan,nan
2011-01-13,nan,nan,nan,nan,nan,nan
2011-01-12,nan,nan,nan,nan,nan,nan
2011-01-11,nan,nan,nan,nan,nan,nan
2011-01-10,nan,nan,nan,nan,nan,nan
2011-01-07,nan,nan,nan,nan,nan,nan
2011-01-06,nan,nan,nan,nan,nan,nan
2011-01-05,nan,nan,nan,nan,nan,nan
2011-01-04,nan,nan,nan,nan,nan,nan
2011-01-03,nan,nan,nan,nan,nan,nan
2010-12-31,nan,nan,nan,nan,nan,nan
2010-12-30,nan,nan,nan,nan,nan,nan
2010-12-29,nan,nan,nan,nan,nan,nan
2010-12-28,nan,nan,nan,nan,nan,nan
2010-12-27,nan,nan,nan,nan,nan,nan
2010-12-23,nan,nan,nan,nan,nan,nan
2010-12-22,nan,nan,nan,nan,nan,nan
2010-12-21,nan,nan,nan,nan,nan,nan
2010-12-20,nan,nan,nan,nan,nan,nan
2010-12-17,nan,nan,nan,nan,nan,nan
2010-12-16,nan,nan,nan,nan,nan,nan
2010-12-15,nan,nan,nan,nan,nan,nan
2010-12-14,nan,nan,nan,nan,nan,nan
2010-12-13,nan,nan,nan,nan,nan,nan
2010-12-10,nan,nan,nan,nan,nan,nan
2010-12-09,nan,nan,nan,nan,nan,nan
2010-12-08,nan,nan,nan,nan,nan,nan
2010-12-07,nan,nan,nan,nan,nan,nan
2010-12-06,nan,nan,nan,nan,nan,nan
2010-12-03,nan,nan,nan,nan,nan,nan
2010-12-02,nan,nan,nan,nan,nan,nan
2010-12-01,nan,nan,nan,nan,nan,nan
2010-11-30,nan,nan,nan,nan,nan,nan
2010-11-29,nan,nan,nan,nan,nan,nan
2010-11-26,nan,nan,nan,nan,nan,nan
2010-11-24,nan,nan,nan,nan,nan,nan
2010-11-23,nan,nan,nan,nan,nan,nan
2010-11-22,nan,nan,nan,nan,nan,nan
2010-11-19,nan,nan,nan,nan,nan,nan
2010-11-18,nan,nan,nan,nan,nan,nan
2010-11-17,nan,nan,nan,nan,nan,nan
2010-11-16,nan,nan,nan,nan,nan,nan
2010-11-15,nan,nan,nan,nan,nan,nan
2010-11-12,nan,nan,nan,nan,nan,nan
2010-11-11,nan,nan,nan,nan,nan,nan
2010-11-10,nan,nan,nan,nan,nan,nan
2010-11-09,nan,nan,nan,nan,nan,nan
2010-11-08,nan,nan,nan,nan,nan,nan
2010-11-05,nan,nan,nan,nan,nan,nan
2010-11-04,nan,nan,nan,nan,nan,nan
2010-11-03,nan,nan,nan,nan,nan,nan
2010-11-02,nan,nan,nan,nan,nan,nan
2010-11-01,nan,nan,nan,nan,nan,nan
2010-10-29,nan,nan,nan,nan,nan,nan
2010-10-28,nan,nan,nan,nan,nan,nan
2010-10-27,nan,nan,nan,nan,nan,nan
2010-10-26,nan,nan,nan,nan,nan,nan
2010-10-25,nan,nan,nan,nan,nan,nan
2010-10-22,nan,nan,nan,nan,nan,nan
2010-10-21,nan,nan,nan,nan,nan,nan
2010-10-20,nan,nan,nan,nan,nan,nan
2010-10-19,nan,nan,nan,nan,nan,nan
2010-10-18,nan,nan,nan,nan,nan,nan
2010-10-15,nan,nan,nan,nan,nan,nan
2010-10-14,nan,nan,nan,nan,nan,nan
2010-10-13,nan,nan,nan,nan,nan,nan
2010-10-12,nan,nan,nan,nan,nan,nan
2010-10-11,nan,nan,nan,nan,nan,nan
2010-10-08,nan,nan,nan,nan,nan,nan
2010-10-07,nan,nan,nan,nan,nan,nan
2010-10-06,nan,nan,nan,nan,nan,nan
2010-10-05,nan,nan,nan,nan,nan,nan
2010-10-04,nan,nan,nan,nan,nan,nan
2010-10-01,nan,nan,nan,nan,nan,nan
2010-09-30,nan,nan,nan,nan,nan,nan
2010-09-29,nan,nan,nan,nan,nan,nan
2010-09-28,nan,nan,nan,nan,nan,nan
2010-09-27,nan,nan,nan,nan,nan,nan
2010-09-24,nan,nan,nan,nan,nan,nan
2010-09-23,nan,nan,nan,nan,nan,nan
2010-09-22,nan,nan,nan,nan,nan,nan
2010-09-21,nan,nan,nan,nan,nan,nan
2010-09-20,nan,nan,nan,nan,nan,nan
2010-09-17,nan,nan,nan,nan,nan,nan
2010-09-16,nan,nan,nan,nan,nan,nan
2010-09-15,nan,nan,nan,nan,nan,nan
2010-09-14,nan,nan,nan,nan,nan,nan
2010-09-13,nan,nan,nan,nan,nan,nan
2010-09-10,nan,nan,nan,nan,nan,nan
2010-09-09,nan,nan,nan,nan,nan,nan
2010-09-08,nan,nan,nan,nan,nan,nan
2010-09-07,nan,nan,nan,nan,nan,nan
2010-09-03,nan,nan,nan,nan,nan,nan
2010-09-02,nan,nan,nan,nan,nan,nan
2010-09-01,nan,nan,nan,nan,nan,nan
2010-08-31,nan,nan,nan,nan,nan,nan
2010-08-30,nan,nan,nan,nan,nan,nan
2010-08-27,nan,nan,nan,nan,nan,nan
2010-08-26,nan,nan,nan,nan,nan,nan
2010-08-25,nan,nan,nan,nan,nan,nan
2010-08-24,nan,nan,nan,nan,nan,nan
2010-08-23,nan,nan,nan,nan,nan,nan
2010-08-20,nan,nan,nan,nan,nan,nan
2010-08-19,nan,nan,nan,nan,nan,nan
2010-08-18,nan,nan,nan,nan,nan,nan
2010-08-17,nan,nan,nan,nan,nan,nan
2010-08-16,nan,nan,nan,nan,nan,nan
2010-08-13,nan,nan,nan,nan,nan,nan
2010-08-12,nan,nan,nan,nan,nan,nan
2010-08-11,nan,nan,nan,nan,nan,nan
2010-08-10,nan,nan,nan,nan,nan,nan
2010-08-09,nan,nan,nan,nan,nan,nan
2010-08-06,nan,nan,nan,nan,nan,nan
2010-08-05,nan,nan,nan,nan,nan,nan
2010-08-04,nan,nan,nan,nan,nan,nan
2010-08-03,nan,nan,nan,nan,nan,nan
2010-08-02,nan,nan,nan,nan,nan,nan
2010-07-30,nan,nan,nan,nan,nan,nan
2010-07-29,nan,nan,nan,nan,nan,nan
2010-07-28,nan,nan,nan,nan,nan,nan
2010-07-27,nan,nan,nan,nan,nan,nan
2010-07-26,nan,nan,nan,nan,nan,nan
2010-07-23,nan,nan,nan,nan,nan,nan
2010-07-22,nan,nan,nan,nan,nan,nan
2010-07-21,nan,nan,nan,nan,nan,nan
2010-07-20,nan,nan,nan,nan,nan,nan
2010-07-19,nan,nan,nan,nan,nan,nan
2010-07-16,nan,nan,nan,nan,nan,nan
2010-07-15,nan,nan,nan,nan,nan,nan
2010-07-14,nan,nan,nan,nan,nan,nan
2010-07-13,nan,nan,nan,nan,nan,nan
2010-07-12,nan,nan,nan,nan,nan,nan
2010-07-09,nan,nan,nan,nan,nan,nan
2010-07-08,nan,nan,nan,nan,nan,nan
2010-07-07,nan,nan,nan,nan,nan,nan
2010-07-06,nan,nan,nan,nan,nan,nan
2010-07-02,nan,nan,nan,nan,nan,nan
2010-07-01,nan,nan,nan,nan,nan,nan
2010-06-30,nan,nan,nan,nan,nan,nan
2010-06-29,nan,nan,nan,nan,nan,nan
2010-06-28,nan,nan,nan,nan,nan,nan
2010-06-25,nan,nan,nan,nan,nan,nan
2010-06-24,nan,nan,nan,nan,nan,nan
2010-06-23,nan,nan,nan,nan,nan,nan
2010-06-22,nan,nan,nan,nan,nan,nan
2010-06-21,nan,nan,nan,nan,nan,nan
2010-06-18,nan,nan,nan,nan,nan,nan
2010-06-17,nan,nan,nan,nan,nan,nan
2010-06-16,nan,nan,nan,nan,nan,nan
2010-06-15,nan,nan,nan,nan,nan,nan
2010-06-14,nan,nan,nan,nan,nan,nan
2010-06-11,nan,nan,nan,nan,nan,nan
2010-06-10,nan,nan,nan,nan,nan,nan
2010-06-09,nan,nan,nan,nan,nan,nan
2010-06-08,nan,nan,nan,nan,nan,nan
2010-06-07,nan,nan,nan,nan,nan,nan
2010-06-04,nan,nan,nan,nan,nan,nan
2010-06-03,nan,nan,nan,nan,nan,nan
2010-06-02,nan,nan,nan,nan,nan,nan
2010-06-01,nan,nan,nan,nan,nan,nan
2010-05-28,nan,nan,nan,nan,nan,nan
2010-05-27,nan,nan,nan,nan,nan,nan
2010-05-26,nan,nan,nan,nan,nan,nan
2010-05-25,nan,nan,nan,nan,nan,nan
2010-05-24,nan,nan,nan,nan,nan,nan
2010-05-21,nan,nan,nan,nan,nan,nan
2010-05-20,nan,nan,nan,nan,nan,nan
2010-05-19,nan,nan,nan,nan,nan,nan
2010-05-18,nan,nan,nan,nan,nan,nan
2010-05-17,nan,nan,nan,nan,nan,nan
2010-05-14,nan,nan,nan,nan,nan,nan
2010-05-13,nan,nan,nan,nan,nan,nan
2010-05-12,nan,nan,nan,nan,nan,nan
2010-05-11,nan,nan,nan,nan,nan,nan
2010-05-10,nan,nan,nan,nan,nan,nan
2010-05-07,nan,nan,nan,nan,nan,nan
2010-05-06,nan,nan,nan,nan,nan,nan
2010-05-05,nan,nan,nan,nan,nan,nan
2010-05-04,nan,nan,nan,nan,nan,nan
2010-05-03,nan,nan,nan,nan,nan,nan
2010-04-30,nan,nan,nan,nan,nan,nan
2010-04-29,nan,nan,nan,nan,nan,nan
2010-04-28,nan,nan,nan,nan,nan,nan
2010-04-27,nan,nan,nan,nan,nan,nan
2010-04-26,nan,nan,nan,nan,nan,nan
2010-04-23,nan,nan,nan,nan,nan,nan
2010-04-22,nan,nan,nan,nan,nan,nan
2010-04-21,nan,nan,nan,nan,nan,nan
2010-04-20,nan,nan,nan,nan,nan,nan
2010-04-19,nan,nan,nan,nan,nan,nan
2010-04-16,nan,nan,nan,nan,nan,nan
2010-04-15,nan,nan,nan,nan,nan,nan
2010-04-14,nan,nan,nan,nan,nan,nan
2010-04-13,nan,nan,nan,nan,nan,nan
2010-04-12,nan,nan,nan,nan,nan,nan
2010-04-09,nan,nan,nan,nan,nan,nan
2010-04-08,nan,nan,nan,nan,nan,nan
2010-04-07,nan,nan,nan,nan,nan,nan
2010-04-06,nan,nan,nan,nan,nan,nan
2010-04-05,nan,nan,nan,nan,nan,nan
2010-04-01,nan,nan,nan,nan,nan,nan
2010-03-31,nan,nan,nan,nan,nan,nan
2010-03-30,nan,nan,nan,nan,nan,nan
2010-03-29,nan,nan,nan,nan,nan,nan
2010-03-26,nan,nan,nan,nan,nan,nan
2010-03-25,nan,nan,nan,nan,nan,nan
2010-03-24,nan,nan,nan,nan,nan,nan
2010-03-23,nan,nan,nan,nan,nan,nan
2010-03-22,nan,nan,nan,nan,nan,nan
2010-03-19,nan,nan,nan,nan,nan,nan
2010-03-18,nan,nan,nan,nan,nan,nan
2010-03-17,nan,nan,nan,nan,nan,nan
2010-03-16,nan,nan,nan,nan,nan,nan
2010-03-15,nan,nan,nan,nan,nan,nan
2010-03-12,nan,nan,nan,nan,nan,nan
2010-03-11,nan,nan,nan,nan,nan,nan
2010-03-10,nan,nan,nan,nan,nan,nan
2010-03-09,nan,nan,nan,nan,nan,nan
2010-03-08,nan,nan,nan,nan,nan,nan
2010-03-05,nan,nan,nan,nan,nan,nan
2010-03-04,nan,nan,nan,nan,nan,nan
2010-03-03,nan,nan,nan,nan,nan,nan
2010-03-02,nan,nan,nan,nan,nan,nan
2010-03-01,nan,nan,nan,nan,nan,nan
2010-02-26,nan,nan,nan,nan,nan,nan
2010-02-25,nan,nan,nan,nan,nan,nan
2010-02-24,nan,nan,nan,nan,nan,nan
2010-02-23,nan,nan,nan,nan,nan,nan
2010-02-22,nan,nan,nan,nan,nan,nan
2010-02-19,nan,nan,nan,nan,nan,nan
2010-02-18,nan,nan,nan,nan,nan,nan
2010-02-17,nan,nan,nan,nan,nan,nan
2010-02-16,nan,nan,nan,nan,nan,nan
2010-02-12,nan,nan,nan,nan,nan,nan
2010-02-11,nan,nan,nan,nan,nan,nan
2010-02-10,nan,nan,nan,nan,nan,nan
2010-02-09,nan,nan,nan,nan,nan,nan
2010-02-08,nan,nan,nan,nan,nan,nan
2010-02-05,nan,nan,nan,nan,nan,nan
2010-02-04,nan,nan,nan,nan,nan,nan
2010-02-03,nan,nan,nan,nan,nan,nan
2010-02-02,nan,nan,nan,nan,nan,nan
2010-02-01,nan,nan,nan,nan,nan,nan
2010-01-29,nan,nan,nan,nan,nan,nan
2010-01-28,nan,nan,nan,nan,nan,nan
2010-01-27,nan,nan,nan,nan,nan,nan
2010-01-26,nan,nan,nan,nan,nan,nan
2010-01-25,nan,nan,nan,nan,nan,nan
2010-01-22,nan,nan,nan,nan,nan,nan
2010-01-21,nan,nan,nan,nan,nan,nan
2010-01-20,nan,nan,nan,nan,nan,nan
2010-01-19,nan,nan,nan,nan,nan,nan
2010-01-15,nan,nan,nan,nan,nan,nan
2010-01-14,nan,nan,nan,nan,nan,nan
2010-01-13,nan,nan,nan,nan,nan,nan
2010-01-12,nan,nan,nan,nan,nan,nan
2010-01-11,nan,nan,nan,nan,nan,nan
2010-01-08,nan,nan,nan,nan,nan,nan
2010-01-07,nan,nan,nan,nan,nan,nan
2010-01-06,nan,nan,nan,nan,nan,nan
2010-01-05,nan,nan,nan,nan,nan,nan
2010-01-04,nan,nan,nan,nan,nan,nan
2009-12-31,nan,nan,nan,nan,nan,nan
2009-12-30,nan,nan,nan,nan,nan,nan
2009-12-29,nan,nan,nan,nan,nan,nan
2009-12-28,nan,nan,nan,nan,nan,nan
2009-12-24,nan,nan,nan,nan,nan,nan
2009-12-23,nan,nan,nan,nan,nan,nan
2009-12-22,nan,nan,nan,nan,nan,nan
2009-12-21,nan,nan,nan,nan,nan,nan
2009-12-18,nan,nan,nan,nan,nan,nan
2009-12-17,nan,nan,nan,nan,nan,nan
2009-12-16,nan,nan,nan,nan,nan,nan
2009-12-15,nan,nan,nan,nan,nan,nan
2009-12-14,nan,nan,nan,nan,nan,nan
2009-12-11,nan,nan,nan,nan,nan,nan
2009-12-10,nan,nan,nan,nan,nan,nan
2009-12-09,nan,nan,nan,nan,nan,nan
2009-12-08,nan,nan,nan,nan,nan,nan
2009-12-07,nan,nan,nan,nan,nan,nan
2009-12-04,nan,nan,nan,nan,nan,nan
2009-12-03,nan,nan,nan,nan,nan,nan
2009-12-02,nan,nan,nan,nan,nan,nan
2009-12-01,nan,nan,nan,nan,nan,nan
2009-11-30,nan,nan,nan,nan,nan,nan
2009-11-27,nan,nan,nan,nan,nan,nan
2009-11-25,nan,nan,nan,nan,nan,nan
2009-11-24,nan,nan,nan,nan,nan,nan
2009-11-23,nan,nan,nan,nan,nan,nan
2009-11-20,nan,nan,nan,nan,nan,nan
2009-11-19,nan,nan,nan,nan,nan,nan
2009-11-18,nan,nan,nan,nan,nan,nan
2009-11-17,nan,nan,nan,nan,nan,nan
2009-11-16,nan,nan,nan,nan,nan,nan
2009-11-13,nan,nan,nan,nan,nan,nan
2009-11-12,nan,nan,nan,nan,nan,nan
2009-11-11,nan,nan,nan,nan,nan,nan
2009-11-10,nan,nan,nan,nan,nan,nan
2009-11-09,nan,nan,nan,nan,nan,nan
2009-11-06,nan,nan,nan,nan,nan,nan
2009-11-05,nan,nan,nan,nan,nan,nan
2009-11-04,nan,nan,nan,nan,nan,nan
2009-11-03,28.29,28.39,27.91,28.15,90949400.0,28.15
2009-11-02,28.27,28.57,28.17,28.4,26426400.0,28.4
2009-10-30,28.34,28.7,28.08,28.2,52930700.0,28.2
2009-10-29,28.76,28.76,28.11,28.43,36465200.0,28.43
2009-10-28,29.01,29.1,28.72,28.74,12791600.0,28.74
2009-10-27,28.99,29.24,28.83,29.01,15060000.0,29.01
2009-10-26,28.95,29.33,28.63,28.72,16614500.0,28.72
2009-10-23,29.13,29.28,28.84,28.97,16360200.0,28.97
2009-10-22,28.81,29.16,28.23,29.06,17615500.0,29.06
2009-10-21,29.52,29.71,29.01,29.01,17121700.0,29.01
2009-10-20,29.71,29.92,29.58,29.6,14823000.0,29.6
2009-10-19,29.38,29.74,29.29,29.71,30284800.0,29.71
2009-10-16,29.36,29.46,29.2,29.29,22353500.0,29.29
2009-10-15,29.03,29.5,29.01,29.49,30339300.0,29.49
2009-10-14,28.76,29.26,28.53,29.23,48844600.0,29.23
2009-10-13,28.74,28.89,28.51,28.56,17819600.0,28.56
2009-10-12,28.72,28.89,28.66,28.82,9126700.0,28.82
2009-10-09,28.69,28.81,28.56,28.77,12036000.0,28.77
2009-10-08,28.61,28.75,28.53,28.7,7393500.0,28.7
2009-10-07,28.66,28.66,28.34,28.56,9697900.0,28.56
2009-10-06,28.27,28.71,28.17,28.67,15093300.0,28.67
2009-10-05,28.06,28.28,27.9,28.18,12942200.0,28.18
2009-10-02,27.78,28.37,27.73,28.18,24708100.0,28.18
2009-10-01,28.11,28.28,27.87,27.97,15242300.0,27.97
2009-09-30,28.13,28.26,27.77,28.25,21021600.0,28.25
2009-09-29,28.07,28.28,27.9,28.13,12613300.0,28.13
2009-09-28,27.56,28.26,27.45,28.08,8583400.0,28.08
2009-09-25,27.45,27.95,27.45,27.54,21322300.0,27.54
2009-09-24,27.57,27.76,27.46,27.49,13097000.0,27.49
2009-09-23,27.68,27.9,27.63,27.63,12409100.0,27.63
2009-09-22,27.89,27.97,27.66,27.72,13720800.0,27.72
2009-09-21,28.03,28.17,27.79,27.91,17722200.0,27.91
2009-09-18,28.16,28.37,27.96,27.96,11908700.0,27.96
2009-09-17,28.13,28.4,27.91,28.13,13788000.0,28.13
2009-09-16,28.58,28.68,28.13,28.23,13221200.0,28.23
2009-09-15,28.64,28.71,28.5,28.58,11386000.0,28.58
2009-09-14,28.46,28.73,28.31,28.68,16359600.0,28.68
2009-09-11,28.32,28.55,28.13,28.5,8834900.0,28.5
2009-09-10,27.76,28.27,27.67,28.22,10130900.0,28.22
2009-09-09,27.57,27.88,27.44,27.86,6566600.0,27.86
2009-09-08,27.61,27.61,27.15,27.55,8804300.0,27.55
2009-09-04,27.05,27.53,26.97,27.53,9649500.0,27.53
2009-09-03,27.47,27.47,26.89,27.08,8148900.0,27.08
2009-09-02,27.79,27.79,27.34,27.41,14510900.0,27.41
2009-09-01,27.97,28.28,27.75,27.79,9790200.0,27.79
2009-08-31,27.81,28.32,27.81,28.18,6987600.0,28.18
2009-08-28,28.33,28.37,27.96,28.02,9267500.0,28.02
2009-08-27,28.29,28.48,27.94,28.33,8131000.0,28.33
2009-08-26,28.21,28.41,28.03,28.3,6791300.0,28.3
2009-08-25,28.18,28.42,28.18,28.25,16209200.0,28.25
2009-08-24,28.39,28.39,27.99,28.1,9348600.0,28.1
2009-08-21,27.79,28.34,27.65,28.24,14899900.0,28.24
2009-08-20,27.65,27.72,27.31,27.57,9807400.0,27.57
2009-08-19,27.02,27.84,26.96,27.65,9072900.0,27.65
2009-08-18,27.04,27.2,26.77,27.19,9424700.0,27.19
2009-08-17,26.9,28.67,26.87,27.1,10962100.0,27.1
2009-08-14,27.13,27.2,26.8,27.12,9053100.0,27.12
2009-08-13,26.81,27.13,26.48,27.11,10711500.0,27.11
2009-08-12,26.58,27.05,26.43,26.88,8565500.0,26.88
2009-08-11,26.69,26.92,26.6,26.63,8509400.0,26.63
2009-08-10,26.71,27.07,26.54,26.82,11208500.0,26.82
2009-08-07,26.25,26.86,26.12,26.62,8169700.0,26.62
2009-08-06,26.28,26.36,26.05,26.05,8013600.0,26.05
2009-08-05,26.49,26.61,26.16,26.24,9645300.0,26.24
2009-08-04,26.71,26.86,26.3,26.53,11311000.0,26.53
2009-08-03,26.69,26.92,26.46,26.65,10047500.0,26.65
2009-07-31,26.6,26.89,26.49,26.51,15320800.0,26.51
2009-07-30,26.78,27.17,26.44,26.5,33064300.0,26.5
2009-07-29,26.35,26.6,26.28,26.54,21680600.0,26.54
2009-07-28,26.71,26.81,26.15,26.31,31389400.0,26.31
2009-07-27,27.03,27.14,26.56,26.79,29907000.0,26.79
2009-07-24,26.8,27.08,26.49,26.97,33177700.0,26.97
2009-07-23,26.21,26.96,26.21,26.81,14355300.0,26.81
2009-07-22,26.3,26.74,26.15,26.23,15977400.0,26.23
2009-07-21,25.72,26.6,25.71,26.53,15873600.0,26.53
2009-07-20,25.4,25.57,25.26,25.57,13363900.0,25.57
2009-07-17,25.52,25.52,25.12,25.27,8807300.0,25.27
2009-07-16,25.28,25.55,25.22,25.47,8500800.0,25.47
2009-07-15,24.83,25.4,24.66,25.37,15663500.0,25.37
2009-07-14,24.53,24.93,24.45,24.92,10590600.0,24.92
2009-07-13,24.35,24.64,24.18,24.54,13121900.0,24.54
2009-07-10,24.55,25.06,24.16,24.34,13551700.0,24.34
2009-07-09,25.35,25.35,24.42,24.6,12879700.0,24.6
2009-07-08,25.3,25.69,25.09,25.27,12013000.0,25.27
2009-07-07,25.07,25.45,24.94,25.1,14816700.0,25.1
2009-07-06,24.54,25.18,24.38,25.15,12967500.0,25.15
2009-07-02,25.0,25.13,24.54,24.62,6914000.0,24.62
2009-07-01,25.16,25.29,25.0,25.22,6422700.0,25.22
2009-06-30,25.01,25.16,24.71,25.12,11254500.0,25.12
2009-06-29,24.57,25.18,24.45,25.1,11817800.0,25.1
2009-06-26,24.17,24.57,24.06,24.56,12538500.0,24.56
2009-06-25,23.8,24.28,23.51,24.28,8501800.0,24.28
2009-06-24,23.5,23.8,23.34,23.68,12885000.0,23.68
2009-06-23,23.34,23.59,23.17,23.41,8463000.0,23.41
2009-06-22,23.43,23.68,23.34,23.34,14534100.0,23.34
2009-06-19,23.61,24.19,23.35,23.8,20946200.0,23.8
2009-06-18,23.34,23.83,23.2,23.7,14591900.0,23.7
2009-06-17,22.85,23.23,22.83,23.19,29017200.0,23.19
2009-06-16,23.12,23.13,22.88,22.91,20657200.0,22.91
2009-06-15,23.61,23.72,23.0,23.08,15326700.0,23.08
2009-06-12,23.88,24.43,23.59,23.82,13073500.0,23.82
2009-06-11,23.61,24.21,23.6,23.93,12009800.0,23.93
2009-06-10,23.71,23.88,23.44,23.54,11373200.0,23.54
2009-06-09,23.45,23.68,23.4,23.57,13222800.0,23.57
2009-06-08,23.44,23.85,23.36,23.54,17294700.0,23.54
2009-06-05,24.31,24.31,23.59,23.8,22636900.0,23.8
2009-06-04,24.54,24.6,24.03,24.16,13925300.0,24.16
2009-06-03,24.38,24.51,24.22,24.51,15753600.0,24.51
2009-06-02,24.5,24.67,24.23,24.6,13499700.0,24.6
2009-06-01,24.49,24.6,24.16,24.4,18717400.0,24.4
2009-05-29,24.1,24.45,24.05,24.4,42310900.0,24.4
2009-05-28,23.62,24.2,23.6,24.05,18915700.0,24.05
2009-05-27,23.82,23.99,23.75,23.87,10690300.0,23.87
2009-05-26,23.58,23.95,23.24,23.88,14304400.0,23.88
2009-05-22,23.53,23.79,23.41,23.64,14123100.0,23.64
2009-05-21,23.4,23.74,23.22,23.68,14755000.0,23.68
2009-05-20,23.67,23.9,23.57,23.66,12898800.0,23.66
2009-05-19,23.81,23.89,23.37,23.58,14034200.0,23.58
2009-05-18,23.43,23.77,23.19,23.76,13641300.0,23.76
2009-05-15,23.59,23.7,23.29,23.35,15257600.0,23.35
2009-05-14,23.46,23.73,23.37,23.63,14923800.0,23.63
2009-05-13,22.74,23.75,22.68,23.4,16721400.0,23.4
2009-05-12,22.8,23.25,22.59,23.06,21093700.0,23.06
2009-05-11,22.77,22.99,22.61,22.68,11704000.0,22.68
2009-05-08,23.51,23.51,22.92,23.07,14362400.0,23.07
2009-05-07,22.99,23.54,22.82,23.34,19163200.0,23.34
2009-05-06,23.21,23.3,22.81,23.0,17477000.0,23.0
2009-05-05,22.8,23.25,22.8,23.07,15651600.0,23.07
2009-05-04,23.19,23.19,22.64,22.91,19556900.0,22.91
2009-05-01,22.99,23.07,22.79,22.91,9431900.0,22.91
2009-04-30,22.96,23.4,22.76,23.02,16704200.0,23.02
2009-04-29,22.11,22.85,22.11,22.73,21064500.0,22.73
2009-04-28,22.18,22.4,21.9,22.2,10783300.0,22.2
2009-04-27,22.07,22.32,21.96,22.19,12061000.0,22.19
2009-04-24,21.98,22.23,21.77,22.17,15800400.0,22.17
2009-04-23,21.68,21.97,21.5,21.89,48896200.0,21.89
2009-04-22,21.99,21.99,21.3,21.67,47911000.0,21.67
2009-04-21,22.25,22.64,21.7,22.11,37078000.0,22.11
2009-04-20,23.0,23.55,23.0,23.05,15892000.0,23.05
2009-04-17,23.44,23.67,23.18,23.34,18596600.0,23.34
2009-04-16,23.55,23.58,22.97,23.3,23675000.0,23.3
2009-04-15,22.97,23.55,22.89,23.48,14686600.0,23.48
2009-04-14,23.24,23.5,22.98,23.04,12211700.0,23.04
2009-04-13,23.1,23.56,23.06,23.37,11606200.0,23.37
2009-04-09,23.69,24.0,23.14,23.32,18565800.0,23.32
2009-04-08,23.38,23.68,23.22,23.56,7921300.0,23.56
2009-04-07,23.36,23.45,23.1,23.34,15377300.0,23.34
2009-04-06,23.31,24.25,23.31,23.63,12955900.0,23.63
2009-04-03,23.59,23.9,23.27,23.54,18030900.0,23.54
2009-04-02,24.04,24.11,23.37,23.7,18724100.0,23.7
2009-04-01,23.25,23.82,22.86,23.7,21718400.0,23.7
2009-03-31,23.82,23.85,23.47,23.55,23168300.0,23.55
2009-03-30,23.71,24.0,23.45,23.61,15134400.0,23.61
2009-03-27,24.0,24.49,23.97,24.19,19026800.0,24.19
2009-03-26,24.41,24.5,23.93,24.42,19686400.0,24.42
2009-03-25,24.25,24.6,23.82,24.27,15614900.0,24.27
2009-03-24,24.02,24.48,23.89,24.14,18322000.0,24.14
2009-03-23,23.54,24.38,23.42,24.38,24494000.0,24.38
2009-03-20,23.29,23.88,23.21,23.66,32250900.0,23.66
2009-03-19,23.37,23.37,22.38,23.01,29251300.0,23.01
2009-03-18,23.05,23.65,22.87,23.2,27245300.0,23.2
2009-03-17,22.89,23.42,22.69,23.22,34663200.0,23.22
2009-03-16,23.74,24.13,23.08,23.11,38707800.0,23.11
2009-03-13,22.42,24.34,22.42,24.21,49368300.0,24.21
2009-03-12,20.83,22.38,20.66,22.32,40130900.0,22.32
2009-03-11,21.17,21.39,20.72,20.84,46807400.0,20.84
2009-03-10,20.51,21.25,20.4,21.08,75923200.0,21.08
2009-03-09,19.81,21.24,19.62,20.13,148777100.0,20.13
2009-03-06,16.43,17.66,16.24,17.63,34146700.0,17.63
2009-03-05,16.6,16.9,16.16,16.32,18717300.0,16.32
2009-03-04,16.6,17.28,16.45,16.95,16943500.0,16.95
2009-03-03,16.63,17.07,16.42,16.57,13247900.0,16.57
2009-03-02,17.08,17.08,16.44,16.47,18201400.0,16.47
2009-02-27,17.02,17.8,16.26,17.39,29799700.0,17.39
2009-02-26,17.68,17.8,17.01,17.04,15937700.0,17.04
2009-02-25,17.81,17.89,17.24,17.55,20403800.0,17.55
2009-02-24,17.69,18.09,17.43,17.93,17758800.0,17.93
2009-02-23,18.3,18.6,17.58,17.59,14775300.0,17.59
2009-02-20,18.32,18.54,18.0,18.28,14027100.0,18.28
2009-02-19,18.73,18.92,18.45,18.61,8184700.0,18.61
2009-02-18,18.8,18.9,18.23,18.62,14969900.0,18.62
2009-02-17,18.72,18.99,18.19,18.72,12138000.0,18.72
2009-02-13,19.38,19.67,19.1,19.51,12559200.0,19.51
2009-02-12,19.2,19.47,18.78,19.47,12249700.0,19.47
2009-02-11,19.38,19.49,19.08,19.44,8175800.0,19.44
2009-02-10,19.95,20.09,19.04,19.25,12056800.0,19.25
2009-02-09,19.72,20.15,19.25,20.09,12349800.0,20.09
2009-02-06,19.6,20.0,19.22,19.75,13432100.0,19.75
2009-02-05,19.21,19.87,19.02,19.54,15841800.0,19.54
2009-02-04,19.0,19.6,18.88,19.3,15064500.0,19.3
2009-02-03,18.55,19.18,17.77,18.91,24939600.0,18.91
2009-02-02,17.27,17.76,16.94,17.47,13858000.0,17.47
2009-01-30,18.02,18.25,17.28,17.56,18421500.0,17.56
2009-01-29,18.72,18.85,18.19,18.44,15930600.0,18.44
2009-01-28,19.16,19.25,18.5,18.85,12375000.0,18.85
2009-01-27,18.86,19.04,18.58,18.82,9813000.0,18.82
2009-01-26,19.49,19.99,18.12,18.67,18284000.0,18.67
2009-01-23,18.43,19.51,18.31,19.43,20876100.0,19.43
2009-01-22,18.22,19.01,18.08,18.52,14873000.0,18.52
2009-01-21,18.18,18.59,17.72,18.54,14551700.0,18.54
2009-01-20,18.35,18.7,17.91,17.94,11024000.0,17.94
2009-01-16,18.45,18.59,17.88,18.47,14345800.0,18.47
2009-01-15,18.24,18.37,17.76,18.2,13334400.0,18.2
2009-01-14,18.06,18.46,17.74,18.24,13047400.0,18.24
2009-01-13,17.75,18.52,17.34,18.4,15389200.0,18.4
2009-01-12,18.25,18.55,17.6,17.84,10638600.0,17.84
2009-01-09,18.18,18.65,18.03,18.3,14567500.0,18.3
2009-01-08,17.68,18.24,17.5,18.19,12423200.0,18.19
2009-01-07,17.6,18.13,17.24,17.72,11917400.0,17.72
2009-01-06,17.78,18.26,17.49,17.8,16482800.0,17.8
2009-01-05,17.2,17.98,17.0,17.69,11700300.0,17.69
2009-01-02,17.02,17.44,16.95,17.35,6419700.0,17.35
2008-12-31,17.04,17.25,16.79,17.03,6706700.0,17.03
2008-12-30,16.56,17.26,16.37,17.04,6309000.0,17.04
2008-12-29,16.66,16.66,16.21,16.55,5735500.0,16.55
2008-12-26,16.57,16.73,16.46,16.6,2425100.0,16.6
2008-12-24,16.55,16.66,16.3,16.5,2925400.0,16.5
2008-12-23,16.88,17.03,16.44,16.52,9781000.0,16.52
2008-12-22,16.89,16.98,16.34,16.71,9179100.0,16.71
2008-12-19,16.98,17.44,16.5,17.0,19499600.0,17.0
2008-12-18,17.78,17.78,16.46,16.7,19622600.0,16.7
2008-12-17,17.24,17.94,17.12,17.58,12646700.0,17.58
2008-12-16,17.12,17.58,16.48,17.44,15444500.0,17.44
2008-12-15,16.95,17.3,16.74,16.97,14075200.0,16.97
2008-12-12,15.73,17.0,15.51,16.89,14762400.0,16.89
2008-12-11,15.43,16.64,15.33,16.06,13200800.0,16.06
2008-12-10,16.12,16.24,15.43,15.53,15880600.0,15.53
2008-12-09,16.05,16.47,15.87,16.01,12493700.0,16.01
2008-12-08,16.78,16.87,15.92,16.23,15545500.0,16.23
2008-12-05,15.67,16.59,15.27,16.4,15012300.0,16.4
2008-12-04,15.69,16.72,15.5,15.89,19702400.0,15.89
2008-12-03,15.8,16.67,15.51,16.5,22303900.0,16.5
2008-12-02,15.8,17.0,15.23,16.13,14221300.0,16.13
2008-12-01,16.37,16.51,15.4,15.55,16415400.0,15.55
2008-11-28,16.37,17.11,16.32,16.81,4774700.0,16.81
2008-11-26,15.39,16.58,15.02,16.47,15470800.0,16.47
2008-11-25,15.59,16.25,15.21,15.65,21619400.0,15.65
2008-11-24,14.58,15.31,14.1,14.97,18250800.0,14.97
2008-11-21,13.72,14.37,12.85,14.34,22550900.0,14.34
2008-11-20,15.26,15.46,13.16,13.44,20087000.0,13.44
2008-11-19,15.66,16.1,15.14,15.35,15795800.0,15.35
2008-11-18,15.12,15.99,14.68,15.74,16425400.0,15.74
2008-11-17,15.84,15.84,15.0,15.18,10971800.0,15.18
2008-11-14,15.88,16.65,15.72,15.76,14153200.0,15.76
2008-11-13,14.73,16.22,14.48,16.19,20991300.0,16.19
2008-11-12,15.0,15.36,14.26,14.63,17767500.0,14.63
2008-11-11,15.11,15.25,14.48,14.7,14293900.0,14.7
2008-11-10,15.0,15.35,14.64,15.27,16041500.0,15.27
2008-11-07,15.0,15.0,14.55,14.79,13657300.0,14.79
2008-11-06,14.8,15.36,14.51,14.9,19808000.0,14.9
2008-11-05,15.28,15.82,14.86,15.0,17999200.0,15.0
2008-11-04,14.89,15.65,14.29,15.5,15068300.0,15.5
2008-11-03,14.48,14.9,14.14,14.5,10155800.0,14.5
2008-10-31,14.07,14.94,13.9,14.49,17156200.0,14.49
2008-10-30,14.94,14.94,13.63,14.07,19175500.0,14.07
2008-10-29,13.97,14.51,13.39,13.46,20808900.0,13.46
2008-10-28,13.26,14.05,12.76,14.05,23953400.0,14.05
2008-10-27,12.94,13.36,12.7,12.76,15485100.0,12.76
2008-10-24,12.0,13.44,11.97,13.21,23231900.0,13.21
2008-10-23,13.25,13.34,12.09,12.92,24362100.0,12.92
2008-10-22,14.15,14.28,12.77,13.07,23901500.0,13.07
2008-10-21,15.24,15.24,14.31,14.42,15178100.0,14.42
2008-10-20,15.07,15.14,14.1,14.5,21779700.0,14.5
2008-10-17,13.76,15.48,13.62,14.76,22385700.0,14.76
2008-10-16,13.17,14.18,12.93,14.05,17814400.0,14.05
2008-10-15,14.47,14.5,13.1,13.17,13099600.0,13.17
2008-10-14,15.1,16.55,14.38,14.63,12197300.0,14.63
2008-10-13,14.05,15.02,13.02,14.82,15736400.0,14.82
2008-10-10,12.94,14.11,12.52,13.36,23322200.0,13.36
2008-10-09,14.7,15.12,13.34,13.87,15508300.0,13.87
2008-10-08,14.79,15.4,14.27,14.69,17991500.0,14.69
2008-10-07,16.19,16.28,14.94,15.07,19682900.0,15.07
2008-10-06,16.13,16.49,14.77,16.05,20763900.0,16.05
2008-10-03,17.31,17.31,16.09,16.44,24270500.0,16.44
2008-10-02,18.21,18.56,17.33,17.45,15707500.0,17.45
2008-10-01,18.3,18.69,17.91,18.48,13794400.0,18.48
2008-09-30,17.56,18.68,17.53,18.47,13914700.0,18.47
2008-09-29,18.26,18.75,17.32,17.51,13600800.0,17.51
2008-09-26,18.18,18.55,18.1,18.49,9273800.0,18.49
2008-09-25,18.43,18.85,18.28,18.49,11959200.0,18.49
2008-09-24,18.15,18.48,17.96,18.35,7712300.0,18.35
2008-09-23,18.03,18.55,17.86,18.12,10416700.0,18.12
2008-09-22,18.13,18.58,17.99,18.03,9287400.0,18.03
2008-09-19,18.57,19.5,17.94,18.58,16270600.0,18.58
2008-09-18,18.15,18.57,17.56,18.4,24565600.0,18.4
2008-09-17,17.54,18.48,17.47,18.09,17310700.0,18.09
2008-09-16,17.99,18.12,17.39,18.04,14731900.0,18.04
2008-09-15,18.33,18.64,18.07,18.08,11510700.0,18.08
2008-09-12,18.63,18.87,18.42,18.74,12223900.0,18.74
2008-09-11,18.33,19.02,18.33,18.75,9672500.0,18.75
2008-09-10,18.78,19.1,18.32,18.58,10419600.0,18.58
2008-09-09,19.58,20.0,18.63,18.63,12466100.0,18.63
2008-09-08,19.29,19.65,19.29,19.64,11838800.0,19.64
2008-09-05,19.0,19.29,18.45,19.26,9521300.0,19.26
2008-09-04,19.24,19.44,18.99,19.16,10456300.0,19.16
2008-09-03,18.81,19.43,18.81,19.36,10254300.0,19.36
2008-09-02,19.44,19.76,18.64,19.09,16742700.0,19.09
2008-08-29,19.77,20.05,19.37,19.4,9635000.0,19.4
2008-08-28,19.6,20.11,19.49,20.05,11524600.0,20.05
2008-08-27,19.52,19.64,19.14,19.56,10613500.0,19.56
2008-08-26,19.43,19.7,19.33,19.5,7485600.0,19.5
2008-08-25,19.95,19.99,19.3,19.4,9147300.0,19.4
2008-08-22,19.87,20.04,19.67,19.95,7842400.0,19.95
2008-08-21,20.55,20.55,19.78,19.82,11685900.0,19.82
2008-08-20,20.71,20.72,20.27,20.46,10040700.0,20.46
2008-08-19,20.29,20.74,20.15,20.7,10740300.0,20.7
2008-08-18,20.61,20.8,20.19,20.35,5088800.0,20.35
2008-08-15,20.3,20.74,20.25,20.69,10498000.0,20.69
2008-08-14,19.99,20.61,19.66,20.3,9218000.0,20.3
2008-08-13,19.96,20.35,19.91,20.14,6642200.0,20.14
2008-08-12,20.36,20.55,19.96,20.05,10156000.0,20.05
2008-08-11,20.56,20.97,20.32,20.53,8152600.0,20.53
2008-08-08,20.15,20.85,20.13,20.63,9334400.0,20.63
2008-08-07,20.83,20.83,19.9,20.14,13753400.0,20.14
2008-08-06,21.14,21.22,20.89,20.92,9934900.0,20.92
2008-08-05,21.15,21.26,20.64,21.16,12743200.0,21.16
2008-08-04,20.35,21.21,20.01,21.03,17025200.0,21.03
2008-08-01,19.26,20.64,19.25,20.41,24293100.0,20.41
2008-07-31,20.3,21.61,20.22,21.08,19561100.0,21.08
2008-07-30,19.9,20.35,19.56,20.05,15002300.0,20.05
2008-07-29,19.42,19.93,19.26,19.86,11124200.0,19.86
2008-07-28,19.38,19.65,19.18,19.32,9575400.0,19.32
2008-07-25,19.23,19.6,19.23,19.33,10204000.0,19.33
2008-07-24,19.5,19.72,19.15,19.2,19586700.0,19.2
2008-07-23,19.88,19.9,19.36,19.53,13761000.0,19.53
2008-07-22,18.35,19.94,17.95,19.91,38490000.0,19.91
2008-07-21,20.86,21.53,17.81,18.95,108541100.0,18.95
2008-07-18,21.91,22.5,21.38,21.44,21592800.0,21.44
2008-07-17,22.17,22.25,21.75,22.13,16182100.0,22.13
2008-07-16,22.35,22.78,22.0,22.1,16710300.0,22.1
2008-07-15,21.8,22.66,21.57,22.32,22837100.0,22.32
2008-07-14,21.49,21.88,21.3,21.38,19815800.0,21.38
2008-07-11,21.59,21.71,20.86,21.28,15918700.0,21.28
2008-07-10,21.72,22.06,21.23,21.87,18306900.0,21.87
2008-07-09,20.75,22.0,20.65,21.79,28350900.0,21.79
2008-07-08,19.97,20.98,19.95,20.86,20614700.0,20.86
2008-07-07,19.83,20.14,19.62,19.94,16935900.0,19.94
2008-07-03,19.59,20.02,19.55,19.79,13927700.0,19.79
2008-07-02,19.75,19.85,19.36,19.47,25180200.0,19.47
2008-07-01,19.51,19.71,19.17,19.71,11399900.0,19.71
2008-06-30,19.99,20.0,19.37,19.69,10892700.0,19.69
2008-06-27,18.96,19.81,18.66,19.64,15749800.0,19.64
2008-06-26,19.72,19.72,18.92,18.98,11532000.0,18.98
2008-06-25,19.43,20.01,19.21,19.73,10657400.0,19.73
2008-06-24,18.62,19.53,18.54,19.33,14004000.0,19.33
2008-06-23,18.61,18.82,18.15,18.62,16565100.0,18.62
2008-06-20,19.14,19.19,18.45,18.57,13293300.0,18.57
2008-06-19,19.24,19.33,18.86,19.25,10974300.0,19.25
2008-06-18,19.15,19.81,19.15,19.28,10508700.0,19.28
2008-06-17,19.26,19.81,19.23,19.26,9306100.0,19.26
2008-06-16,19.09,19.33,19.01,19.2,8879300.0,19.2
2008-06-13,19.59,19.75,19.03,19.24,9192100.0,19.24
2008-06-12,19.54,19.91,19.33,19.5,11866100.0,19.5
2008-06-11,19.62,19.99,19.37,19.48,12592300.0,19.48
2008-06-10,19.48,19.89,19.36,19.61,10705300.0,19.61
2008-06-09,19.92,19.99,19.47,19.66,21143300.0,19.66
2008-06-06,20.59,20.69,19.88,19.88,12071400.0,19.88
2008-06-05,20.89,20.89,20.43,20.72,11998000.0,20.72
2008-06-04,20.34,20.87,20.11,20.41,11989100.0,20.41
2008-06-03,19.96,20.52,19.91,20.5,12529800.0,20.5
2008-06-02,20.38,20.55,19.72,19.86,12588600.0,19.86
2008-05-30,19.86,20.74,19.86,20.4,26035000.0,20.4
2008-05-29,19.86,20.08,19.44,19.84,11856700.0,19.84
2008-05-28,20.06,20.24,19.79,20.09,13100000.0,20.09
2008-05-27,19.21,20.08,19.21,20.08,16765400.0,20.08
2008-05-23,19.84,19.84,19.17,19.23,8547700.0,19.23
2008-05-22,19.38,19.85,19.33,19.75,13055900.0,19.75
2008-05-21,19.32,19.94,19.27,19.31,10853700.0,19.31
2008-05-20,19.05,19.42,18.82,19.26,12359400.0,19.26
2008-05-19,19.42,19.6,18.96,19.04,14357400.0,19.04
2008-05-16,19.5,19.81,19.17,19.38,13097900.0,19.38
2008-05-15,19.6,19.77,19.3,19.42,10802000.0,19.42
2008-05-14,19.03,19.95,18.89,19.59,15326600.0,19.59
2008-05-13,18.78,19.04,18.7,18.94,9298500.0,18.94
2008-05-12,18.74,18.86,18.51,18.75,7844800.0,18.75
2008-05-09,18.64,18.88,18.4,18.65,8241200.0,18.65
2008-05-08,18.31,18.82,18.08,18.71,15951400.0,18.71
2008-05-07,18.66,18.88,18.12,18.18,11052200.0,18.18
2008-05-06,18.94,18.94,18.3,18.69,9272600.0,18.69
2008-05-05,18.94,18.94,18.45,18.75,9165900.0,18.75
2008-05-02,19.0,19.15,18.74,18.9,8638400.0,18.9
2008-05-01,18.35,18.88,18.3,18.85,9300200.0,18.85
2008-04-30,18.78,18.84,18.31,18.41,12713900.0,18.41
2008-04-29,18.88,19.21,18.74,18.76,14901100.0,18.76
2008-04-28,18.68,18.88,18.57,18.75,12734800.0,18.75
2008-04-25,18.3,18.81,18.23,18.64,12006700.0,18.64
2008-04-24,18.06,18.44,18.03,18.12,18087500.0,18.12
2008-04-23,18.1,18.27,17.6,18.27,24033000.0,18.27
2008-04-22,17.21,17.25,17.0,17.14,13620900.0,17.14
2008-04-21,17.02,17.36,16.77,17.27,14146800.0,17.27
2008-04-18,16.72,16.99,16.63,16.87,10512500.0,16.87
2008-04-17,16.3,16.75,16.3,16.48,11251000.0,16.48
2008-04-16,16.52,16.68,16.1,16.38,21132300.0,16.38
2008-04-15,16.62,16.8,16.31,16.41,15146000.0,16.41
2008-04-14,17.17,17.17,16.44,16.55,19612800.0,16.55
2008-04-11,16.77,17.48,16.77,17.21,21966300.0,17.21
2008-04-10,16.64,17.05,16.59,17.01,21031800.0,17.01
2008-04-09,16.29,16.62,16.05,16.6,16053500.0,16.6
2008-04-08,16.72,16.74,16.14,16.15,21121900.0,16.15
2008-04-07,16.55,17.32,16.55,16.76,33321300.0,16.76
2008-04-04,15.22,16.34,15.19,16.12,38968000.0,16.12
2008-04-03,14.06,15.47,14.03,15.38,77225200.0,15.38
2008-04-02,14.75,14.78,13.83,13.86,57064300.0,13.86
2008-04-01,14.63,15.25,14.53,14.75,77029900.0,14.75
2008-03-31,14.05,14.73,14.0,14.41,167076500.0,14.41
2008-03-28,19.49,19.87,19.4,19.47,16836100.0,19.47
2008-03-27,18.72,19.44,18.72,19.3,19023700.0,19.3
2008-03-26,19.24,19.28,18.66,18.7,24440200.0,18.7
2008-03-25,20.02,20.1,19.17,19.3,21686800.0,19.3
2008-03-24,20.62,20.78,19.98,20.05,11471100.0,20.05
2008-03-20,20.06,20.64,19.76,20.57,16173800.0,20.57
2008-03-19,20.28,20.8,19.71,19.95,13787600.0,19.95
2008-03-18,19.5,20.24,19.37,20.17,12359600.0,20.17
2008-03-17,18.64,19.43,18.57,19.19,16780000.0,19.19
2008-03-14,19.3,19.35,18.57,18.76,13785200.0,18.76
2008-03-13,19.53,19.57,18.9,19.2,12790700.0,19.2
2008-03-12,19.99,20.15,19.57,19.6,10336200.0,19.6
2008-03-11,19.62,20.4,19.4,19.98,18285600.0,19.98
2008-03-10,19.69,19.88,19.4,19.65,13242600.0,19.65
2008-03-07,19.91,20.07,19.5,19.75,13968500.0,19.75
2008-03-06,20.64,20.64,20.0,20.03,10951300.0,20.03
2008-03-05,20.87,20.94,20.43,20.7,13000000.0,20.7
2008-03-04,21.18,21.34,20.82,20.84,14060500.0,20.84
2008-03-03,21.69,21.69,21.21,21.41,9495200.0,21.41
2008-02-29,22.11,22.15,21.55,21.7,13407200.0,21.7
2008-02-28,21.95,22.07,21.57,21.97,9939600.0,21.97
2008-02-27,22.24,22.42,21.93,22.1,10880300.0,22.1
2008-02-26,21.82,22.42,21.68,22.21,16844700.0,22.21
2008-02-25,21.28,22.06,21.08,21.96,16555100.0,21.96
2008-02-22,21.39,21.5,20.84,21.31,8729700.0,21.31
2008-02-21,21.4,21.96,21.22,21.3,15847100.0,21.3
2008-02-20,21.73,21.83,20.92,21.29,19252500.0,21.29
2008-02-19,22.06,22.08,21.85,21.95,9675800.0,21.95
2008-02-15,21.7,21.94,21.5,21.85,11914900.0,21.85
2008-02-14,22.14,22.25,21.53,21.77,14012400.0,21.77
2008-02-13,22.42,22.53,21.8,22.09,23056700.0,22.09
2008-02-12,21.43,22.01,21.25,21.83,27147300.0,21.83
2008-02-11,19.98,20.8,19.54,20.62,17805700.0,20.62
2008-02-08,19.92,20.11,19.71,19.77,15044800.0,19.77
2008-02-07,20.11,20.52,19.6,19.92,16233000.0,19.92
2008-02-06,20.74,20.74,20.0,20.37,22581000.0,20.37
2008-02-05,20.88,21.27,20.11,20.39,23667100.0,20.39
2008-02-04,20.84,21.24,20.65,21.21,18419700.0,21.21
2008-02-01,19.66,20.7,19.66,20.57,20061000.0,20.57
2008-01-31,19.25,19.75,18.87,19.53,22765200.0,19.53
2008-01-30,19.05,19.57,18.64,19.36,21154300.0,19.36
2008-01-29,19.88,19.89,19.07,19.11,16852900.0,19.11
2008-01-28,19.47,19.88,19.15,19.64,21988700.0,19.64
2008-01-25,20.46,20.46,17.45,19.02,83867200.0,19.02
2008-01-24,19.67,20.36,19.59,20.17,37886700.0,20.17
2008-01-23,19.95,19.95,19.05,19.59,48018600.0,19.59
2008-01-22,20.22,21.46,19.86,20.36,34472500.0,20.36
2008-01-18,21.83,22.4,21.0,21.28,45165100.0,21.28
2008-01-17,23.59,24.0,20.55,21.62,73999500.0,21.62
2008-01-16,23.71,24.11,23.34,23.49,30629300.0,23.49
2008-01-15,24.91,25.0,23.62,23.78,48101100.0,23.78
2008-01-14,27.0,27.23,25.34,25.52,40850100.0,25.52
2008-01-11,26.94,27.81,26.9,27.73,11681800.0,27.73
2008-01-10,27.19,27.58,26.85,27.24,13658365.0,27.24
2008-01-09,27.21,27.63,26.83,27.34,15168000.0,27.34
2008-01-08,25.85,27.72,25.85,26.85,19920100.0,26.85
2008-01-07,25.75,25.98,25.42,25.83,19238600.0,25.83
2008-01-04,26.41,26.6,25.54,25.56,20675200.0,25.56
2008-01-03,26.34,26.85,26.21,26.67,16443500.0,26.67
2008-01-02,26.64,26.72,26.04,26.31,11247600.0,26.31
2007-12-31,26.85,26.91,26.58,26.64,7671400.0,26.64
2007-12-28,27.0,27.45,26.79,26.94,7849600.0,26.94
2007-12-27,27.13,27.13,26.64,26.84,6799600.0,26.84
2007-12-26,27.29,27.29,26.98,27.16,6972900.0,27.16
2007-12-24,27.24,27.43,26.86,27.13,5679700.0,27.13
2007-12-21,26.78,27.48,26.75,27.26,24392300.0,27.26
2007-12-20,26.51,26.55,25.95,26.2,13367800.0,26.2
2007-12-19,26.74,26.83,25.9,26.29,31173800.0,26.29
2007-12-18,27.3,27.35,26.36,26.76,19906000.0,26.76
2007-12-17,27.65,27.88,26.9,26.99,16678700.0,26.99
2007-12-14,28.44,28.44,27.72,27.77,13457600.0,27.77
2007-12-13,27.83,28.76,27.61,28.68,22274200.0,28.68
2007-12-12,29.59,29.59,27.01,27.94,43400800.0,27.94
2007-12-11,29.85,30.06,28.95,29.0,12367100.0,29.0
2007-12-10,30.29,30.34,29.63,29.86,9752000.0,29.86
2007-12-07,31.08,31.45,30.07,30.15,11714500.0,30.15
2007-12-06,31.2,31.48,30.67,31.08,5784300.0,31.08
2007-12-05,31.53,31.53,31.1,31.19,8412200.0,31.19
2007-12-04,30.57,31.41,30.3,31.2,8712900.0,31.2
2007-12-03,31.21,31.3,30.72,30.81,9932900.0,30.81
2007-11-30,30.92,31.35,30.73,31.3,21891400.0,31.3
2007-11-29,30.2,31.09,30.2,30.62,11736300.0,30.62
2007-11-28,29.74,30.45,29.47,30.36,13842500.0,30.36
2007-11-27,29.01,29.87,28.75,29.46,9650700.0,29.46
2007-11-26,29.71,29.83,28.75,28.8,7834100.0,28.8
2007-11-23,28.58,29.34,28.56,29.18,4852500.0,29.18
2007-11-21,29.16,29.27,28.39,28.41,11413600.0,28.41
2007-11-20,29.6,29.88,28.97,29.46,9916700.0,29.46
2007-11-19,29.79,30.17,29.52,29.6,10955500.0,29.6
2007-11-16,29.63,30.2,29.47,29.98,11441100.0,29.98
2007-11-15,29.37,29.89,29.25,29.33,13315900.0,29.33
2007-11-14,29.85,29.99,29.31,29.37,13547300.0,29.37
2007-11-13,29.16,29.67,28.68,29.61,14848100.0,29.61
2007-11-12,29.41,29.7,28.93,28.97,7415700.0,28.97
2007-11-09,29.52,30.1,29.19,29.4,9976600.0,29.4
2007-11-08,28.7,30.06,28.33,29.82,15081900.0,29.82
2007-11-07,29.26,29.36,28.57,28.64,9417300.0,28.64
2007-11-06,29.7,29.72,29.22,29.39,7054100.0,29.39
2007-11-05,30.0,30.0,29.14,29.46,9803300.0,29.46
2007-11-02,30.51,30.52,29.3,29.96,9834400.0,29.96
2007-11-01,30.25,30.4,29.51,29.59,10108900.0,29.59
2007-10-31,30.71,30.71,29.88,30.52,11517200.0,30.52
2007-10-30,30.82,31.05,30.27,30.45,9451500.0,30.45
2007-10-29,30.57,31.28,30.5,31.0,10563600.0,31.0
2007-10-26,30.36,31.12,29.85,30.52,11770400.0,30.52
2007-10-25,29.92,30.25,29.62,30.0,14338700.0,30.0
2007-10-24,29.4,30.06,29.08,29.93,14591200.0,29.93
2007-10-23,28.74,29.61,28.5,29.46,36074600.0,29.46
2007-10-22,29.4,29.65,28.0,28.34,60130600.0,28.34
2007-10-19,32.9,33.4,32.17,32.71,14497700.0,32.71
2007-10-18,32.48,33.24,32.48,32.94,11829200.0,32.94
2007-10-17,32.5,32.53,32.14,32.25,8757000.0,32.25
2007-10-16,32.4,32.41,32.1,32.25,7698300.0,32.25
2007-10-15,32.27,32.46,32.27,32.34,8259300.0,32.34
2007-10-12,32.34,32.37,32.07,32.33,6730200.0,32.33
2007-10-11,32.54,32.8,32.05,32.25,8897000.0,32.25
2007-10-10,32.13,32.5,32.08,32.34,6791400.0,32.34
2007-10-09,32.5,32.91,32.1,32.32,6868700.0,32.32
2007-10-08,32.58,32.67,32.25,32.39,5900200.0,32.39
2007-10-05,32.85,33.0,32.5,32.56,6650200.0,32.56
2007-10-04,32.6,32.94,32.44,32.53,5532500.0,32.53
2007-10-03,32.72,32.97,32.33,32.61,6531600.0,32.61
2007-10-02,32.63,33.03,32.09,32.81,5541200.0,32.81
2007-10-01,31.5,32.89,30.79,32.8,9520800.0,32.8
2007-09-28,31.99,32.0,31.49,31.63,9683900.0,31.63
2007-09-27,32.37,32.37,31.5,32.09,5679600.0,32.09
2007-09-26,31.81,32.36,31.73,32.03,7385400.0,32.03
2007-09-25,31.5,32.0,30.72,31.67,6300300.0,31.67
2007-09-24,31.9,32.21,31.7,31.75,7938000.0,31.75
2007-09-21,31.96,32.44,31.85,32.25,22289600.0,32.25
2007-09-20,31.47,32.39,31.47,31.95,14616500.0,31.95
2007-09-19,30.42,31.65,30.42,31.43,12989600.0,31.43
2007-09-18,30.3,31.03,30.09,30.88,8998600.0,30.88
2007-09-17,30.24,30.56,30.01,30.23,5865700.0,30.23
2007-09-14,29.95,30.51,29.8,30.36,6704800.0,30.36
2007-09-13,30.65,30.8,29.92,30.01,4915700.0,30.01
2007-09-12,30.34,30.78,30.11,30.38,5663500.0,30.38
2007-09-11,29.77,30.4,29.55,30.36,8313100.0,30.36
2007-09-10,29.69,30.1,29.29,29.54,5957400.0,29.54
2007-09-07,30.11,30.54,29.43,29.54,9559500.0,29.54
2007-09-06,30.09,30.54,29.77,30.42,6119900.0,30.42
2007-09-05,30.4,30.6,30.02,30.1,5945600.0,30.1
2007-09-04,30.01,30.69,29.8,30.62,5613300.0,30.62
2007-08-31,30.28,30.32,29.75,30.02,7269600.0,30.02
2007-08-30,29.8,30.27,29.76,29.9,6152700.0,29.9
2007-08-29,29.84,30.23,29.43,30.15,8311400.0,30.15
2007-08-28,30.4,30.6,29.58,29.63,9273600.0,29.63
2007-08-27,30.79,30.79,30.38,30.45,8232800.0,30.45
2007-08-24,30.4,30.93,30.25,30.81,9107300.0,30.81
2007-08-23,30.14,30.54,29.97,30.29,10713300.0,30.29
2007-08-22,29.75,30.07,29.53,30.05,14550700.0,30.05
2007-08-21,28.88,29.55,28.75,29.52,10971500.0,29.52
2007-08-20,29.55,29.6,28.81,29.09,9494788.0,29.09
2007-08-17,29.64,30.0,28.6,29.56,17061400.0,29.56
2007-08-16,28.01,29.49,28.01,29.28,20732800.0,29.28
2007-08-15,28.42,29.73,28.21,29.16,22807000.0,29.16
2007-08-14,28.39,28.54,28.0,28.31,17534300.0,28.31
2007-08-13,27.6,28.47,27.49,28.25,36151100.0,28.25
2007-08-10,27.04,27.46,26.8,27.26,70201900.0,27.26
2007-08-09,28.02,28.28,27.12,27.52,22316000.0,27.52
2007-08-08,29.01,29.11,28.06,28.43,20542000.0,28.43
2007-08-07,28.73,29.08,28.2,28.86,13651300.0,28.86
2007-08-06,28.3,29.23,28.3,28.96,13744900.0,28.96
2007-08-03,29.27,29.47,28.74,28.76,13720300.0,28.76
2007-08-02,28.61,30.03,28.61,29.25,11827400.0,29.25
2007-08-01,28.38,29.47,28.25,29.38,12122200.0,29.38
2007-07-31,29.5,29.72,28.47,28.54,11993600.0,28.54
2007-07-30,28.51,29.32,28.3,28.62,12689500.0,28.62
2007-07-27,28.92,29.49,28.15,28.18,14721900.0,28.18
2007-07-26,29.87,29.9,28.69,29.2,16462000.0,29.2
2007-07-25,31.15,31.15,30.03,30.17,13026700.0,30.17
2007-07-24,30.87,31.5,30.79,30.83,9593000.0,30.83
2007-07-23,32.26,32.5,31.0,31.3,12456800.0,31.3
2007-07-20,31.99,32.0,31.2,31.49,9198500.0,31.49
2007-07-19,31.99,32.36,31.7,32.09,6958500.0,32.09
2007-07-18,31.81,32.2,31.57,31.99,7116900.0,31.99
2007-07-17,32.4,32.51,32.02,32.19,5739900.0,32.19
2007-07-16,32.49,32.8,32.3,32.4,6483600.0,32.4
2007-07-13,32.85,32.97,32.29,32.48,7200400.0,32.48
2007-07-12,31.39,32.85,31.22,32.83,16262100.0,32.83
2007-07-11,30.3,31.44,30.25,31.38,13454100.0,31.38
2007-07-10,30.24,30.53,30.0,30.16,7207400.0,30.16
2007-07-09,30.59,30.6,30.23,30.32,5153800.0,30.32
2007-07-06,30.44,30.72,30.32,30.53,8260100.0,30.53
2007-07-05,30.79,30.83,30.37,30.57,4083400.0,30.57
2007-07-03,31.09,31.09,30.71,30.89,2835900.0,30.89
2007-07-02,30.8,30.99,30.48,30.96,6484900.0,30.96
2007-06-29,29.81,30.87,29.81,30.44,6232100.0,30.44
2007-06-28,30.38,31.25,30.33,30.77,8604700.0,30.77
2007-06-27,30.2,30.48,29.75,30.2,7375600.0,30.2
2007-06-26,29.99,30.52,29.97,30.26,9466800.0,30.26
2007-06-25,29.66,30.24,29.57,29.87,10522700.0,29.87
2007-06-22,29.86,30.14,29.28,29.52,9459800.0,29.52
2007-06-21,29.7,29.99,29.29,29.91,7559300.0,29.91
2007-06-20,30.69,30.85,29.73,29.74,9099100.0,29.74
2007-06-19,30.66,30.81,30.5,30.67,4999300.0,30.67
2007-06-18,31.01,31.03,30.56,30.56,8101300.0,30.56
2007-06-15,30.76,31.33,30.66,30.99,7086700.0,30.99
2007-06-14,30.95,31.2,30.52,30.56,6385800.0,30.56
2007-06-13,30.84,30.98,30.46,30.96,7443100.0,30.96
2007-06-12,30.86,31.01,30.6,30.7,6071032.0,30.7
2007-06-11,30.7,31.04,30.62,30.95,5427600.0,30.95
2007-06-08,30.52,30.82,30.19,30.8,8293700.0,30.8
2007-06-07,32.0,32.0,30.46,30.66,11438200.0,30.66
2007-06-06,32.2,32.3,31.63,31.86,6948400.0,31.86
2007-06-05,32.7,32.86,32.07,32.32,7133100.0,32.32
2007-06-04,32.75,32.85,32.22,32.61,6109000.0,32.61
2007-06-01,32.8,32.82,32.32,32.44,5207200.0,32.44
2007-05-31,32.96,32.98,32.64,32.74,5175100.0,32.74
2007-05-30,32.49,32.8,32.28,32.77,6428800.0,32.77
2007-05-29,33.2,33.66,32.57,32.71,7753800.0,32.71
2007-05-25,32.8,33.2,32.61,32.77,8255400.0,32.77
2007-05-24,33.05,33.4,32.65,32.87,10554400.0,32.87
2007-05-23,33.4,33.81,33.25,33.31,8720300.0,33.31
2007-05-22,33.36,33.45,33.13,33.23,5639800.0,33.23
2007-05-21,33.17,33.55,33.12,33.34,9390400.0,33.34
2007-05-18,32.89,33.26,32.8,33.14,10856500.0,33.14
2007-05-17,32.27,32.9,32.12,32.82,9151200.0,32.82
2007-05-16,32.06,32.5,31.96,32.47,7000900.0,32.47
2007-05-15,32.12,32.23,31.86,31.92,8504900.0,31.92
2007-05-14,32.17,32.63,31.92,31.95,10863900.0,31.95
2007-05-11,31.81,32.11,31.7,32.09,7908500.0,32.09
2007-05-10,32.44,32.65,31.56,31.61,8808000.0,31.61
2007-05-09,32.4,32.66,32.3,32.35,8955000.0,32.35
2007-05-08,32.86,32.88,32.27,32.52,22867200.0,32.52
2007-05-07,33.1,33.14,32.6,33.05,8644300.0,33.05
2007-05-04,32.4,33.37,32.4,32.96,20921100.0,32.96
2007-05-03,31.91,32.11,31.75,32.11,9638600.0,32.11
2007-05-02,31.47,31.77,31.39,31.71,8342100.0,31.71
2007-05-01,31.7,31.76,31.46,31.57,13186700.0,31.57
2007-04-30,31.74,31.87,31.59,31.73,13724000.0,31.73
2007-04-27,31.61,31.85,31.51,31.65,11860500.0,31.65
2007-04-26,31.87,31.92,31.52,31.85,11620700.0,31.85
2007-04-25,31.54,31.96,31.13,31.87,16672500.0,31.87
2007-04-24,31.2,31.4,30.89,31.32,12718100.0,31.32
2007-04-23,30.75,31.2,30.69,30.91,14770400.0,30.91
2007-04-20,30.8,31.08,30.55,30.71,22468800.0,30.71
2007-04-19,29.8,31.3,29.7,31.0,32277800.0,31.0
2007-04-18,27.98,28.59,27.85,28.55,11055000.0,28.55
2007-04-17,27.96,28.47,27.95,28.15,22652700.0,28.15
2007-04-16,28.0,28.29,27.94,28.1,14005600.0,28.1
2007-04-13,27.4,27.99,27.29,27.94,14355700.0,27.94
2007-04-12,26.8,27.18,26.69,26.97,14697600.0,26.97
2007-04-11,26.55,26.81,26.53,26.72,9223800.0,26.72
2007-04-10,26.21,26.72,26.18,26.64,8868000.0,26.64
2007-04-09,26.0,26.35,25.93,26.29,10788300.0,26.29
2007-04-05,25.64,25.88,25.42,25.86,8188200.0,25.86
2007-04-04,25.49,25.62,25.29,25.57,5922900.0,25.57
2007-04-03,25.58,25.73,25.45,25.56,8680200.0,25.56
2007-04-02,25.59,25.6,25.17,25.42,9043200.0,25.42
2007-03-30,25.42,25.59,25.12,25.51,8609100.0,25.51
2007-03-29,25.36,25.49,25.07,25.46,9107600.0,25.46
2007-03-28,24.9,25.12,24.89,25.0,6382500.0,25.0
2007-03-27,24.92,25.11,24.9,25.0,8239100.0,25.0
2007-03-26,25.0,25.28,24.95,25.14,14456300.0,25.14
2007-03-23,24.63,24.7,24.41,24.62,9199400.0,24.62
2007-03-22,23.65,24.71,23.65,24.54,11456000.0,24.54
2007-03-21,23.86,24.49,23.73,24.43,10566200.0,24.43
2007-03-20,23.51,23.79,23.51,23.75,7811000.0,23.75
2007-03-19,23.55,23.61,23.37,23.56,10610800.0,23.56
2007-03-16,23.65,23.84,23.4,23.49,16909400.0,23.49
2007-03-15,23.06,23.29,22.93,23.08,9772700.0,23.08
2007-03-14,23.38,23.39,22.93,23.15,9764300.0,23.15
2007-03-13,24.05,24.11,23.08,23.28,18629600.0,23.28
2007-03-12,24.1,24.22,23.56,23.95,13550500.0,23.95
2007-03-09,23.75,24.0,23.69,23.85,9319600.0,23.85
2007-03-08,23.35,23.73,23.27,23.68,9686600.0,23.68
2007-03-07,23.33,23.47,23.14,23.18,7627700.0,23.18
2007-03-06,22.85,23.49,22.84,23.4,12292200.0,23.4
2007-03-05,22.93,23.14,22.72,22.75,8436500.0,22.75
2007-03-02,23.36,23.5,22.96,23.05,7330500.0,23.05
2007-03-01,22.36,24.22,22.3,23.24,10778000.0,23.24
2007-02-28,23.37,23.91,23.34,23.46,9943600.0,23.46
2007-02-27,23.8,24.01,23.0,23.36,13818000.0,23.36
2007-02-26,23.9,24.08,23.81,23.92,10554600.0,23.92
2007-02-23,23.95,23.97,23.65,23.82,11546400.0,23.82
2007-02-22,24.18,24.32,23.88,23.94,10466500.0,23.94
2007-02-21,24.3,24.38,24.14,24.2,7150600.0,24.2
2007-02-20,24.3,24.73,24.3,24.38,7006300.0,24.38
2007-02-16,24.35,24.5,24.28,24.36,6774700.0,24.36
2007-02-15,24.65,24.65,24.18,24.46,8115200.0,24.46
2007-02-14,24.85,24.89,24.75,24.76,5973500.0,24.76
2007-02-13,24.83,24.88,24.6,24.86,3789000.0,24.86
2007-02-12,24.69,24.89,24.64,24.81,8146600.0,24.81
2007-02-09,24.65,24.76,24.5,24.64,9180700.0,24.64
2007-02-08,24.59,24.8,24.45,24.65,8748400.0,24.65
2007-02-07,24.88,24.9,24.57,24.67,5318500.0,24.67
2007-02-06,24.9,24.9,24.7,24.8,4602300.0,24.8
2007-02-05,24.77,24.92,24.49,24.83,7592500.0,24.83
2007-02-02,25.08,25.08,24.8,24.86,7224300.0,24.86
2007-02-01,25.11,25.24,24.85,24.96,11128800.0,24.96
2007-01-31,24.88,25.03,24.78,25.0,10118700.0,25.0
2007-01-30,24.8,25.03,24.7,24.96,10776800.0,24.96
2007-01-29,25.05,25.1,24.62,24.82,16462900.0,24.82
2007-01-26,25.22,25.3,24.96,25.09,10720700.0,25.09
2007-01-25,25.1,25.29,25.0,25.12,7984400.0,25.12
2007-01-24,25.2,25.37,25.05,25.26,10042500.0,25.26
2007-01-23,25.0,25.22,24.74,25.17,14054800.0,25.17
2007-01-22,24.98,25.0,24.75,24.92,9064900.0,24.92
2007-01-19,24.9,25.03,24.82,24.99,14276400.0,24.99
2007-01-18,24.52,24.96,24.52,24.92,17312500.0,24.92
2007-01-17,24.99,25.17,24.21,24.52,9222500.0,24.52
2007-01-16,24.52,24.53,24.35,24.39,6684900.0,24.39
2007-01-12,24.25,24.52,24.02,24.37,9496300.0,24.37
2007-01-11,23.89,24.34,23.78,24.25,12148600.0,24.25
2007-01-10,24.39,25.0,23.09,23.74,5725400.0,23.74
2007-01-09,23.43,24.1,23.42,23.98,8227800.0,23.98
2007-01-08,23.59,23.66,23.24,23.43,10684100.0,23.43
2007-01-05,23.63,23.7,23.21,23.4,4953200.0,23.4
2007-01-04,23.68,23.78,23.48,23.72,5744300.0,23.72
2007-01-03,23.26,23.71,23.25,23.53,11870000.0,23.53
2006-12-29,23.79,23.89,23.54,23.64,4390300.0,23.64
2006-12-28,23.86,23.94,23.8,23.86,3426600.0,23.86
2006-12-27,23.88,24.07,23.82,23.9,4396900.0,23.9
2006-12-26,23.65,23.89,23.57,23.88,4025400.0,23.88
2006-12-22,23.7,23.86,23.57,23.68,3692000.0,23.68
2006-12-21,23.95,23.98,23.54,23.7,6130500.0,23.7
2006-12-20,23.7,23.9,23.65,23.86,6887500.0,23.86
2006-12-19,23.47,23.77,23.4,23.71,6504700.0,23.71
2006-12-18,23.62,23.66,23.41,23.53,4103800.0,23.53
2006-12-15,23.61,23.82,23.52,23.61,8304500.0,23.61
2006-12-14,23.3,23.71,23.2,23.6,8312500.0,23.6
2006-12-13,23.0,23.33,22.93,23.3,9898900.0,23.3
2006-12-12,22.82,22.96,22.64,22.93,8378200.0,22.93
2006-12-11,22.64,22.85,22.55,22.81,5119700.0,22.81
2006-12-08,22.58,22.71,22.51,22.71,3320000.0,22.71
2006-12-07,22.77,22.9,22.55,22.7,4292300.0,22.7
2006-12-06,22.85,22.85,22.52,22.76,4152400.0,22.76
2006-12-05,22.71,22.84,22.54,22.79,5671700.0,22.79
2006-12-04,22.45,22.79,22.3,22.73,10613500.0,22.73
2006-12-01,21.96,22.18,21.78,21.93,5774900.0,21.93
2006-11-30,21.83,22.05,21.66,22.01,9485700.0,22.01
2006-11-29,21.52,22.2,21.52,21.83,8425600.0,21.83
2006-11-28,21.25,21.47,21.21,21.39,5602400.0,21.39
2006-11-27,21.36,21.4,21.18,21.32,5977700.0,21.32
2006-11-24,21.3,21.55,21.25,21.25,1506300.0,21.25
2006-11-22,21.45,21.59,21.27,21.45,5048500.0,21.45
2006-11-21,21.91,21.92,21.41,21.46,6020400.0,21.46
2006-11-20,22.0,22.0,21.82,21.9,6653600.0,21.9
2006-11-17,21.78,21.98,21.74,21.98,5340300.0,21.98
2006-11-16,21.79,22.01,21.77,21.86,5641200.0,21.86
2006-11-15,21.87,21.96,21.62,21.79,4069000.0,21.79
2006-11-14,21.76,21.85,21.3,21.79,7115400.0,21.79
2006-11-13,21.69,21.99,21.57,21.66,7480900.0,21.66
2006-11-10,21.53,21.65,21.15,21.62,11564000.0,21.62
2006-11-09,22.24,22.24,21.26,21.58,12360100.0,21.58
2006-11-08,22.31,22.45,21.98,22.24,12147300.0,22.24
2006-11-07,22.5,23.01,22.5,22.82,7327600.0,22.82
2006-11-06,22.38,22.61,22.34,22.5,6825400.0,22.5
2006-11-03,22.45,22.5,22.09,22.28,6804400.0,22.28
2006-11-02,22.0,22.34,22.0,22.32,8614300.0,22.32
2006-11-01,22.23,22.33,21.96,21.97,7453800.0,21.97
2006-10-31,22.72,22.77,22.08,22.14,12144200.0,22.14
2006-10-30,22.7,22.7,22.47,22.6,7050100.0,22.6
2006-10-27,22.72,22.72,22.35,22.7,5520600.0,22.7
2006-10-26,22.8,22.86,22.35,22.78,8161900.0,22.78
2006-10-25,23.17,23.28,22.65,22.79,8439400.0,22.79
2006-10-24,22.84,23.19,22.62,23.17,8859300.0,23.17
2006-10-23,22.49,22.84,22.37,22.83,7965500.0,22.83
2006-10-20,23.0,23.0,22.38,22.68,13167200.0,22.68
2006-10-19,22.84,22.94,22.3,22.33,8500800.0,22.33
2006-10-18,23.18,23.22,22.62,22.81,7381200.0,22.81
2006-10-17,22.38,23.01,22.37,22.99,8386400.0,22.99
2006-10-16,22.25,22.68,22.22,22.5,5547600.0,22.5
2006-10-13,22.45,22.53,22.04,22.31,4539500.0,22.31
2006-10-12,22.15,22.5,22.06,22.35,5678100.0,22.35
2006-10-11,21.85,22.15,21.78,22.09,5798600.0,22.09
2006-10-10,22.04,22.04,21.76,21.94,6599300.0,21.94
2006-10-09,22.0,22.35,21.99,22.1,4426100.0,22.1
2006-10-06,22.11,22.13,21.95,22.06,3402700.0,22.06
2006-10-05,22.0,22.15,21.81,22.1,5611700.0,22.1
2006-10-04,21.84,22.04,21.58,21.93,4317000.0,21.93
2006-10-03,21.75,22.1,21.52,21.95,5876000.0,21.95
2006-10-02,22.2,22.2,21.5,21.5,6289600.0,21.5
2006-09-29,21.72,22.12,21.6,22.09,8091800.0,22.09
2006-09-28,21.63,21.77,21.4,21.76,4323200.0,21.76
2006-09-27,21.65,21.69,21.46,21.59,4123100.0,21.59
2006-09-26,21.69,21.71,21.35,21.64,4811200.0,21.64
2006-09-25,21.53,21.79,21.35,21.71,5624200.0,21.71
2006-09-22,21.44,21.46,21.16,21.38,4735900.0,21.38
2006-09-21,21.39,21.5,21.17,21.31,4418000.0,21.31
2006-09-20,21.5,21.6,21.29,21.48,4238900.0,21.48
2006-09-19,21.46,21.46,21.2,21.44,5250900.0,21.44
2006-09-18,21.2,21.44,20.9,21.43,5758700.0,21.43
2006-09-15,21.31,21.51,21.16,21.33,9898500.0,21.33
2006-09-14,21.1,21.2,21.0,21.11,5561700.0,21.11
2006-09-13,20.95,21.3,20.83,21.22,11749200.0,21.22
2006-09-12,20.7,21.08,20.7,20.82,9369300.0,20.82
2006-09-11,20.22,20.75,19.65,20.62,3250200.0,20.62
2006-09-08,20.6,20.68,20.48,20.59,3595700.0,20.59
2006-09-07,20.73,20.87,20.57,20.61,4131300.0,20.61
2006-09-06,20.73,20.81,20.61,20.73,3864300.0,20.73
2006-09-05,20.97,21.05,20.75,20.86,4256300.0,20.86
2006-09-01,21.05,21.17,20.93,20.96,2897900.0,20.96
2006-08-31,21.04,21.08,20.75,20.95,3755000.0,20.95
2006-08-30,21.0,21.5,20.87,21.04,8877200.0,21.04
2006-08-29,20.48,21.01,20.0,20.94,11300900.0,20.94
2006-08-28,20.29,20.48,20.23,20.41,5170400.0,20.41
2006-08-25,19.97,20.22,19.95,20.21,4839600.0,20.21
2006-08-24,20.06,20.1,19.95,19.97,13233100.0,19.97
2006-08-23,20.0,20.05,19.91,20.01,3897600.0,20.01
2006-08-22,20.05,20.08,19.95,20.04,4355100.0,20.04
2006-08-21,19.95,20.13,19.91,20.07,4180400.0,20.07
2006-08-18,20.07,20.07,19.95,20.06,6592600.0,20.06
2006-08-17,20.02,20.06,19.86,20.05,4701700.0,20.05
2006-08-16,20.11,20.12,19.93,19.99,10623600.0,19.99
2006-08-15,20.2,20.26,19.99,20.06,7507600.0,20.06
2006-08-14,20.25,20.29,19.94,20.01,5417400.0,20.01
2006-08-11,20.05,20.15,19.96,20.05,4383900.0,20.05
2006-08-10,20.26,20.35,20.06,20.16,4224200.0,20.16
2006-08-09,20.25,21.3,20.22,20.25,5711300.0,20.25
2006-08-08,20.3,20.41,20.1,20.18,3951300.0,20.18
2006-08-07,20.53,20.62,20.15,20.21,5275700.0,20.21
2006-08-04,20.7,20.83,20.55,20.63,5498400.0,20.63
2006-08-03,20.49,20.7,20.44,20.65,5275000.0,20.65
2006-08-02,20.48,20.5,20.18,20.45,5288700.0,20.45
2006-08-01,20.32,20.51,20.18,20.46,5296200.0,20.46
2006-07-31,20.82,20.99,20.28,20.44,10950500.0,20.44
2006-07-28,20.72,20.91,20.49,20.75,8772600.0,20.75
2006-07-27,21.0,21.0,20.47,20.56,6155300.0,20.56
2006-07-26,20.4,20.75,20.34,20.69,8801800.0,20.69
2006-07-25,20.31,20.45,20.03,20.43,14839800.0,20.43
2006-07-24,20.57,20.79,20.15,20.55,19010000.0,20.55
2006-07-21,19.43,19.66,19.25,19.45,7622200.0,19.45
2006-07-20,19.17,19.35,19.07,19.25,2823900.0,19.25
2006-07-19,18.66,19.24,18.56,19.19,4658900.0,19.19
2006-07-18,18.76,18.81,18.59,18.66,3798900.0,18.66
2006-07-17,18.74,18.88,18.6,18.76,4912700.0,18.76
2006-07-14,18.65,18.7,18.45,18.6,5620400.0,18.6
2006-07-13,18.75,18.82,18.65,18.7,7664300.0,18.7
2006-07-12,18.97,19.01,18.76,18.79,3669100.0,18.79
2006-07-11,19.02,19.11,18.78,18.91,3891100.0,18.91
2006-07-10,19.14,19.21,18.79,19.02,4363500.0,19.02
2006-07-07,19.15,19.37,19.05,19.11,4648400.0,19.11
2006-07-06,19.03,19.21,19.0,19.16,3313600.0,19.16
2006-07-05,18.93,19.04,18.92,18.96,4169100.0,18.96
2006-07-03,19.08,19.19,18.93,19.17,2667100.0,19.17
2006-06-30,18.75,19.15,18.73,19.03,4917600.0,19.03
2006-06-29,18.66,18.9,18.59,18.82,5691100.0,18.82
2006-06-28,18.54,18.66,18.38,18.49,8965600.0,18.49
2006-06-27,19.07,19.1,18.47,18.5,5808000.0,18.5
2006-06-26,19.16,19.27,18.96,19.07,2653900.0,19.07
2006-06-23,19.05,19.28,19.02,19.17,3049800.0,19.17
2006-06-22,19.18,19.28,18.87,19.17,3370500.0,19.17
2006-06-21,18.91,19.34,18.9,19.26,3926100.0,19.26
2006-06-20,19.05,19.12,18.9,18.97,3634600.0,18.97
2006-06-19,19.25,19.34,19.01,19.05,2358000.0,19.05
2006-06-16,19.3,19.5,19.22,19.25,5095600.0,19.25
2006-06-15,18.98,19.35,18.9,19.3,3755100.0,19.3
2006-06-14,18.89,19.04,18.78,18.95,4169300.0,18.95
2006-06-13,19.05,19.22,18.72,18.72,6145600.0,18.72
2006-06-12,19.32,19.42,19.04,19.05,4680700.0,19.05
2006-06-09,19.65,19.65,19.22,19.22,4825200.0,19.22
2006-06-08,19.55,19.78,19.2,19.45,6755200.0,19.45
2006-06-07,19.35,19.85,19.27,19.66,8191300.0,19.66
2006-06-06,19.25,19.36,19.0,19.22,4362900.0,19.22
2006-06-05,19.51,19.57,19.16,19.21,4154100.0,19.21
2006-06-02,19.85,19.93,19.49,19.65,6847600.0,19.65
2006-06-01,19.26,19.74,19.26,19.63,6095500.0,19.63
2006-05-31,19.07,19.14,18.9,19.06,5020700.0,19.06
2006-05-30,19.23,19.27,18.94,19.01,5317400.0,19.01
2006-05-26,19.45,19.48,19.24,19.37,4323500.0,19.37
2006-05-25,19.28,19.32,19.07,19.3,3272000.0,19.3
2006-05-24,18.9,19.32,18.87,19.12,5835700.0,19.12
2006-05-23,19.07,19.25,18.95,19.0,6184300.0,19.0
2006-05-22,19.24,19.4,18.98,19.02,6765000.0,19.02
2006-05-19,19.51,19.62,19.04,19.23,6592800.0,19.23
2006-05-18,19.52,19.52,19.19,19.34,5582800.0,19.34
2006-05-17,19.63,19.86,19.29,19.29,7115600.0,19.29
2006-05-16,20.0,20.01,19.62,19.75,7947700.0,19.75
2006-05-15,19.0,20.1,18.99,20.0,14635600.0,20.0
2006-05-12,19.15,19.23,19.04,19.08,5720000.0,19.08
2006-05-11,19.17,19.2,19.0,19.09,5254400.0,19.09
2006-05-10,19.3,19.37,19.21,19.26,5519000.0,19.26
2006-05-09,19.27,19.49,19.23,19.37,4945600.0,19.37
2006-05-08,19.39,19.53,19.32,19.35,6784600.0,19.35
2006-05-05,19.26,19.51,19.04,19.38,5431500.0,19.38
2006-05-04,19.2,19.24,19.03,19.21,3868900.0,19.21
2006-05-03,19.11,19.29,19.08,19.09,3240800.0,19.09
2006-05-02,19.12,19.34,18.98,19.18,7978000.0,19.18
2006-05-01,19.5,19.56,19.04,19.05,6398000.0,19.05
2006-04-28,19.28,19.4,19.09,19.32,4998700.0,19.32
2006-04-27,19.27,19.52,19.25,19.26,4049000.0,19.26
2006-04-26,19.37,19.5,19.24,19.35,4299900.0,19.35
2006-04-25,19.4,19.44,19.18,19.26,5157900.0,19.26
2006-04-24,19.64,19.71,19.18,19.32,6858100.0,19.32
2006-04-21,19.49,19.67,19.32,19.65,6924400.0,19.65
2006-04-20,19.6,19.74,19.28,19.4,15271400.0,19.4
2006-04-19,18.64,18.94,18.57,18.89,6648700.0,18.89
2006-04-18,18.28,18.66,18.28,18.66,4416200.0,18.66
2006-04-17,18.45,18.46,18.19,18.25,3518200.0,18.25
2006-04-13,18.65,18.7,18.25,18.38,6769700.0,18.38
2006-04-12,18.42,19.0,18.38,18.55,5532300.0,18.55
2006-04-11,18.51,18.83,18.38,18.45,5821900.0,18.45
2006-04-10,18.68,18.75,18.54,18.7,4887500.0,18.7
2006-04-07,18.96,19.04,18.65,18.69,4436100.0,18.69
2006-04-06,19.0,19.04,18.85,19.01,4147800.0,19.01
2006-04-05,18.99,19.06,18.9,19.04,4659700.0,19.04
2006-04-04,18.9,19.06,18.9,19.0,3138700.0,19.0
2006-04-03,19.15,19.16,18.98,19.03,3432700.0,19.03
2006-03-31,19.25,19.29,18.97,18.99,4762700.0,18.99
2006-03-30,19.11,19.35,19.09,19.22,5927900.0,19.22
2006-03-29,19.09,19.23,18.96,19.22,4074800.0,19.22
2006-03-28,19.2,19.2,18.86,18.91,4538000.0,18.91
2006-03-27,19.25,19.34,19.09,19.2,4567800.0,19.2
2006-03-24,19.23,19.37,19.0,19.34,4286500.0,19.34
2006-03-23,19.35,19.43,19.21,19.26,3740400.0,19.26
2006-03-22,19.32,19.45,19.19,19.35,5597400.0,19.35
2006-03-21,19.28,19.38,19.22,19.3,5486600.0,19.3
2006-03-20,19.05,19.38,18.88,19.33,10444400.0,19.33
2006-03-17,18.59,18.59,18.42,18.48,4755300.0,18.48
2006-03-16,18.3,18.67,18.3,18.58,6005000.0,18.58
2006-03-15,18.47,18.48,18.31,18.41,4584900.0,18.41
2006-03-14,18.5,18.6,18.32,18.42,4214000.0,18.42
2006-03-13,18.21,18.57,18.15,18.47,10974300.0,18.47
2006-03-10,18.04,18.17,18.01,18.05,5763700.0,18.05
2006-03-09,18.07,18.28,17.97,18.0,6553100.0,18.0
2006-03-08,18.04,18.36,17.97,18.32,7384000.0,18.32
2006-03-07,18.02,18.15,17.88,18.04,6207100.0,18.04
2006-03-06,18.2,18.26,18.0,18.12,6359300.0,18.12
2006-03-03,18.11,18.38,18.04,18.29,7150800.0,18.29
2006-03-02,18.35,18.4,18.14,18.15,8229600.0,18.15
2006-03-01,18.5,18.52,18.29,18.36,10675000.0,18.36
2006-02-28,18.78,18.95,18.48,18.5,5903000.0,18.5
2006-02-27,18.91,19.14,18.85,18.95,4352900.0,18.95
2006-02-24,18.9,18.97,18.76,18.8,6604100.0,18.8
2006-02-23,18.85,19.02,18.59,18.97,5936700.0,18.97
2006-02-22,19.16,19.33,19.0,19.23,5508500.0,19.23
2006-02-21,19.17,19.17,18.92,19.16,5500700.0,19.16
2006-02-17,19.33,19.38,19.1,19.19,7160200.0,19.19
2006-02-16,18.9,19.83,18.82,19.33,8909700.0,19.33
2006-02-15,18.56,18.81,18.53,18.74,5631500.0,18.74
2006-02-14,18.37,18.61,18.32,18.59,12215000.0,18.59
2006-02-13,18.36,18.45,18.25,18.35,6751400.0,18.35
2006-02-10,18.5,18.63,18.22,18.4,6195200.0,18.4
2006-02-09,18.7,18.75,18.46,18.5,10760500.0,18.5
2006-02-08,18.37,18.68,18.32,18.67,5803900.0,18.67
2006-02-07,18.6,18.77,18.4,18.45,5712200.0,18.45
2006-02-06,18.73,18.8,18.58,18.6,6623200.0,18.6
2006-02-03,18.89,19.06,18.7,18.77,10309400.0,18.77
2006-02-02,19.15,19.38,18.95,18.98,7851100.0,18.98
2006-02-01,19.16,19.3,18.99,19.15,11074300.0,19.15
2006-01-31,19.65,19.65,19.11,19.15,10919200.0,19.15
2006-01-30,19.97,19.97,19.5,19.57,12693700.0,19.57
2006-01-27,19.71,20.28,19.45,20.08,12150300.0,20.08
2006-01-26,19.59,19.72,19.49,19.63,10756700.0,19.63
2006-01-25,19.57,19.99,19.52,19.59,8724000.0,19.59
2006-01-24,19.73,19.79,19.44,19.55,5373700.0,19.55
2006-01-23,19.87,20.0,19.65,19.71,7084800.0,19.71
2006-01-20,20.23,20.29,19.88,19.89,9526600.0,19.89
2006-01-19,20.05,20.27,19.96,20.23,9075900.0,20.23
2006-01-18,19.86,20.09,19.84,19.94,7951200.0,19.94
2006-01-17,20.07,20.11,19.81,19.85,7354400.0,19.85
2006-01-13,20.35,20.44,20.06,20.2,4255100.0,20.2
2006-01-12,20.33,20.41,20.08,20.33,7293600.0,20.33
2006-01-11,20.3,20.4,20.19,20.39,7179300.0,20.39
2006-01-10,20.58,20.63,20.28,20.35,5989000.0,20.35
2006-01-09,20.55,20.8,20.45,20.75,5208700.0,20.75
2006-01-06,20.75,20.8,20.45,20.56,11263300.0,20.56
2006-01-05,20.82,20.93,20.49,20.62,8427600.0,20.62
2006-01-04,20.95,21.15,20.73,20.93,6640000.0,20.93
2006-01-03,20.85,20.92,20.37,20.88,7841900.0,20.88
2005-12-30,20.95,21.07,20.68,20.85,3663300.0,20.85
2005-12-29,21.04,21.24,21.0,21.1,2612300.0,21.1
2005-12-28,20.96,21.26,20.96,21.09,3242600.0,21.09
2005-12-27,21.35,21.54,20.96,21.07,4252800.0,21.07
2005-12-23,20.97,21.39,20.85,21.29,3432400.0,21.29
2005-12-22,20.93,21.02,20.83,20.88,5383700.0,20.88
2005-12-21,20.57,21.03,20.57,20.91,4778000.0,20.91
2005-12-20,20.7,20.96,20.55,20.67,8149000.0,20.67
2005-12-19,20.43,20.9,19.71,20.74,16353000.0,20.74
2005-12-16,19.72,19.82,19.59,19.77,7524900.0,19.77
2005-12-15,19.87,20.04,19.5,19.61,9195300.0,19.61
2005-12-14,19.58,19.87,19.54,19.85,6837200.0,19.85
2005-12-13,19.3,19.67,19.27,19.64,6862200.0,19.64
2005-12-12,19.55,19.62,19.27,19.4,4159500.0,19.4
2005-12-09,19.22,19.56,19.15,19.46,5368400.0,19.46
2005-12-08,19.25,19.39,19.14,19.2,5811800.0,19.2
2005-12-07,19.14,19.31,19.11,19.2,4956400.0,19.2
2005-12-06,19.31,19.42,19.1,19.19,4466700.0,19.19
2005-12-05,19.05,19.25,18.99,19.18,3875000.0,19.18
2005-12-02,19.2,19.31,18.92,19.26,7233100.0,19.26
2005-12-01,19.37,19.5,18.86,19.05,9292300.0,19.05
2005-11-30,19.4,19.54,19.32,19.32,5585100.0,19.32
2005-11-29,19.45,19.53,19.26,19.33,5588000.0,19.33
2005-11-28,19.69,19.69,19.44,19.45,5591000.0,19.45
2005-11-25,19.74,19.74,19.46,19.56,1201400.0,19.56
2005-11-23,19.65,19.75,19.55,19.6,5008500.0,19.6
2005-11-22,19.52,19.74,19.48,19.71,6625900.0,19.71
2005-11-21,19.75,19.75,19.36,19.6,7359500.0,19.6
2005-11-18,19.55,19.76,19.46,19.7,14759200.0,19.7
2005-11-17,19.25,19.5,19.24,19.5,6040200.0,19.5
2005-11-16,19.4,19.48,19.18,19.3,3924000.0,19.3
2005-11-15,19.2,19.36,19.09,19.14,5808800.0,19.14
2005-11-14,19.73,19.73,19.14,19.26,11617100.0,19.26
2005-11-11,19.8,19.87,19.61,19.72,10252400.0,19.72
2005-11-10,19.67,19.8,19.5,19.74,8027900.0,19.74
2005-11-09,19.55,19.76,19.47,19.66,11045700.0,19.66
2005-11-08,19.76,19.96,19.46,19.55,5263900.0,19.55
2005-11-07,20.0,20.1,19.81,19.9,6615100.0,19.9
2005-11-04,19.98,20.1,19.9,20.03,4949000.0,20.03
2005-11-03,19.83,20.15,19.5,19.83,7693200.0,19.83
2005-11-02,19.75,19.88,19.66,19.81,8366000.0,19.81
2005-11-01,20.3,20.35,19.45,19.76,13091200.0,19.76
2005-10-31,20.6,20.73,20.15,20.34,6261300.0,20.34
2005-10-28,20.4,20.4,20.06,20.33,5518300.0,20.33
2005-10-27,20.75,20.89,20.15,20.17,4857600.0,20.17
2005-10-26,20.9,21.07,20.7,20.75,5283800.0,20.75
2005-10-25,21.27,21.28,20.69,20.9,4236100.0,20.9
2005-10-24,21.55,21.55,20.97,21.13,6242100.0,21.13
2005-10-21,21.52,21.79,20.88,21.11,7314400.0,21.11
2005-10-20,21.68,21.68,21.16,21.3,7160400.0,21.3
2005-10-19,21.46,21.79,21.0,21.76,6056500.0,21.76
2005-10-18,21.5,21.76,21.37,21.38,3807700.0,21.38
2005-10-17,21.59,21.63,21.16,21.46,3193000.0,21.46
2005-10-14,21.27,21.57,20.95,21.57,5663300.0,21.57
2005-10-13,20.62,21.28,20.61,21.14,6206600.0,21.14
2005-10-12,20.58,21.25,20.49,20.62,10793400.0,20.62
2005-10-11,20.28,20.31,19.79,19.84,5052400.0,19.84
2005-10-10,20.5,20.6,20.2,20.3,7044300.0,20.3
2005-10-07,20.73,20.77,20.46,20.48,3203400.0,20.48
2005-10-06,20.96,21.14,20.5,20.66,3809100.0,20.66
2005-10-05,21.45,21.6,20.95,20.96,4317400.0,20.96
2005-10-04,21.17,21.9,21.16,21.57,6238500.0,21.57
2005-10-03,21.01,21.14,20.85,21.13,4555100.0,21.13
2005-09-30,21.03,21.11,20.97,21.05,5821500.0,21.05
2005-09-29,21.01,21.15,20.79,21.15,4467500.0,21.15
2005-09-28,21.13,21.33,21.06,21.21,5988500.0,21.21
2005-09-27,20.78,21.07,20.74,20.97,7948200.0,20.97
2005-09-26,20.59,20.82,20.5,20.79,5593000.0,20.79
2005-09-23,20.51,20.6,20.25,20.25,5481100.0,20.25
2005-09-22,20.47,20.6,20.41,20.53,4878100.0,20.53
2005-09-21,20.7,20.74,20.46,20.47,5714800.0,20.47
2005-09-20,20.78,21.06,20.75,20.8,4486700.0,20.8
2005-09-19,20.99,21.09,20.69,20.89,3405400.0,20.89
2005-09-16,21.05,21.09,20.75,21.0,10148600.0,21.0
2005-09-15,21.35,21.37,20.93,20.94,6556600.0,20.94
2005-09-14,21.43,21.66,21.21,21.35,6232000.0,21.35
2005-09-13,21.85,21.88,21.41,21.51,6047400.0,21.51
2005-09-12,22.21,22.22,21.95,22.03,3943700.0,22.03
2005-09-09,22.3,22.51,22.25,22.28,5153900.0,22.28
2005-09-08,22.25,22.53,22.19,22.45,5325100.0,22.45
2005-09-07,22.08,22.47,22.03,22.38,5214300.0,22.38
2005-09-06,21.82,22.1,21.75,22.04,4696200.0,22.04
2005-09-02,21.61,21.83,21.52,21.64,3166500.0,21.64
2005-09-01,21.4,21.75,21.4,21.58,5561100.0,21.58
2005-08-31,20.95,21.42,20.84,21.41,5219000.0,21.41
2005-08-30,20.8,20.98,20.75,20.97,3719000.0,20.97
2005-08-29,20.67,21.0,20.53,20.89,4098400.0,20.89
2005-08-26,20.68,20.91,20.62,20.7,4737700.0,20.7
2005-08-25,20.64,20.82,20.58,20.75,3348000.0,20.75
2005-08-24,20.8,20.9,20.6,20.72,3773300.0,20.72
2005-08-23,20.95,21.07,20.79,20.85,4185600.0,20.85
2005-08-22,20.95,21.06,20.92,21.02,6690600.0,21.02
2005-08-19,21.08,21.17,20.83,20.89,6044900.0,20.89
2005-08-18,20.8,21.15,20.8,21.08,9731500.0,21.08
2005-08-17,21.41,21.52,21.18,21.21,8698200.0,21.21
2005-08-16,21.7,21.71,21.5,21.52,5925700.0,21.52
2005-08-15,21.67,21.85,21.56,21.74,3956200.0,21.74
2005-08-12,21.74,21.85,21.6,21.76,3321600.0,21.76
2005-08-11,21.74,21.86,21.6,21.76,11945700.0,21.76
2005-08-10,21.84,22.02,21.72,21.79,8098500.0,21.79
2005-08-09,21.22,21.71,21.14,21.68,6730200.0,21.68
2005-08-08,21.09,21.22,21.05,21.14,3739200.0,21.14
2005-08-05,21.05,21.16,21.01,21.12,3740400.0,21.12
2005-08-04,21.39,21.4,21.12,21.21,4118000.0,21.21
2005-08-03,21.13,21.44,21.09,21.42,6558500.0,21.42
2005-08-02,21.04,21.23,20.8,21.2,7325100.0,21.2
2005-08-01,20.95,21.0,20.83,20.96,4318700.0,20.96
2005-07-29,20.9,21.1,20.75,20.82,4078900.0,20.82
2005-07-28,20.95,21.06,20.84,21.01,4331300.0,21.01
2005-07-27,20.83,20.99,20.75,20.9,5827700.0,20.9
2005-07-26,20.68,20.89,20.66,20.75,5863800.0,20.75
2005-07-25,20.56,20.75,20.5,20.73,6663300.0,20.73
2005-07-22,20.35,20.54,20.26,20.54,11159100.0,20.54
2005-07-21,20.5,20.5,19.9,20.11,12590700.0,20.11
2005-07-20,19.81,20.24,19.8,20.2,7981200.0,20.2
2005-07-19,20.1,20.17,19.95,19.98,7854900.0,19.98
2005-07-18,19.97,20.12,19.92,20.05,3682400.0,20.05
2005-07-15,20.18,20.18,19.89,19.97,5820700.0,19.97
2005-07-14,19.69,20.15,19.63,20.1,11308100.0,20.1
2005-07-13,19.36,19.53,19.25,19.49,3399100.0,19.49
2005-07-12,19.4,19.48,19.25,19.45,5825000.0,19.45
2005-07-11,19.3,19.42,19.15,19.27,7110500.0,19.27
2005-07-08,18.52,19.0,18.52,18.97,4570500.0,18.97
2005-07-07,18.5,18.99,18.28,18.48,5374800.0,18.48
2005-07-06,18.98,18.99,18.75,18.76,4048400.0,18.76
2005-07-05,18.92,19.03,18.74,19.0,8102200.0,19.0
2005-07-01,19.14,19.26,18.85,18.92,5170700.0,18.92
2005-06-30,19.56,19.63,19.0,19.06,8903800.0,19.06
2005-06-29,19.55,19.66,19.28,19.62,5357700.0,19.62
2005-06-28,19.69,19.81,19.41,19.51,7489400.0,19.51
2005-06-27,19.8,19.84,19.6,19.64,4157400.0,19.64
2005-06-24,19.99,20.21,19.89,19.9,5946600.0,19.9
2005-06-23,20.18,20.51,20.13,20.35,8463200.0,20.35
2005-06-22,20.1,20.14,19.9,20.13,4217900.0,20.13
2005-06-21,20.05,20.16,19.85,20.03,4607900.0,20.03
2005-06-20,19.3,20.17,19.27,20.16,6678200.0,20.16
2005-06-17,19.58,19.6,19.36,19.38,5400400.0,19.38
2005-06-16,19.54,19.59,19.36,19.45,3824900.0,19.45
2005-06-15,19.32,19.45,19.18,19.42,4095400.0,19.42
2005-06-14,19.27,19.44,19.22,19.28,5823100.0,19.28
2005-06-13,19.45,19.54,19.25,19.33,5697200.0,19.33
2005-06-10,19.56,19.73,19.41,19.44,4119100.0,19.44
2005-06-09,19.32,19.69,19.19,19.61,6750500.0,19.61
2005-06-08,19.43,19.44,19.21,19.26,3317100.0,19.26
2005-06-07,19.46,19.61,19.4,19.44,3544900.0,19.44
2005-06-06,19.7,19.7,19.36,19.4,5001400.0,19.4
2005-06-03,19.59,19.72,19.47,19.55,3954000.0,19.55
2005-06-02,19.65,19.75,19.45,19.7,6337800.0,19.7
2005-06-01,19.5,19.6,19.36,19.46,5532800.0,19.46
2005-05-31,19.63,19.67,19.4,19.5,6097200.0,19.5
2005-05-27,19.72,19.79,19.62,19.67,5112900.0,19.67
2005-05-26,19.88,19.88,19.71,19.78,6502700.0,19.78
2005-05-25,20.05,20.06,19.61,19.74,7503500.0,19.74
2005-05-24,19.98,20.23,19.91,20.0,4593900.0,20.0
2005-05-23,20.06,20.27,19.83,19.85,5967200.0,19.85
2005-05-20,20.0,20.05,19.86,20.0,5246100.0,20.0
2005-05-19,20.25,20.25,19.85,20.0,5316600.0,20.0
2005-05-18,20.29,20.35,20.16,20.2,3827700.0,20.2
2005-05-17,20.36,20.38,20.09,20.25,4634400.0,20.25
2005-05-16,20.34,20.44,20.26,20.35,2035600.0,20.35
2005-05-13,20.44,20.44,20.09,20.25,3808700.0,20.25
2005-05-12,20.46,20.52,20.29,20.37,4525100.0,20.37
2005-05-11,20.33,20.45,20.01,20.39,4344600.0,20.39
2005-05-10,20.34,20.48,20.2,20.29,3727300.0,20.29
2005-05-09,20.55,20.6,20.41,20.48,4223500.0,20.48
2005-05-06,21.05,21.05,20.58,20.62,5091700.0,20.62
2005-05-05,20.89,20.92,20.51,20.8,3736900.0,20.8
2005-05-04,20.89,20.95,20.65,20.85,4428000.0,20.85
2005-05-03,20.94,21.0,20.65,20.8,3748100.0,20.8
2005-05-02,20.88,20.98,20.66,20.94,4582300.0,20.94
2005-04-29,20.47,20.99,20.29,20.87,3241100.0,20.87
2005-04-28,20.25,20.74,20.19,20.47,2926400.0,20.47
2005-04-27,20.59,20.66,20.4,20.55,2851700.0,20.55
2005-04-26,20.8,20.83,20.47,20.59,3443000.0,20.59
2005-04-25,20.77,20.87,20.61,20.7,6031900.0,20.7
2005-04-22,20.6,20.8,20.54,20.75,5618900.0,20.75
2005-04-21,21.06,21.26,20.52,20.7,10691300.0,20.7
2005-04-20,20.23,20.28,19.92,19.95,4322300.0,19.95
2005-04-19,20.24,20.33,20.11,20.23,3321000.0,20.23
2005-04-18,20.65,20.7,20.05,20.18,6922700.0,20.18
2005-04-15,20.57,21.13,20.43,20.65,12503100.0,20.65
2005-04-14,20.16,20.72,20.15,20.57,18166300.0,20.57
2005-04-13,19.42,19.95,19.37,19.9,8850400.0,19.9
2005-04-12,19.58,19.58,19.0,19.3,6696400.0,19.3
2005-04-11,19.38,19.66,19.33,19.52,5277900.0,19.52
2005-04-08,19.4,19.48,19.24,19.33,5394300.0,19.33
2005-04-07,18.94,19.35,18.75,19.34,8218000.0,19.34
2005-04-06,18.58,18.98,18.51,18.95,9737000.0,18.95
2005-04-05,18.12,18.65,18.11,18.5,7908600.0,18.5
2005-04-04,17.96,18.08,17.8,17.98,5816900.0,17.98
2005-04-01,18.15,18.31,17.83,17.89,5116200.0,17.89
2005-03-31,18.25,18.28,18.05,18.15,5226100.0,18.15
2005-03-30,17.95,18.2,17.91,18.02,4920200.0,18.02
2005-03-29,17.96,18.15,17.82,17.95,6731800.0,17.95
2005-03-28,17.95,18.21,17.95,18.12,5130700.0,18.12
2005-03-24,18.28,18.32,18.0,18.02,3458400.0,18.02
2005-03-23,18.02,18.46,17.9,18.32,4295500.0,18.32
2005-03-22,17.74,18.27,17.69,17.94,5172500.0,17.94
2005-03-21,17.83,17.88,17.67,17.68,4970500.0,17.68
2005-03-18,18.19,18.3,17.77,17.8,7973500.0,17.8
2005-03-17,18.05,18.25,17.99,18.18,3451000.0,18.18
2005-03-16,18.18,18.25,17.99,18.07,4164000.0,18.07
2005-03-15,18.67,18.79,18.27,18.3,5364900.0,18.3
2005-03-14,18.58,18.59,18.28,18.56,5995300.0,18.56
2005-03-11,18.8,18.89,18.36,18.45,4859900.0,18.45
2005-03-10,18.71,18.86,18.65,18.74,4099200.0,18.74
2005-03-09,18.8,18.81,18.48,18.6,4251500.0,18.6
2005-03-08,18.76,19.05,18.73,18.76,4131800.0,18.76
2005-03-07,18.65,18.81,18.49,18.75,3514800.0,18.75
2005-03-04,18.94,19.0,18.39,18.57,8300100.0,18.57
2005-03-03,19.3,19.34,18.73,18.8,6752100.0,18.8
2005-03-02,19.3,19.6,19.17,19.34,4973100.0,19.34
2005-03-01,19.0,19.45,18.92,19.3,4839400.0,19.3
2005-02-28,19.08,19.15,18.85,18.95,6108500.0,18.95
2005-02-25,19.15,19.31,18.94,19.14,5317500.0,19.14
2005-02-24,19.45,19.48,19.12,19.3,5363000.0,19.3
2005-02-23,19.88,19.88,18.93,19.22,3040400.0,19.22
2005-02-22,19.28,19.52,18.8,18.9,5060400.0,18.9
2005-02-18,19.07,19.32,18.96,19.28,4726300.0,19.28
2005-02-17,19.1,19.13,18.93,19.07,3866200.0,19.07
2005-02-16,19.25,19.31,19.03,19.05,4660600.0,19.05
2005-02-15,19.32,19.43,19.08,19.25,4278100.0,19.25
2005-02-14,19.42,19.49,19.12,19.43,3124400.0,19.43
2005-02-11,18.99,19.47,18.77,19.41,3855100.0,19.41
2005-02-10,18.78,19.02,18.69,18.99,4460500.0,18.99
2005-02-09,19.2,19.41,18.66,18.66,5316100.0,18.66
2005-02-08,19.35,19.44,19.12,19.25,3199000.0,19.25
2005-02-07,19.15,19.54,19.12,19.41,3972500.0,19.41
2005-02-04,18.95,19.18,18.83,19.07,3183000.0,19.07
2005-02-03,19.0,19.07,18.83,19.0,3223500.0,19.0
2005-02-02,18.95,19.1,18.75,18.97,4093600.0,18.97
2005-02-01,18.58,19.13,18.51,18.99,9322700.0,18.99
2005-01-31,18.87,18.98,18.52,18.56,7325300.0,18.56
2005-01-28,19.0,19.23,18.69,18.87,6999000.0,18.87
2005-01-27,19.1,19.3,18.85,19.0,14852600.0,19.0
2005-01-26,20.5,20.5,19.7,19.77,9713100.0,19.77
2005-01-25,20.05,20.41,20.0,20.31,5932700.0,20.31
2005-01-24,19.95,20.42,19.82,20.03,6068600.0,20.03
2005-01-21,20.06,20.21,19.92,19.99,5376100.0,19.99
2005-01-20,20.05,20.34,19.98,20.06,4844300.0,20.06
2005-01-19,20.28,20.36,19.97,19.97,4391100.0,19.97
2005-01-18,20.1,20.48,20.04,20.33,5620500.0,20.33
2005-01-14,20.35,20.53,19.92,20.3,12583300.0,20.3
2005-01-13,20.8,21.03,20.57,20.65,10157700.0,20.65
2005-01-12,21.5,21.59,21.29,21.41,4785400.0,21.41
2005-01-11,21.45,21.58,21.17,21.31,7138800.0,21.31
2005-01-10,21.3,21.39,21.08,21.25,6295500.0,21.25
2005-01-07,20.79,21.35,20.7,21.21,8810800.0,21.21
2005-01-06,20.4,20.83,20.4,20.79,5460600.0,20.79
2005-01-05,20.55,20.58,20.19,20.36,6998300.0,20.36
2005-01-04,21.0,21.04,20.29,20.48,5550600.0,20.48
2005-01-03,21.0,21.08,20.87,21.05,5677400.0,21.05
