Date,Open,High,Low,Close,Volume,Adj Close 
2011-11-23,nan,nan,nan,nan,nan,nan
2011-11-22,nan,nan,nan,nan,nan,nan
2011-11-21,nan,nan,nan,nan,nan,nan
2011-11-18,nan,nan,nan,nan,nan,nan
2011-11-17,nan,nan,nan,nan,nan,nan
2011-11-16,nan,nan,nan,nan,nan,nan
2011-11-15,nan,nan,nan,nan,nan,nan
2011-11-14,nan,nan,nan,nan,nan,nan
2011-11-11,nan,nan,nan,nan,nan,nan
2011-11-10,nan,nan,nan,nan,nan,nan
2011-11-09,nan,nan,nan,nan,nan,nan
2011-11-08,nan,nan,nan,nan,nan,nan
2011-11-07,nan,nan,nan,nan,nan,nan
2011-11-04,nan,nan,nan,nan,nan,nan
2011-11-03,nan,nan,nan,nan,nan,nan
2011-11-02,nan,nan,nan,nan,nan,nan
2011-11-01,nan,nan,nan,nan,nan,nan
2011-10-31,nan,nan,nan,nan,nan,nan
2011-10-28,nan,nan,nan,nan,nan,nan
2011-10-27,nan,nan,nan,nan,nan,nan
2011-10-26,nan,nan,nan,nan,nan,nan
2011-10-25,nan,nan,nan,nan,nan,nan
2011-10-24,nan,nan,nan,nan,nan,nan
2011-10-21,nan,nan,nan,nan,nan,nan
2011-10-20,nan,nan,nan,nan,nan,nan
2011-10-19,nan,nan,nan,nan,nan,nan
2011-10-18,nan,nan,nan,nan,nan,nan
2011-10-17,nan,nan,nan,nan,nan,nan
2011-10-14,nan,nan,nan,nan,nan,nan
2011-10-13,nan,nan,nan,nan,nan,nan
2011-10-12,nan,nan,nan,nan,nan,nan
2011-10-11,nan,nan,nan,nan,nan,nan
2011-10-10,nan,nan,nan,nan,nan,nan
2011-10-07,nan,nan,nan,nan,nan,nan
2011-10-06,nan,nan,nan,nan,nan,nan
2011-10-05,nan,nan,nan,nan,nan,nan
2011-10-04,nan,nan,nan,nan,nan,nan
2011-10-03,nan,nan,nan,nan,nan,nan
2011-09-30,nan,nan,nan,nan,nan,nan
2011-09-29,nan,nan,nan,nan,nan,nan
2011-09-28,nan,nan,nan,nan,nan,nan
2011-09-27,nan,nan,nan,nan,nan,nan
2011-09-26,nan,nan,nan,nan,nan,nan
2011-09-23,nan,nan,nan,nan,nan,nan
2011-09-22,nan,nan,nan,nan,nan,nan
2011-09-21,nan,nan,nan,nan,nan,nan
2011-09-20,nan,nan,nan,nan,nan,nan
2011-09-19,nan,nan,nan,nan,nan,nan
2011-09-16,nan,nan,nan,nan,nan,nan
2011-09-15,nan,nan,nan,nan,nan,nan
2011-09-14,nan,nan,nan,nan,nan,nan
2011-09-13,nan,nan,nan,nan,nan,nan
2011-09-12,nan,nan,nan,nan,nan,nan
2011-09-09,nan,nan,nan,nan,nan,nan
2011-09-08,nan,nan,nan,nan,nan,nan
2011-09-07,nan,nan,nan,nan,nan,nan
2011-09-06,nan,nan,nan,nan,nan,nan
2011-09-02,nan,nan,nan,nan,nan,nan
2011-09-01,nan,nan,nan,nan,nan,nan
2011-08-31,nan,nan,nan,nan,nan,nan
2011-08-30,nan,nan,nan,nan,nan,nan
2011-08-29,nan,nan,nan,nan,nan,nan
2011-08-26,nan,nan,nan,nan,nan,nan
2011-08-25,nan,nan,nan,nan,nan,nan
2011-08-24,nan,nan,nan,nan,nan,nan
2011-08-23,nan,nan,nan,nan,nan,nan
2011-08-22,nan,nan,nan,nan,nan,nan
2011-08-19,nan,nan,nan,nan,nan,nan
2011-08-18,nan,nan,nan,nan,nan,nan
2011-08-17,nan,nan,nan,nan,nan,nan
2011-08-16,nan,nan,nan,nan,nan,nan
2011-08-15,nan,nan,nan,nan,nan,nan
2011-08-12,nan,nan,nan,nan,nan,nan
2011-08-11,nan,nan,nan,nan,nan,nan
2011-08-10,nan,nan,nan,nan,nan,nan
2011-08-09,nan,nan,nan,nan,nan,nan
2011-08-08,nan,nan,nan,nan,nan,nan
2011-08-05,nan,nan,nan,nan,nan,nan
2011-08-04,nan,nan,nan,nan,nan,nan
2011-08-03,nan,nan,nan,nan,nan,nan
2011-08-02,nan,nan,nan,nan,nan,nan
2011-08-01,nan,nan,nan,nan,nan,nan
2011-07-29,nan,nan,nan,nan,nan,nan
2011-07-28,nan,nan,nan,nan,nan,nan
2011-07-27,nan,nan,nan,nan,nan,nan
2011-07-26,nan,nan,nan,nan,nan,nan
2011-07-25,nan,nan,nan,nan,nan,nan
2011-07-22,nan,nan,nan,nan,nan,nan
2011-07-21,nan,nan,nan,nan,nan,nan
2011-07-20,nan,nan,nan,nan,nan,nan
2011-07-19,nan,nan,nan,nan,nan,nan
2011-07-18,nan,nan,nan,nan,nan,nan
2011-07-15,nan,nan,nan,nan,nan,nan
2011-07-14,nan,nan,nan,nan,nan,nan
2011-07-13,nan,nan,nan,nan,nan,nan
2011-07-12,nan,nan,nan,nan,nan,nan
2011-07-11,nan,nan,nan,nan,nan,nan
2011-07-08,nan,nan,nan,nan,nan,nan
2011-07-07,nan,nan,nan,nan,nan,nan
2011-07-06,nan,nan,nan,nan,nan,nan
2011-07-05,nan,nan,nan,nan,nan,nan
2011-07-01,nan,nan,nan,nan,nan,nan
2011-06-30,nan,nan,nan,nan,nan,nan
2011-06-29,nan,nan,nan,nan,nan,nan
2011-06-28,nan,nan,nan,nan,nan,nan
2011-06-27,nan,nan,nan,nan,nan,nan
2011-06-24,nan,nan,nan,nan,nan,nan
2011-06-23,nan,nan,nan,nan,nan,nan
2011-06-22,nan,nan,nan,nan,nan,nan
2011-06-21,nan,nan,nan,nan,nan,nan
2011-06-20,nan,nan,nan,nan,nan,nan
2011-06-17,nan,nan,nan,nan,nan,nan
2011-06-16,nan,nan,nan,nan,nan,nan
2011-06-15,nan,nan,nan,nan,nan,nan
2011-06-14,nan,nan,nan,nan,nan,nan
2011-06-13,nan,nan,nan,nan,nan,nan
2011-06-10,nan,nan,nan,nan,nan,nan
2011-06-09,nan,nan,nan,nan,nan,nan
2011-06-08,nan,nan,nan,nan,nan,nan
2011-06-07,nan,nan,nan,nan,nan,nan
2011-06-06,nan,nan,nan,nan,nan,nan
2011-06-03,nan,nan,nan,nan,nan,nan
2011-06-02,nan,nan,nan,nan,nan,nan
2011-06-01,nan,nan,nan,nan,nan,nan
2011-05-31,nan,nan,nan,nan,nan,nan
2011-05-27,nan,nan,nan,nan,nan,nan
2011-05-26,nan,nan,nan,nan,nan,nan
2011-05-25,nan,nan,nan,nan,nan,nan
2011-05-24,nan,nan,nan,nan,nan,nan
2011-05-23,nan,nan,nan,nan,nan,nan
2011-05-20,nan,nan,nan,nan,nan,nan
2011-05-19,nan,nan,nan,nan,nan,nan
2011-05-18,nan,nan,nan,nan,nan,nan
2011-05-17,nan,nan,nan,nan,nan,nan
2011-05-16,nan,nan,nan,nan,nan,nan
2011-05-13,nan,nan,nan,nan,nan,nan
2011-05-12,nan,nan,nan,nan,nan,nan
2011-05-11,nan,nan,nan,nan,nan,nan
2011-05-10,nan,nan,nan,nan,nan,nan
2011-05-09,nan,nan,nan,nan,nan,nan
2011-05-06,nan,nan,nan,nan,nan,nan
2011-05-05,nan,nan,nan,nan,nan,nan
2011-05-04,nan,nan,nan,nan,nan,nan
2011-05-03,nan,nan,nan,nan,nan,nan
2011-05-02,nan,nan,nan,nan,nan,nan
2011-04-29,nan,nan,nan,nan,nan,nan
2011-04-28,nan,nan,nan,nan,nan,nan
2011-04-27,nan,nan,nan,nan,nan,nan
2011-04-26,nan,nan,nan,nan,nan,nan
2011-04-25,nan,nan,nan,nan,nan,nan
2011-04-21,nan,nan,nan,nan,nan,nan
2011-04-20,nan,nan,nan,nan,nan,nan
2011-04-19,nan,nan,nan,nan,nan,nan
2011-04-18,nan,nan,nan,nan,nan,nan
2011-04-15,nan,nan,nan,nan,nan,nan
2011-04-14,nan,nan,nan,nan,nan,nan
2011-04-13,nan,nan,nan,nan,nan,nan
2011-04-12,nan,nan,nan,nan,nan,nan
2011-04-11,nan,nan,nan,nan,nan,nan
2011-04-08,nan,nan,nan,nan,nan,nan
2011-04-07,nan,nan,nan,nan,nan,nan
2011-04-06,nan,nan,nan,nan,nan,nan
2011-04-05,nan,nan,nan,nan,nan,nan
2011-04-04,nan,nan,nan,nan,nan,nan
2011-04-01,nan,nan,nan,nan,nan,nan
2011-03-31,nan,nan,nan,nan,nan,nan
2011-03-30,nan,nan,nan,nan,nan,nan
2011-03-29,nan,nan,nan,nan,nan,nan
2011-03-28,nan,nan,nan,nan,nan,nan
2011-03-25,nan,nan,nan,nan,nan,nan
2011-03-24,nan,nan,nan,nan,nan,nan
2011-03-23,nan,nan,nan,nan,nan,nan
2011-03-22,nan,nan,nan,nan,nan,nan
2011-03-21,nan,nan,nan,nan,nan,nan
2011-03-18,nan,nan,nan,nan,nan,nan
2011-03-17,nan,nan,nan,nan,nan,nan
2011-03-16,nan,nan,nan,nan,nan,nan
2011-03-15,nan,nan,nan,nan,nan,nan
2011-03-14,nan,nan,nan,nan,nan,nan
2011-03-11,nan,nan,nan,nan,nan,nan
2011-03-10,nan,nan,nan,nan,nan,nan
2011-03-09,nan,nan,nan,nan,nan,nan
2011-03-08,nan,nan,nan,nan,nan,nan
2011-03-07,nan,nan,nan,nan,nan,nan
2011-03-04,nan,nan,nan,nan,nan,nan
2011-03-03,nan,nan,nan,nan,nan,nan
2011-03-02,nan,nan,nan,nan,nan,nan
2011-03-01,nan,nan,nan,nan,nan,nan
2011-02-28,nan,nan,nan,nan,nan,nan
2011-02-25,nan,nan,nan,nan,nan,nan
2011-02-24,nan,nan,nan,nan,nan,nan
2011-02-23,nan,nan,nan,nan,nan,nan
2011-02-22,nan,nan,nan,nan,nan,nan
2011-02-18,nan,nan,nan,nan,nan,nan
2011-02-17,nan,nan,nan,nan,nan,nan
2011-02-16,nan,nan,nan,nan,nan,nan
2011-02-15,nan,nan,nan,nan,nan,nan
2011-02-14,nan,nan,nan,nan,nan,nan
2011-02-11,nan,nan,nan,nan,nan,nan
2011-02-10,nan,nan,nan,nan,nan,nan
2011-02-09,nan,nan,nan,nan,nan,nan
2011-02-08,nan,nan,nan,nan,nan,nan
2011-02-07,nan,nan,nan,nan,nan,nan
2011-02-04,nan,nan,nan,nan,nan,nan
2011-02-03,nan,nan,nan,nan,nan,nan
2011-02-02,nan,nan,nan,nan,nan,nan
2011-02-01,nan,nan,nan,nan,nan,nan
2011-01-31,nan,nan,nan,nan,nan,nan
2011-01-28,nan,nan,nan,nan,nan,nan
2011-01-27,nan,nan,nan,nan,nan,nan
2011-01-26,nan,nan,nan,nan,nan,nan
2011-01-25,nan,nan,nan,nan,nan,nan
2011-01-24,nan,nan,nan,nan,nan,nan
2011-01-21,nan,nan,nan,nan,nan,nan
2011-01-20,nan,nan,nan,nan,nan,nan
2011-01-19,nan,nan,nan,nan,nan,nan
2011-01-18,nan,nan,nan,nan,nan,nan
2011-01-14,nan,nan,nan,nan,nan,nan
2011-01-13,nan,nan,nan,nan,nan,nan
2011-01-12,nan,nan,nan,nan,nan,nan
2011-01-11,nan,nan,nan,nan,nan,nan
2011-01-10,nan,nan,nan,nan,nan,nan
2011-01-07,nan,nan,nan,nan,nan,nan
2011-01-06,nan,nan,nan,nan,nan,nan
2011-01-05,nan,nan,nan,nan,nan,nan
2011-01-04,nan,nan,nan,nan,nan,nan
2011-01-03,nan,nan,nan,nan,nan,nan
2010-12-31,nan,nan,nan,nan,nan,nan
2010-12-30,nan,nan,nan,nan,nan,nan
2010-12-29,nan,nan,nan,nan,nan,nan
2010-12-28,nan,nan,nan,nan,nan,nan
2010-12-27,nan,nan,nan,nan,nan,nan
2010-12-23,nan,nan,nan,nan,nan,nan
2010-12-22,nan,nan,nan,nan,nan,nan
2010-12-21,nan,nan,nan,nan,nan,nan
2010-12-20,nan,nan,nan,nan,nan,nan
2010-12-17,nan,nan,nan,nan,nan,nan
2010-12-16,nan,nan,nan,nan,nan,nan
2010-12-15,nan,nan,nan,nan,nan,nan
2010-12-14,nan,nan,nan,nan,nan,nan
2010-12-13,nan,nan,nan,nan,nan,nan
2010-12-10,nan,nan,nan,nan,nan,nan
2010-12-09,nan,nan,nan,nan,nan,nan
2010-12-08,nan,nan,nan,nan,nan,nan
2010-12-07,nan,nan,nan,nan,nan,nan
2010-12-06,nan,nan,nan,nan,nan,nan
2010-12-03,nan,nan,nan,nan,nan,nan
2010-12-02,nan,nan,nan,nan,nan,nan
2010-12-01,nan,nan,nan,nan,nan,nan
2010-11-30,nan,nan,nan,nan,nan,nan
2010-11-29,nan,nan,nan,nan,nan,nan
2010-11-26,nan,nan,nan,nan,nan,nan
2010-11-24,nan,nan,nan,nan,nan,nan
2010-11-23,nan,nan,nan,nan,nan,nan
2010-11-22,nan,nan,nan,nan,nan,nan
2010-11-19,nan,nan,nan,nan,nan,nan
2010-11-18,nan,nan,nan,nan,nan,nan
2010-11-17,nan,nan,nan,nan,nan,nan
2010-11-16,nan,nan,nan,nan,nan,nan
2010-11-15,nan,nan,nan,nan,nan,nan
2010-11-12,nan,nan,nan,nan,nan,nan
2010-11-11,nan,nan,nan,nan,nan,nan
2010-11-10,nan,nan,nan,nan,nan,nan
2010-11-09,nan,nan,nan,nan,nan,nan
2010-11-08,nan,nan,nan,nan,nan,nan
2010-11-05,nan,nan,nan,nan,nan,nan
2010-11-04,nan,nan,nan,nan,nan,nan
2010-11-03,nan,nan,nan,nan,nan,nan
2010-11-02,nan,nan,nan,nan,nan,nan
2010-11-01,nan,nan,nan,nan,nan,nan
2010-10-29,nan,nan,nan,nan,nan,nan
2010-10-28,nan,nan,nan,nan,nan,nan
2010-10-27,nan,nan,nan,nan,nan,nan
2010-10-26,nan,nan,nan,nan,nan,nan
2010-10-25,nan,nan,nan,nan,nan,nan
2010-10-22,nan,nan,nan,nan,nan,nan
2010-10-21,nan,nan,nan,nan,nan,nan
2010-10-20,nan,nan,nan,nan,nan,nan
2010-10-19,nan,nan,nan,nan,nan,nan
2010-10-18,nan,nan,nan,nan,nan,nan
2010-10-15,nan,nan,nan,nan,nan,nan
2010-10-14,nan,nan,nan,nan,nan,nan
2010-10-13,nan,nan,nan,nan,nan,nan
2010-10-12,nan,nan,nan,nan,nan,nan
2010-10-11,nan,nan,nan,nan,nan,nan
2010-10-08,nan,nan,nan,nan,nan,nan
2010-10-07,nan,nan,nan,nan,nan,nan
2010-10-06,nan,nan,nan,nan,nan,nan
2010-10-05,nan,nan,nan,nan,nan,nan
2010-10-04,nan,nan,nan,nan,nan,nan
2010-10-01,nan,nan,nan,nan,nan,nan
2010-09-30,nan,nan,nan,nan,nan,nan
2010-09-29,nan,nan,nan,nan,nan,nan
2010-09-28,nan,nan,nan,nan,nan,nan
2010-09-27,nan,nan,nan,nan,nan,nan
2010-09-24,nan,nan,nan,nan,nan,nan
2010-09-23,nan,nan,nan,nan,nan,nan
2010-09-22,nan,nan,nan,nan,nan,nan
2010-09-21,nan,nan,nan,nan,nan,nan
2010-09-20,nan,nan,nan,nan,nan,nan
2010-09-17,nan,nan,nan,nan,nan,nan
2010-09-16,nan,nan,nan,nan,nan,nan
2010-09-15,nan,nan,nan,nan,nan,nan
2010-09-14,nan,nan,nan,nan,nan,nan
2010-09-13,nan,nan,nan,nan,nan,nan
2010-09-10,nan,nan,nan,nan,nan,nan
2010-09-09,nan,nan,nan,nan,nan,nan
2010-09-08,nan,nan,nan,nan,nan,nan
2010-09-07,nan,nan,nan,nan,nan,nan
2010-09-03,nan,nan,nan,nan,nan,nan
2010-09-02,nan,nan,nan,nan,nan,nan
2010-09-01,nan,nan,nan,nan,nan,nan
2010-08-31,nan,nan,nan,nan,nan,nan
2010-08-30,nan,nan,nan,nan,nan,nan
2010-08-27,nan,nan,nan,nan,nan,nan
2010-08-26,nan,nan,nan,nan,nan,nan
2010-08-25,nan,nan,nan,nan,nan,nan
2010-08-24,nan,nan,nan,nan,nan,nan
2010-08-23,nan,nan,nan,nan,nan,nan
2010-08-20,nan,nan,nan,nan,nan,nan
2010-08-19,nan,nan,nan,nan,nan,nan
2010-08-18,nan,nan,nan,nan,nan,nan
2010-08-17,nan,nan,nan,nan,nan,nan
2010-08-16,nan,nan,nan,nan,nan,nan
2010-08-13,nan,nan,nan,nan,nan,nan
2010-08-12,nan,nan,nan,nan,nan,nan
2010-08-11,nan,nan,nan,nan,nan,nan
2010-08-10,nan,nan,nan,nan,nan,nan
2010-08-09,nan,nan,nan,nan,nan,nan
2010-08-06,nan,nan,nan,nan,nan,nan
2010-08-05,nan,nan,nan,nan,nan,nan
2010-08-04,nan,nan,nan,nan,nan,nan
2010-08-03,nan,nan,nan,nan,nan,nan
2010-08-02,nan,nan,nan,nan,nan,nan
2010-07-30,nan,nan,nan,nan,nan,nan
2010-07-29,nan,nan,nan,nan,nan,nan
2010-07-28,nan,nan,nan,nan,nan,nan
2010-07-27,nan,nan,nan,nan,nan,nan
2010-07-26,nan,nan,nan,nan,nan,nan
2010-07-23,nan,nan,nan,nan,nan,nan
2010-07-22,nan,nan,nan,nan,nan,nan
2010-07-21,nan,nan,nan,nan,nan,nan
2010-07-20,nan,nan,nan,nan,nan,nan
2010-07-19,nan,nan,nan,nan,nan,nan
2010-07-16,nan,nan,nan,nan,nan,nan
2010-07-15,nan,nan,nan,nan,nan,nan
2010-07-14,nan,nan,nan,nan,nan,nan
2010-07-13,nan,nan,nan,nan,nan,nan
2010-07-12,nan,nan,nan,nan,nan,nan
2010-07-09,nan,nan,nan,nan,nan,nan
2010-07-08,nan,nan,nan,nan,nan,nan
2010-07-07,nan,nan,nan,nan,nan,nan
2010-07-06,nan,nan,nan,nan,nan,nan
2010-07-02,nan,nan,nan,nan,nan,nan
2010-07-01,nan,nan,nan,nan,nan,nan
2010-06-30,nan,nan,nan,nan,nan,nan
2010-06-29,nan,nan,nan,nan,nan,nan
2010-06-28,nan,nan,nan,nan,nan,nan
2010-06-25,nan,nan,nan,nan,nan,nan
2010-06-24,nan,nan,nan,nan,nan,nan
2010-06-23,nan,nan,nan,nan,nan,nan
2010-06-22,nan,nan,nan,nan,nan,nan
2010-06-21,nan,nan,nan,nan,nan,nan
2010-06-18,nan,nan,nan,nan,nan,nan
2010-06-17,nan,nan,nan,nan,nan,nan
2010-06-16,nan,nan,nan,nan,nan,nan
2010-06-15,nan,nan,nan,nan,nan,nan
2010-06-14,nan,nan,nan,nan,nan,nan
2010-06-11,nan,nan,nan,nan,nan,nan
2010-06-10,nan,nan,nan,nan,nan,nan
2010-06-09,nan,nan,nan,nan,nan,nan
2010-06-08,nan,nan,nan,nan,nan,nan
2010-06-07,nan,nan,nan,nan,nan,nan
2010-06-04,nan,nan,nan,nan,nan,nan
2010-06-03,nan,nan,nan,nan,nan,nan
2010-06-02,nan,nan,nan,nan,nan,nan
2010-06-01,nan,nan,nan,nan,nan,nan
2010-05-28,nan,nan,nan,nan,nan,nan
2010-05-27,nan,nan,nan,nan,nan,nan
2010-05-26,nan,nan,nan,nan,nan,nan
2010-05-25,nan,nan,nan,nan,nan,nan
2010-05-24,nan,nan,nan,nan,nan,nan
2010-05-21,nan,nan,nan,nan,nan,nan
2010-05-20,nan,nan,nan,nan,nan,nan
2010-05-19,nan,nan,nan,nan,nan,nan
2010-05-18,nan,nan,nan,nan,nan,nan
2010-05-17,nan,nan,nan,nan,nan,nan
2010-05-14,nan,nan,nan,nan,nan,nan
2010-05-13,nan,nan,nan,nan,nan,nan
2010-05-12,nan,nan,nan,nan,nan,nan
2010-05-11,nan,nan,nan,nan,nan,nan
2010-05-10,nan,nan,nan,nan,nan,nan
2010-05-07,nan,nan,nan,nan,nan,nan
2010-05-06,nan,nan,nan,nan,nan,nan
2010-05-05,nan,nan,nan,nan,nan,nan
2010-05-04,nan,nan,nan,nan,nan,nan
2010-05-03,nan,nan,nan,nan,nan,nan
2010-04-30,nan,nan,nan,nan,nan,nan
2010-04-29,nan,nan,nan,nan,nan,nan
2010-04-28,nan,nan,nan,nan,nan,nan
2010-04-27,nan,nan,nan,nan,nan,nan
2010-04-26,nan,nan,nan,nan,nan,nan
2010-04-23,nan,nan,nan,nan,nan,nan
2010-04-22,nan,nan,nan,nan,nan,nan
2010-04-21,nan,nan,nan,nan,nan,nan
2010-04-20,nan,nan,nan,nan,nan,nan
2010-04-19,nan,nan,nan,nan,nan,nan
2010-04-16,nan,nan,nan,nan,nan,nan
2010-04-15,nan,nan,nan,nan,nan,nan
2010-04-14,nan,nan,nan,nan,nan,nan
2010-04-13,nan,nan,nan,nan,nan,nan
2010-04-12,nan,nan,nan,nan,nan,nan
2010-04-09,nan,nan,nan,nan,nan,nan
2010-04-08,nan,nan,nan,nan,nan,nan
2010-04-07,nan,nan,nan,nan,nan,nan
2010-04-06,nan,nan,nan,nan,nan,nan
2010-04-05,nan,nan,nan,nan,nan,nan
2010-04-01,nan,nan,nan,nan,nan,nan
2010-03-31,nan,nan,nan,nan,nan,nan
2010-03-30,nan,nan,nan,nan,nan,nan
2010-03-29,nan,nan,nan,nan,nan,nan
2010-03-26,nan,nan,nan,nan,nan,nan
2010-03-25,nan,nan,nan,nan,nan,nan
2010-03-24,nan,nan,nan,nan,nan,nan
2010-03-23,nan,nan,nan,nan,nan,nan
2010-03-22,nan,nan,nan,nan,nan,nan
2010-03-19,nan,nan,nan,nan,nan,nan
2010-03-18,nan,nan,nan,nan,nan,nan
2010-03-17,nan,nan,nan,nan,nan,nan
2010-03-16,nan,nan,nan,nan,nan,nan
2010-03-15,nan,nan,nan,nan,nan,nan
2010-03-12,nan,nan,nan,nan,nan,nan
2010-03-11,nan,nan,nan,nan,nan,nan
2010-03-10,nan,nan,nan,nan,nan,nan
2010-03-09,nan,nan,nan,nan,nan,nan
2010-03-08,nan,nan,nan,nan,nan,nan
2010-03-05,nan,nan,nan,nan,nan,nan
2010-03-04,nan,nan,nan,nan,nan,nan
2010-03-03,nan,nan,nan,nan,nan,nan
2010-03-02,nan,nan,nan,nan,nan,nan
2010-03-01,nan,nan,nan,nan,nan,nan
2010-02-26,nan,nan,nan,nan,nan,nan
2010-02-25,nan,nan,nan,nan,nan,nan
2010-02-24,nan,nan,nan,nan,nan,nan
2010-02-23,nan,nan,nan,nan,nan,nan
2010-02-22,nan,nan,nan,nan,nan,nan
2010-02-19,nan,nan,nan,nan,nan,nan
2010-02-18,nan,nan,nan,nan,nan,nan
2010-02-17,nan,nan,nan,nan,nan,nan
2010-02-16,nan,nan,nan,nan,nan,nan
2010-02-12,nan,nan,nan,nan,nan,nan
2010-02-11,nan,nan,nan,nan,nan,nan
2010-02-10,nan,nan,nan,nan,nan,nan
2010-02-09,nan,nan,nan,nan,nan,nan
2010-02-08,nan,nan,nan,nan,nan,nan
2010-02-05,nan,nan,nan,nan,nan,nan
2010-02-04,nan,nan,nan,nan,nan,nan
2010-02-03,nan,nan,nan,nan,nan,nan
2010-02-02,nan,nan,nan,nan,nan,nan
2010-02-01,nan,nan,nan,nan,nan,nan
2010-01-29,nan,nan,nan,nan,nan,nan
2010-01-28,nan,nan,nan,nan,nan,nan
2010-01-27,nan,nan,nan,nan,nan,nan
2010-01-26,nan,nan,nan,nan,nan,nan
2010-01-25,nan,nan,nan,nan,nan,nan
2010-01-22,nan,nan,nan,nan,nan,nan
2010-01-21,nan,nan,nan,nan,nan,nan
2010-01-20,nan,nan,nan,nan,nan,nan
2010-01-19,nan,nan,nan,nan,nan,nan
2010-01-15,nan,nan,nan,nan,nan,nan
2010-01-14,nan,nan,nan,nan,nan,nan
2010-01-13,nan,nan,nan,nan,nan,nan
2010-01-12,nan,nan,nan,nan,nan,nan
2010-01-11,nan,nan,nan,nan,nan,nan
2010-01-08,nan,nan,nan,nan,nan,nan
2010-01-07,nan,nan,nan,nan,nan,nan
2010-01-06,nan,nan,nan,nan,nan,nan
2010-01-05,nan,nan,nan,nan,nan,nan
2010-01-04,nan,nan,nan,nan,nan,nan
2009-12-31,nan,nan,nan,nan,nan,nan
2009-12-30,nan,nan,nan,nan,nan,nan
2009-12-29,nan,nan,nan,nan,nan,nan
2009-12-28,nan,nan,nan,nan,nan,nan
2009-12-24,nan,nan,nan,nan,nan,nan
2009-12-23,nan,nan,nan,nan,nan,nan
2009-12-22,nan,nan,nan,nan,nan,nan
2009-12-21,nan,nan,nan,nan,nan,nan
2009-12-18,nan,nan,nan,nan,nan,nan
2009-12-17,nan,nan,nan,nan,nan,nan
2009-12-16,nan,nan,nan,nan,nan,nan
2009-12-15,nan,nan,nan,nan,nan,nan
2009-12-14,nan,nan,nan,nan,nan,nan
2009-12-11,nan,nan,nan,nan,nan,nan
2009-12-10,nan,nan,nan,nan,nan,nan
2009-12-09,nan,nan,nan,nan,nan,nan
2009-12-08,nan,nan,nan,nan,nan,nan
2009-12-07,nan,nan,nan,nan,nan,nan
2009-12-04,nan,nan,nan,nan,nan,nan
2009-12-03,nan,nan,nan,nan,nan,nan
2009-12-02,nan,nan,nan,nan,nan,nan
2009-12-01,nan,nan,nan,nan,nan,nan
2009-11-30,nan,nan,nan,nan,nan,nan
2009-11-27,nan,nan,nan,nan,nan,nan
2009-11-25,nan,nan,nan,nan,nan,nan
2009-11-24,nan,nan,nan,nan,nan,nan
2009-11-23,nan,nan,nan,nan,nan,nan
2009-11-20,nan,nan,nan,nan,nan,nan
2009-11-19,nan,nan,nan,nan,nan,nan
2009-11-18,nan,nan,nan,nan,nan,nan
2009-11-17,nan,nan,nan,nan,nan,nan
2009-11-16,nan,nan,nan,nan,nan,nan
2009-11-13,nan,nan,nan,nan,nan,nan
2009-11-12,nan,nan,nan,nan,nan,nan
2009-11-11,nan,nan,nan,nan,nan,nan
2009-11-10,nan,nan,nan,nan,nan,nan
2009-11-09,nan,nan,nan,nan,nan,nan
2009-11-06,nan,nan,nan,nan,nan,nan
2009-11-05,nan,nan,nan,nan,nan,nan
2009-11-04,nan,nan,nan,nan,nan,nan
2009-11-03,nan,nan,nan,nan,nan,nan
2009-11-02,nan,nan,nan,nan,nan,nan
2009-10-30,nan,nan,nan,nan,nan,nan
2009-10-29,nan,nan,nan,nan,nan,nan
2009-10-28,nan,nan,nan,nan,nan,nan
2009-10-27,nan,nan,nan,nan,nan,nan
2009-10-26,nan,nan,nan,nan,nan,nan
2009-10-23,nan,nan,nan,nan,nan,nan
2009-10-22,nan,nan,nan,nan,nan,nan
2009-10-21,nan,nan,nan,nan,nan,nan
2009-10-20,nan,nan,nan,nan,nan,nan
2009-10-19,nan,nan,nan,nan,nan,nan
2009-10-16,nan,nan,nan,nan,nan,nan
2009-10-15,50.05,50.45,49.96,50.39,50253100.0,50.39
2009-10-14,49.1,50.22,48.85,50.04,46456400.0,50.04
2009-10-13,48.95,49.22,48.86,49.16,11946100.0,49.16
2009-10-12,49.11,49.26,48.92,49.25,17797400.0,49.25
2009-10-09,48.87,49.33,48.81,49.04,8815400.0,49.04
2009-10-08,49.02,49.22,48.83,48.92,10827300.0,48.92
2009-10-07,48.6,48.99,48.57,48.87,11369100.0,48.87
2009-10-06,48.45,48.97,48.42,48.67,14341700.0,48.67
2009-10-05,48.25,48.41,48.09,48.25,15536500.0,48.25
2009-10-02,48.35,48.53,48.15,48.18,19210300.0,48.18
2009-10-01,48.5,48.65,48.24,48.26,21129900.0,48.26
2009-09-30,48.74,48.8,48.45,48.58,20821200.0,48.58
2009-09-29,48.37,48.75,48.3,48.65,25944600.0,48.65
2009-09-28,47.92,48.22,47.9,48.09,10211700.0,48.09
2009-09-25,48.06,48.23,47.78,47.86,12732000.0,47.86
2009-09-24,48.09,48.24,47.99,48.06,9957000.0,48.06
2009-09-23,48.53,48.63,48.05,48.05,16128700.0,48.05
2009-09-22,48.56,48.71,48.38,48.54,18301400.0,48.54
2009-09-21,48.05,48.28,47.94,48.28,16655000.0,48.28
2009-09-18,47.97,48.3,47.9,48.01,12050700.0,48.01
2009-09-17,48.04,48.11,47.72,47.85,13328000.0,47.85
2009-09-16,47.83,48.03,47.69,48.03,11204300.0,48.03
2009-09-15,47.87,47.94,47.64,47.7,7259600.0,47.7
2009-09-14,47.69,48.0,47.66,47.93,9931300.0,47.93
2009-09-11,47.98,48.1,47.73,47.73,9836500.0,47.73
2009-09-10,47.85,48.06,47.73,48.06,9928500.0,48.06
2009-09-09,47.6,47.82,47.46,47.82,13110100.0,47.82
2009-09-08,47.88,47.88,47.47,47.65,9544500.0,47.65
2009-09-04,47.57,47.9,47.39,47.9,8345100.0,47.9
2009-09-03,47.55,47.58,47.29,47.56,5981100.0,47.56
2009-09-02,47.63,47.91,47.51,47.56,10196400.0,47.56
2009-09-01,47.72,48.02,47.58,47.79,10464400.0,47.79
2009-08-31,47.71,48.1,47.64,47.85,9649100.0,47.85
2009-08-28,48.28,48.28,47.89,47.97,6056100.0,47.97
2009-08-27,47.9,48.21,47.8,48.11,9043600.0,48.11
2009-08-26,47.97,48.2,47.9,48.0,10909800.0,48.0
2009-08-25,48.2,48.3,48.03,48.05,13707700.0,48.05
2009-08-24,48.06,48.15,47.87,48.12,7108300.0,48.12
2009-08-21,47.88,48.02,47.69,48.02,14481400.0,48.02
2009-08-20,47.89,47.9,47.53,47.58,17081200.0,47.58
2009-08-19,47.13,47.89,47.13,47.86,7559500.0,47.86
2009-08-18,47.23,47.48,47.08,47.39,9211800.0,47.39
2009-08-17,46.75,47.32,46.72,47.24,11916900.0,47.24
2009-08-14,47.04,47.08,46.57,46.99,8247800.0,46.99
2009-08-13,46.86,46.98,46.59,46.98,9099600.0,46.98
2009-08-12,46.8,47.02,46.58,46.78,8814500.0,46.78
2009-08-11,46.91,47.0,46.65,46.75,6883600.0,46.75
2009-08-10,47.04,47.25,46.9,47.21,5480700.0,47.21
2009-08-07,46.93,47.23,46.74,47.21,10621000.0,47.21
2009-08-06,46.93,46.93,46.53,46.71,10426600.0,46.71
2009-08-05,46.9,46.97,46.59,46.75,14187500.0,46.75
2009-08-04,46.69,47.4,46.65,46.97,8657000.0,46.97
2009-08-03,46.78,46.99,46.49,46.86,13189700.0,46.86
2009-07-31,46.75,46.97,46.5,46.55,11573600.0,46.55
2009-07-30,46.93,47.25,46.63,46.69,11422800.0,46.69
2009-07-29,46.7,46.88,46.52,46.71,10859100.0,46.71
2009-07-28,47.18,47.41,46.7,46.8,13510900.0,46.8
2009-07-27,47.35,47.44,47.14,47.42,14257800.0,47.42
2009-07-24,47.05,47.41,46.95,47.34,11706300.0,47.34
2009-07-23,46.96,47.29,46.86,47.1,14321100.0,47.1
2009-07-22,46.58,47.49,46.41,46.86,11987300.0,46.86
2009-07-21,46.39,46.82,46.2,46.82,8529600.0,46.82
2009-07-20,46.23,46.26,45.8,46.1,10220200.0,46.1
2009-07-17,46.12,46.41,45.89,45.97,17422300.0,45.97
2009-07-16,45.92,46.36,45.88,46.17,9806000.0,46.17
2009-07-15,45.82,46.04,45.62,46.02,9467600.0,46.02
2009-07-14,45.39,45.82,45.29,45.82,8823400.0,45.82
2009-07-13,44.88,45.58,44.88,45.55,10910200.0,45.55
2009-07-10,44.75,44.99,44.66,44.93,7469000.0,44.93
2009-07-09,45.25,45.3,44.78,44.89,8138600.0,44.89
2009-07-08,45.12,45.41,44.92,45.15,8549100.0,45.15
2009-07-07,45.33,45.62,45.01,45.05,13661200.0,45.05
2009-07-06,44.7,45.3,44.61,45.3,7839700.0,45.3
2009-07-02,45.02,45.14,44.81,44.81,5072500.0,44.81
2009-07-01,45.3,45.46,45.15,45.37,7762100.0,45.37
2009-06-30,45.29,45.39,44.96,45.39,12388200.0,45.39
2009-06-29,45.02,45.36,44.89,45.35,8736600.0,45.35
2009-06-26,45.16,45.32,44.91,45.03,10975300.0,45.03
2009-06-25,44.3,45.39,44.3,45.36,8131600.0,45.36
2009-06-24,44.76,44.87,44.45,44.62,8307900.0,44.62
2009-06-23,44.7,44.7,44.38,44.53,6559800.0,44.53
2009-06-22,44.7,45.03,44.57,44.62,15363200.0,44.62
2009-06-19,45.08,45.23,44.69,44.95,17239000.0,44.95
2009-06-18,44.6,45.18,44.58,44.84,8647000.0,44.84
2009-06-17,44.08,44.74,44.08,44.6,8124200.0,44.6
2009-06-16,44.0,44.37,43.81,44.05,9463600.0,44.05
2009-06-15,44.71,44.74,43.81,43.95,15431700.0,43.95
2009-06-12,44.38,45.01,44.38,44.8,15149200.0,44.8
2009-06-11,43.75,44.94,43.75,44.58,12052900.0,44.58
2009-06-10,44.05,44.2,43.64,43.72,11265800.0,43.72
2009-06-09,43.99,44.12,43.83,43.9,7934400.0,43.9
2009-06-08,43.92,44.3,43.76,43.94,9833500.0,43.94
2009-06-05,44.32,44.58,44.01,44.14,10692600.0,44.14
2009-06-04,44.74,44.76,44.22,44.22,12996400.0,44.22
2009-06-03,44.9,44.9,44.56,44.73,8813600.0,44.73
2009-06-02,44.91,45.14,44.65,45.0,10257900.0,45.0
2009-06-01,45.15,45.24,44.56,44.69,11783100.0,44.69
2009-05-29,44.2,45.0,44.1,44.86,19930600.0,44.86
2009-05-28,44.13,44.4,43.98,44.27,7374000.0,44.27
2009-05-27,44.31,44.31,43.86,43.86,7093900.0,43.86
2009-05-26,43.9,44.47,43.81,44.3,11676700.0,44.3
2009-05-22,44.11,44.38,43.2,44.14,5295500.0,44.14
2009-05-21,44.21,44.62,43.49,44.03,13015700.0,44.03
2009-05-20,44.67,44.9,44.33,44.5,7611800.0,44.5
2009-05-19,44.56,44.8,44.45,44.52,10189400.0,44.52
2009-05-18,44.12,44.87,44.12,44.87,9124700.0,44.87
2009-05-15,44.53,44.59,44.18,44.3,7169900.0,44.3
2009-05-14,44.53,44.9,44.41,44.6,6021900.0,44.6
2009-05-13,44.46,45.0,44.31,44.56,12003700.0,44.56
2009-05-12,43.8,44.67,43.48,44.46,11247300.0,44.46
2009-05-11,43.55,43.91,43.3,43.66,10117500.0,43.66
2009-05-08,43.89,44.2,43.76,44.15,13919600.0,44.15
2009-05-07,43.21,43.82,43.04,43.69,13378400.0,43.69
2009-05-06,43.41,43.6,43.0,43.18,10988900.0,43.18
2009-05-05,42.97,43.46,42.97,43.43,8711000.0,43.43
2009-05-04,42.71,43.05,42.62,43.03,9481800.0,43.03
2009-05-01,42.46,42.68,42.27,42.67,10288200.0,42.67
2009-04-30,42.96,42.98,42.37,42.4,17120400.0,42.4
2009-04-29,42.21,42.76,41.99,42.6,23300500.0,42.6
2009-04-28,42.45,42.54,42.05,42.25,13936900.0,42.25
2009-04-27,42.18,42.66,42.18,42.35,11879900.0,42.35
2009-04-24,42.42,42.6,41.99,42.1,17544300.0,42.1
2009-04-23,41.9,42.55,41.63,42.51,14531800.0,42.51
2009-04-22,42.34,42.5,41.86,41.92,14651900.0,41.92
2009-04-21,42.98,42.98,41.98,42.54,13990900.0,42.54
2009-04-20,42.96,43.11,42.61,42.64,8630800.0,42.64
2009-04-17,42.9,43.35,42.71,43.2,13043500.0,43.2
2009-04-16,42.67,42.88,42.41,42.88,10942900.0,42.88
2009-04-15,41.99,42.84,41.91,42.69,13245300.0,42.69
2009-04-14,42.26,42.3,41.92,42.04,13446400.0,42.04
2009-04-13,42.11,42.63,42.11,42.28,10719500.0,42.28
2009-04-09,42.74,42.74,42.12,42.42,21124100.0,42.42
2009-04-08,42.46,42.71,42.25,42.45,9936300.0,42.45
2009-04-07,42.6,42.7,42.36,42.45,10110700.0,42.45
2009-04-06,42.67,43.19,42.48,42.76,11336600.0,42.76
2009-04-03,42.77,42.87,42.51,42.74,11291700.0,42.74
2009-04-02,43.47,43.5,42.75,42.83,12543900.0,42.83
2009-04-01,42.98,43.36,42.53,43.3,15460700.0,43.3
2009-03-31,43.21,43.23,42.72,43.04,10722800.0,43.04
2009-03-30,42.77,43.24,42.71,43.0,12931500.0,43.0
2009-03-27,43.17,43.44,42.98,43.11,14849400.0,43.11
2009-03-26,43.43,43.68,43.0,43.55,11505800.0,43.55
2009-03-25,42.51,43.52,42.47,43.2,14320200.0,43.2
2009-03-24,42.05,42.63,42.05,42.47,12936500.0,42.47
2009-03-23,42.73,42.75,42.29,42.5,16508200.0,42.5
2009-03-20,42.38,42.47,41.94,42.1,19820100.0,42.1
2009-03-19,42.93,42.93,41.67,42.27,19016200.0,42.27
2009-03-18,42.61,43.11,42.5,42.63,14430900.0,42.63
2009-03-17,42.49,42.87,42.28,42.87,11142400.0,42.87
2009-03-16,42.66,43.66,42.46,42.49,19447500.0,42.49
2009-03-13,42.82,43.51,42.68,43.2,16692800.0,43.2
2009-03-12,41.75,42.94,41.47,42.78,18010100.0,42.78
2009-03-11,41.53,41.65,41.23,41.36,17948100.0,41.36
2009-03-10,40.82,41.67,40.72,41.57,26790300.0,41.57
2009-03-09,40.77,41.12,40.42,40.76,18286800.0,40.76
2009-03-06,40.85,40.96,40.34,40.83,17951700.0,40.83
2009-03-05,40.58,40.97,40.24,40.85,21057500.0,40.85
2009-03-04,40.69,41.02,40.3,40.72,17317400.0,40.72
2009-03-03,40.11,40.68,40.08,40.27,17450800.0,40.27
2009-03-02,40.49,40.81,39.92,40.05,17819100.0,40.05
2009-02-27,40.81,41.22,40.73,40.82,21660900.0,40.82
2009-02-26,41.8,42.0,41.14,41.14,13967100.0,41.14
2009-02-25,42.19,42.19,41.27,41.51,16455800.0,41.51
2009-02-24,41.83,42.49,41.46,42.38,16820200.0,42.38
2009-02-23,42.53,42.62,41.7,41.75,15112800.0,41.75
2009-02-20,42.49,42.77,42.29,42.51,15082300.0,42.51
2009-02-19,42.39,43.27,42.39,42.7,13977500.0,42.7
2009-02-18,43.1,43.24,42.75,42.86,14955900.0,42.86
2009-02-17,43.02,43.38,42.8,42.92,14523400.0,42.92
2009-02-13,43.31,43.85,43.15,43.42,11716000.0,43.42
2009-02-12,42.79,43.51,42.64,43.51,14362800.0,43.51
2009-02-11,42.77,43.0,42.64,43.0,10701000.0,43.0
2009-02-10,43.19,43.49,42.77,42.77,16522000.0,42.77
2009-02-09,43.78,43.9,43.31,43.31,14165900.0,43.31
2009-02-06,43.0,43.61,42.95,43.42,12348300.0,43.42
2009-02-05,42.9,43.23,42.78,43.08,19626700.0,43.08
2009-02-04,43.5,43.66,42.9,42.96,16572800.0,42.96
2009-02-03,43.45,43.81,43.09,43.42,22892900.0,43.42
2009-02-02,43.05,43.74,43.01,43.2,20792200.0,43.2
2009-01-30,43.56,43.69,42.93,42.97,23027600.0,42.97
2009-01-29,43.4,44.0,43.15,43.62,22455000.0,43.62
2009-01-28,44.34,44.41,43.25,43.85,30172500.0,43.85
2009-01-27,43.63,44.54,43.24,44.2,43906100.0,44.2
2009-01-26,45.15,45.33,43.08,43.39,99694200.0,43.39
2009-01-23,42.04,44.88,41.7,43.74,65295400.0,43.74
2009-01-22,38.79,39.42,38.08,38.83,11681900.0,38.83
2009-01-21,38.59,39.76,37.99,39.56,10438200.0,39.56
2009-01-20,38.75,39.76,38.11,38.17,10667400.0,38.17
2009-01-16,38.86,39.13,38.01,38.81,10283900.0,38.81
2009-01-15,37.76,38.63,37.49,38.38,8513600.0,38.38
2009-01-14,37.54,38.21,37.3,37.89,7348900.0,37.89
2009-01-13,37.47,38.17,36.69,38.09,9794700.0,38.09
2009-01-12,37.82,38.0,36.4,36.92,10322200.0,36.92
2009-01-09,38.39,39.07,37.65,37.97,6478900.0,37.97
2009-01-08,38.5,38.84,38.06,38.33,7173600.0,38.33
2009-01-07,38.14,38.61,37.7,38.18,7531800.0,38.18
2009-01-06,38.23,39.03,37.59,38.56,9716800.0,38.56
2009-01-05,38.24,38.98,37.97,38.07,8339300.0,38.07
2009-01-02,37.25,38.54,37.02,38.39,4763200.0,38.39
2008-12-31,37.08,37.77,36.85,37.51,4504800.0,37.51
2008-12-30,36.65,37.21,35.5,37.09,3324400.0,37.09
2008-12-29,36.26,36.52,35.89,36.44,4300100.0,36.44
2008-12-26,36.3,36.51,35.9,36.14,2017800.0,36.14
2008-12-24,36.0,36.49,35.85,36.09,1868400.0,36.09
2008-12-23,36.78,37.15,36.0,36.18,4940500.0,36.18
2008-12-22,37.13,37.26,35.79,36.46,6947400.0,36.46
2008-12-19,37.72,38.42,36.66,37.17,11594700.0,37.17
2008-12-18,37.49,38.44,36.72,37.3,9470100.0,37.3
2008-12-17,35.95,37.64,35.7,37.1,9419100.0,37.1
2008-12-16,35.61,36.6,35.15,36.39,9845900.0,36.39
2008-12-15,36.25,36.34,34.87,35.26,6332200.0,35.26
2008-12-12,34.65,36.31,34.62,36.0,9128000.0,36.0
2008-12-11,34.4,36.1,34.1,35.55,9245700.0,35.55
2008-12-10,34.43,35.47,33.38,34.74,5645800.0,34.74
2008-12-09,34.13,34.99,33.81,34.22,5775700.0,34.22
2008-12-08,34.98,35.55,33.95,34.2,9887500.0,34.2
2008-12-05,33.17,34.75,32.4,34.37,9942100.0,34.37
2008-12-04,33.84,34.75,33.12,33.62,7564600.0,33.62
2008-12-03,32.8,35.64,32.72,34.52,11092400.0,34.52
2008-12-02,32.64,33.99,32.34,33.88,7305200.0,33.88
2008-12-01,35.14,35.14,32.02,32.15,9903900.0,32.15
2008-11-28,35.09,36.1,34.79,36.01,3018700.0,36.01
2008-11-26,34.01,35.07,33.24,34.93,6517700.0,34.93
2008-11-25,35.89,36.28,33.28,34.0,11734500.0,34.0
2008-11-24,34.5,35.46,33.26,34.73,9807100.0,34.73
2008-11-21,33.01,34.1,30.71,33.91,14176100.0,33.91
2008-11-20,33.53,35.25,31.55,32.03,12167200.0,32.03
2008-11-19,35.03,36.78,32.94,33.34,11647300.0,33.34
2008-11-18,33.33,35.5,32.45,35.5,15067100.0,35.5
2008-11-17,33.71,34.18,32.75,32.89,7523300.0,32.89
2008-11-14,34.78,35.97,33.56,34.14,11638000.0,34.14
2008-11-13,32.68,35.4,32.68,35.2,13120900.0,35.2
2008-11-12,32.55,33.57,31.85,32.44,8042500.0,32.44
2008-11-11,33.26,33.89,31.84,32.99,6036400.0,32.99
2008-11-10,33.34,34.24,31.81,33.27,6195000.0,33.27
2008-11-07,32.01,33.24,31.43,32.91,8494600.0,32.91
2008-11-06,32.59,33.12,30.99,31.32,9171700.0,31.32
2008-11-05,34.76,34.79,32.27,32.47,8843400.0,32.47
2008-11-04,33.76,35.23,33.44,35.01,8609900.0,35.01
2008-11-03,33.7,33.7,32.12,33.04,6873000.0,33.04
2008-10-31,32.35,33.68,31.79,32.18,9677500.0,32.18
2008-10-30,33.35,34.27,31.64,32.53,8599900.0,32.53
2008-10-29,33.1,34.88,32.45,32.95,11035800.0,32.95
2008-10-28,31.77,33.19,30.39,33.08,11111800.0,33.08
2008-10-27,32.7,32.7,30.69,30.79,9623300.0,30.79
2008-10-24,30.71,33.23,29.86,32.39,9588200.0,32.39
2008-10-23,30.62,34.27,30.62,33.26,11958700.0,33.26
2008-10-22,33.01,33.98,30.92,31.06,14130800.0,31.06
2008-10-21,34.17,35.73,33.98,34.78,7400600.0,34.78
2008-10-20,33.14,35.29,32.74,34.86,8086700.0,34.86
2008-10-17,31.21,34.38,31.05,32.88,10538800.0,32.88
2008-10-16,30.64,31.83,29.08,31.63,10976400.0,31.63
2008-10-15,33.81,33.81,30.38,30.54,9559000.0,30.54
2008-10-14,34.29,34.68,32.86,33.5,9458200.0,33.5
2008-10-13,31.98,33.48,30.5,32.85,11395500.0,32.85
2008-10-10,31.02,31.76,28.06,29.89,20246200.0,29.89
2008-10-09,34.08,34.89,31.43,31.96,9041700.0,31.96
2008-10-08,34.88,35.96,33.96,33.98,10817900.0,33.98
2008-10-07,37.67,37.88,35.09,35.17,8797600.0,35.17
2008-10-06,37.26,38.13,35.4,36.76,10218500.0,36.76
2008-10-03,38.2,38.6,37.36,37.78,7952900.0,37.78
2008-10-02,37.91,38.8,37.08,37.45,8968500.0,37.45
2008-10-01,37.18,38.23,36.55,38.07,8989200.0,38.07
2008-09-30,36.88,37.4,36.38,36.94,9783700.0,36.94
2008-09-29,38.07,38.87,35.8,36.59,13666500.0,36.59
2008-09-26,37.38,38.78,37.0,38.48,8492800.0,38.48
2008-09-25,36.99,38.04,36.95,37.76,11480400.0,37.76
2008-09-24,37.55,37.86,36.35,36.87,11743000.0,36.87
2008-09-23,38.11,38.25,37.48,37.54,8083500.0,37.54
2008-09-22,38.22,38.86,37.91,38.02,6920600.0,38.02
2008-09-19,39.62,39.91,36.96,38.42,17068400.0,38.42
2008-09-18,38.16,39.13,37.52,38.44,11017200.0,38.44
2008-09-17,38.19,39.64,37.63,37.8,14181300.0,37.8
2008-09-16,38.4,39.01,37.52,38.9,10204400.0,38.9
2008-09-15,39.0,40.58,38.78,38.78,7655700.0,38.78
2008-09-12,40.19,40.22,39.46,39.85,8249000.0,39.85
2008-09-11,39.74,40.41,39.35,40.4,12757700.0,40.4
2008-09-10,41.01,41.2,39.88,39.88,7858000.0,39.88
2008-09-09,41.6,42.11,40.72,40.75,8658900.0,40.75
2008-09-08,41.39,41.92,41.14,41.27,7731500.0,41.27
2008-09-05,40.86,41.09,40.15,40.81,6728200.0,40.81
2008-09-04,42.25,42.4,41.04,41.05,8354800.0,41.05
2008-09-03,42.56,43.06,42.27,42.59,6412300.0,42.59
2008-09-02,43.45,44.52,42.48,42.7,9629200.0,42.7
2008-08-29,43.0,43.54,42.9,43.28,6493200.0,43.28
2008-08-28,42.88,43.32,42.74,43.25,4788300.0,43.25
2008-08-27,42.53,43.0,42.1,42.67,6840300.0,42.67
2008-08-26,42.16,42.7,42.08,42.43,7222200.0,42.43
2008-08-25,42.44,42.61,41.87,42.25,4915200.0,42.25
2008-08-22,42.46,42.77,41.86,42.71,5503500.0,42.71
2008-08-21,41.79,42.11,41.27,42.03,4351200.0,42.03
2008-08-20,42.6,42.94,41.69,42.14,5993400.0,42.14
2008-08-19,43.31,43.62,42.31,42.6,5785100.0,42.6
2008-08-18,43.28,43.88,42.7,42.94,4742200.0,42.94
2008-08-15,42.81,43.94,42.66,43.29,7742700.0,43.29
2008-08-14,42.46,43.22,42.25,42.83,4389900.0,42.83
2008-08-13,43.07,43.57,42.7,42.72,6052400.0,42.72
2008-08-12,43.43,43.75,43.06,43.46,7588200.0,43.46
2008-08-11,43.57,43.65,42.71,43.43,10028000.0,43.43
2008-08-08,42.89,43.81,42.7,43.75,9536500.0,43.75
2008-08-07,43.46,44.04,43.07,43.12,12909900.0,43.12
2008-08-06,42.93,44.07,42.5,43.75,14398200.0,43.75
2008-08-05,41.22,42.99,41.15,42.94,18100200.0,42.94
2008-08-04,40.66,41.53,40.19,41.11,15481000.0,41.11
2008-08-01,39.93,40.8,39.75,40.24,12641800.0,40.24
2008-07-31,39.97,42.21,39.49,40.52,17710300.0,40.52
2008-07-30,39.0,40.8,38.3,39.74,55069800.0,39.74
2008-07-29,45.25,45.38,44.35,45.11,19586000.0,45.11
2008-07-28,45.33,45.76,44.63,44.77,9774700.0,44.77
2008-07-25,45.15,45.97,44.91,45.45,7365500.0,45.45
2008-07-24,45.65,45.8,44.19,44.81,11494000.0,44.81
2008-07-23,47.09,47.09,45.2,45.55,15049000.0,45.55
2008-07-22,46.5,47.62,43.75,44.68,21470000.0,44.68
2008-07-21,47.14,47.51,46.32,46.56,6803500.0,46.56
2008-07-18,47.7,48.04,46.74,47.1,11091000.0,47.1
2008-07-17,48.44,48.52,47.0,47.52,10771900.0,47.52
2008-07-16,48.5,49.54,47.89,48.29,9121300.0,48.29
2008-07-15,47.61,49.03,47.27,48.56,13529500.0,48.56
2008-07-14,48.94,48.94,47.88,48.01,6507100.0,48.01
2008-07-11,48.1,48.61,47.68,48.3,8011400.0,48.3
2008-07-10,48.82,49.02,47.83,48.81,9266900.0,48.81
2008-07-09,49.5,49.8,48.55,48.55,8459400.0,48.55
2008-07-08,46.81,49.59,46.81,49.48,16760100.0,49.48
2008-07-07,47.53,48.15,47.06,47.58,14325000.0,47.58
2008-07-03,46.88,47.4,46.55,46.99,3898600.0,46.99
2008-07-02,47.46,47.67,46.44,46.44,8002800.0,46.44
2008-07-01,47.25,47.99,46.7,47.19,11415300.0,47.19
2008-06-30,46.23,48.25,45.72,47.96,15337700.0,47.96
2008-06-27,45.98,46.42,45.46,46.09,14390100.0,46.09
2008-06-26,46.33,46.74,45.49,45.6,8969900.0,45.6
2008-06-25,47.05,47.46,46.69,47.03,8375100.0,47.03
2008-06-24,47.58,47.59,46.75,47.13,10298300.0,47.13
2008-06-23,48.45,48.72,47.84,47.85,12367700.0,47.85
2008-06-20,48.6,48.6,47.36,47.85,12642100.0,47.85
2008-06-19,45.36,48.28,45.36,47.82,24075800.0,47.82
2008-06-18,45.06,45.82,44.43,45.48,15224000.0,45.48
2008-06-17,45.43,45.66,44.11,45.16,30552200.0,45.16
2008-06-16,43.22,43.45,42.04,43.08,5670100.0,43.08
2008-06-13,43.09,43.48,42.85,43.42,6163600.0,43.42
2008-06-12,42.35,42.93,42.27,42.46,10145500.0,42.46
2008-06-11,43.0,43.6,42.63,42.94,7735900.0,42.94
2008-06-10,42.73,43.83,42.23,43.34,10441100.0,43.34
2008-06-09,43.34,43.43,42.68,42.88,4809300.0,42.88
2008-06-06,43.56,44.11,42.83,42.93,11643500.0,42.93
2008-06-05,44.14,44.61,43.93,44.5,5389700.0,44.5
2008-06-04,43.98,44.33,43.63,43.81,4826300.0,43.81
2008-06-03,44.04,44.75,43.53,44.22,8074000.0,44.22
2008-06-02,44.9,44.9,43.7,44.13,5670900.0,44.13
2008-05-30,44.53,44.92,44.19,44.47,5968900.0,44.47
2008-05-29,43.99,44.8,43.8,44.4,7195000.0,44.4
2008-05-28,43.3,44.53,43.22,44.15,12907200.0,44.15
2008-05-27,43.19,43.51,42.78,43.19,9915800.0,43.19
2008-05-23,43.76,43.76,42.94,42.98,6040600.0,42.98
2008-05-22,43.33,44.21,43.02,43.88,6801900.0,43.88
2008-05-21,44.67,44.77,43.46,43.64,6240300.0,43.64
2008-05-20,44.33,44.83,43.9,44.34,5876900.0,44.34
2008-05-19,44.24,44.56,44.0,44.38,5541300.0,44.38
2008-05-16,44.5,44.5,43.69,44.14,6466000.0,44.14
2008-05-15,44.28,44.64,43.5,44.42,6689000.0,44.42
2008-05-14,44.52,45.09,44.39,44.55,5298700.0,44.55
2008-05-13,45.09,45.64,44.33,44.41,5497200.0,44.41
2008-05-12,44.12,44.9,44.08,44.88,5468500.0,44.88
2008-05-09,43.99,44.22,43.62,43.93,5752500.0,43.93
2008-05-08,44.46,44.74,44.07,44.39,6407500.0,44.39
2008-05-07,45.66,45.87,44.28,44.47,9765700.0,44.47
2008-05-06,45.54,46.05,44.8,45.8,5751000.0,45.8
2008-05-05,46.03,46.03,45.34,45.56,8741100.0,45.56
2008-05-02,45.88,46.52,45.58,46.15,7950500.0,46.15
2008-05-01,44.49,45.63,44.17,45.53,6316100.0,45.53
2008-04-30,44.53,45.0,44.31,44.47,4034900.0,44.47
2008-04-29,44.98,44.98,44.04,44.53,5456400.0,44.53
2008-04-28,44.96,45.56,44.56,44.82,5388500.0,44.82
2008-04-25,44.68,45.5,44.68,44.97,6226400.0,44.97
2008-04-24,44.41,44.95,43.9,44.56,7847000.0,44.56
2008-04-23,44.07,45.0,43.95,44.44,14547000.0,44.44
2008-04-22,44.41,44.83,43.72,43.99,5664100.0,43.99
2008-04-21,44.53,44.71,43.8,44.21,7703600.0,44.21
2008-04-18,44.46,44.97,44.16,44.93,7144600.0,44.93
2008-04-17,44.01,44.5,43.35,43.81,9594900.0,43.81
2008-04-16,44.34,44.38,43.66,44.23,5983500.0,44.23
2008-04-15,44.82,45.09,43.98,44.05,7052700.0,44.05
2008-04-14,45.1,45.1,44.38,44.62,7019800.0,44.62
2008-04-11,45.1,45.49,44.57,45.02,10198700.0,45.02
2008-04-10,43.94,45.95,43.82,45.55,18731400.0,45.55
2008-04-09,44.17,44.42,43.56,43.71,7876300.0,43.71
2008-04-08,44.31,44.79,43.85,44.23,9451500.0,44.23
2008-04-07,43.05,44.54,42.57,44.3,20990500.0,44.3
2008-04-04,41.92,42.08,41.41,41.56,10279100.0,41.56
2008-04-03,41.45,42.26,41.21,41.94,6902600.0,41.94
2008-04-02,42.78,42.78,41.41,41.77,5648500.0,41.77
2008-04-01,42.0,42.57,41.87,42.52,5825700.0,42.52
2008-03-31,41.5,41.95,40.92,41.76,6573800.0,41.76
2008-03-28,41.91,42.01,41.41,41.52,6367400.0,41.52
2008-03-27,41.85,42.0,41.47,41.84,5304100.0,41.84
2008-03-26,41.5,42.05,41.3,41.83,8033100.0,41.83
2008-03-25,42.08,42.3,41.58,41.66,6251500.0,41.66
2008-03-24,41.73,42.45,41.09,42.15,6646700.0,42.15
2008-03-20,40.86,41.74,40.6,41.65,9671000.0,41.65
2008-03-19,40.9,41.9,40.75,40.81,7198500.0,40.81
2008-03-18,40.37,40.78,39.85,40.78,7636900.0,40.78
2008-03-17,38.41,40.28,38.39,39.7,8440000.0,39.7
2008-03-14,40.35,40.73,38.8,39.42,12584900.0,39.42
2008-03-13,40.17,40.54,39.72,40.28,10585600.0,40.28
2008-03-12,40.76,41.77,40.5,40.65,10077600.0,40.65
2008-03-11,41.25,41.72,40.52,41.65,11258500.0,41.65
2008-03-10,41.27,41.5,40.14,40.42,10017300.0,40.42
2008-03-07,41.39,41.99,40.99,41.32,10879000.0,41.32
2008-03-06,42.41,42.69,41.5,41.55,9362900.0,41.55
2008-03-05,42.76,44.72,42.05,42.53,11902900.0,42.53
2008-03-04,43.07,43.32,42.8,43.18,14910000.0,43.18
2008-03-03,43.8,44.04,42.96,43.39,17628900.0,43.39
2008-02-29,41.95,43.86,41.57,43.62,13054000.0,43.62
2008-02-28,42.74,42.76,42.0,42.54,8248800.0,42.54
2008-02-27,42.75,43.09,42.28,42.96,9746800.0,42.96
2008-02-26,42.36,43.18,42.21,42.93,11730700.0,42.93
2008-02-25,41.6,42.66,41.58,42.64,9279400.0,42.64
2008-02-22,41.33,41.61,40.52,41.57,6714900.0,41.57
2008-02-21,41.21,41.75,40.97,41.03,7976700.0,41.03
2008-02-20,41.43,41.9,40.35,41.15,10061000.0,41.15
2008-02-19,40.36,41.97,40.36,41.76,14299300.0,41.76
2008-02-15,39.76,40.39,39.29,39.98,6500400.0,39.98
2008-02-14,41.06,41.07,39.79,39.98,12576500.0,39.98
2008-02-13,39.54,41.04,39.4,40.97,11776300.0,40.97
2008-02-12,40.1,40.29,38.85,39.0,11973200.0,39.0
2008-02-11,40.54,40.63,39.15,39.47,7729100.0,39.47
2008-02-08,40.66,40.74,40.22,40.63,9394600.0,40.63
2008-02-07,40.45,40.97,40.06,40.87,10838900.0,40.87
2008-02-06,41.15,41.5,40.45,40.63,8542300.0,40.63
2008-02-05,42.16,42.24,40.9,40.95,11583800.0,40.95
2008-02-04,41.05,42.15,41.05,41.88,10960800.0,41.88
2008-02-01,39.88,41.32,39.37,41.05,21286800.0,41.05
2008-01-31,39.02,40.04,38.5,39.67,15030200.0,39.67
2008-01-30,40.93,40.93,38.85,38.99,14803100.0,38.99
2008-01-29,41.83,42.09,41.03,41.04,6779200.0,41.04
2008-01-28,40.9,41.73,40.53,41.65,10389800.0,41.65
2008-01-25,43.16,43.16,40.75,40.86,14028000.0,40.86
2008-01-24,42.45,43.05,42.06,42.84,10028600.0,42.84
2008-01-23,41.44,42.51,41.01,42.35,15010300.0,42.35
2008-01-22,41.65,43.82,41.03,41.97,14587100.0,41.97
2008-01-18,44.39,44.49,43.51,43.84,10081100.0,43.84
2008-01-17,45.66,46.0,44.09,44.17,10826100.0,44.17
2008-01-16,45.7,46.75,45.55,46.14,7056800.0,46.14
2008-01-15,46.7,47.0,45.6,45.99,10147300.0,45.99
2008-01-14,48.13,48.13,46.7,47.19,7099800.0,47.19
2008-01-11,46.8,48.32,46.78,47.84,8402200.0,47.84
2008-01-10,46.92,47.31,46.28,47.14,8184114.0,47.14
2008-01-09,47.4,47.96,47.0,47.36,11357800.0,47.36
2008-01-08,45.55,48.84,45.55,47.47,15686500.0,47.47
2008-01-07,44.49,45.32,44.43,45.23,8723200.0,45.23
2008-01-04,44.61,44.84,44.22,44.27,9962600.0,44.27
2008-01-03,43.95,44.94,43.95,44.9,8841300.0,44.9
2008-01-02,44.21,44.5,43.72,43.89,6788800.0,43.89
2007-12-31,43.94,44.33,43.65,44.19,5720800.0,44.19
2007-12-28,44.5,44.92,43.75,44.17,7788800.0,44.17
2007-12-27,44.51,45.16,44.48,44.49,6111700.0,44.49
2007-12-26,44.51,45.64,44.51,45.34,6122800.0,45.34
2007-12-24,45.05,45.75,44.77,45.45,6194100.0,45.45
2007-12-21,47.15,47.15,46.44,46.86,6994500.0,46.86
2007-12-20,46.37,46.69,45.96,46.45,5916900.0,46.45
2007-12-19,46.88,47.3,46.05,46.36,5776300.0,46.36
2007-12-18,47.63,47.98,46.86,46.97,6989900.0,46.97
2007-12-17,48.25,48.25,47.61,47.73,4676600.0,47.73
2007-12-14,48.7,48.99,48.41,48.56,4444800.0,48.56
2007-12-13,48.39,48.95,48.26,48.83,5254400.0,48.83
2007-12-12,49.18,49.24,48.0,48.63,8588000.0,48.63
2007-12-11,47.95,48.68,47.95,48.2,6148200.0,48.2
2007-12-10,47.6,48.19,47.6,47.97,4670700.0,47.97
2007-12-07,49.1,49.11,47.4,47.56,9093700.0,47.56
2007-12-06,48.6,49.1,48.42,48.91,3657100.0,48.91
2007-12-05,48.64,49.1,48.18,48.81,4951300.0,48.81
2007-12-04,48.0,48.88,48.0,48.29,4230700.0,48.29
2007-12-03,48.98,49.2,48.01,48.38,6430800.0,48.38
2007-11-30,49.49,49.54,48.75,49.1,6839000.0,49.1
2007-11-29,48.46,49.27,47.99,49.0,5096400.0,49.0
2007-11-28,47.81,49.0,47.11,48.71,7183400.0,48.71
2007-11-27,45.76,47.65,45.76,47.55,8137200.0,47.55
2007-11-26,47.0,47.06,45.96,46.06,5332900.0,46.06
2007-11-23,46.6,46.96,46.32,46.9,4208200.0,46.9
2007-11-21,45.98,46.79,45.98,46.2,4985600.0,46.2
2007-11-20,46.39,46.81,44.76,46.45,7160500.0,46.45
2007-11-19,48.0,48.0,46.35,46.41,9727600.0,46.41
2007-11-16,47.5,47.9,47.25,47.78,8398400.0,47.78
2007-11-15,47.14,47.77,46.87,47.49,6429700.0,47.49
2007-11-14,47.24,47.88,46.6,47.42,8669000.0,47.42
2007-11-13,46.4,46.91,45.63,46.87,11900800.0,46.87
2007-11-12,45.03,46.67,44.65,46.04,10520900.0,46.04
2007-11-09,45.18,46.03,44.85,45.02,8976200.0,45.02
2007-11-08,46.01,47.36,44.75,45.68,26713600.0,45.68
2007-11-07,48.17,48.45,47.15,47.26,6605700.0,47.26
2007-11-06,48.37,48.42,47.18,48.12,7113400.0,48.12
2007-11-05,47.58,48.8,47.25,48.41,7547700.0,48.41
2007-11-02,47.24,47.67,46.82,47.54,6375500.0,47.54
2007-11-01,48.77,48.77,47.11,47.18,8115500.0,47.18
2007-10-31,48.84,48.84,48.1,48.63,5541700.0,48.63
2007-10-30,48.6,49.18,48.25,48.7,4637000.0,48.7
2007-10-29,49.0,49.28,48.4,48.79,5378100.0,48.79
2007-10-26,48.99,49.45,48.77,48.91,8553100.0,48.91
2007-10-25,47.8,48.72,47.65,48.51,8285400.0,48.51
2007-10-24,47.69,47.96,46.66,47.56,8847800.0,47.56
2007-10-23,47.0,47.93,46.5,47.84,6228300.0,47.84
2007-10-22,46.89,47.05,46.11,46.95,7829500.0,46.95
2007-10-19,47.62,48.05,47.05,47.16,9884400.0,47.16
2007-10-18,46.4,47.94,45.99,47.76,10827300.0,47.76
2007-10-17,46.2,46.69,45.87,46.35,8249800.0,46.35
2007-10-16,46.08,46.16,45.86,45.96,7493400.0,45.96
2007-10-15,46.04,46.27,45.76,45.99,6201200.0,45.99
2007-10-12,45.8,46.13,45.26,45.9,4063200.0,45.9
2007-10-11,46.25,46.38,45.5,45.78,6533400.0,45.78
2007-10-10,47.11,47.22,46.03,46.16,5482000.0,46.16
2007-10-09,47.05,47.47,46.74,47.1,3562200.0,47.1
2007-10-08,48.11,48.14,46.81,46.93,3758900.0,46.93
2007-10-05,46.8,47.81,46.79,47.69,8205400.0,47.69
2007-10-04,46.13,47.09,46.13,46.59,6319100.0,46.59
2007-10-03,45.35,46.51,45.0,46.23,9135400.0,46.23
2007-10-02,45.34,45.55,44.82,45.26,4411900.0,45.26
2007-10-01,44.72,45.65,44.48,45.43,6821300.0,45.43
2007-09-28,44.94,44.99,44.13,44.55,8490300.0,44.55
2007-09-27,44.7,45.55,44.36,44.79,12684600.0,44.79
2007-09-26,44.94,44.94,44.05,44.7,13130700.0,44.7
2007-09-25,44.5,44.72,44.3,44.53,7456800.0,44.53
2007-09-24,45.21,45.32,44.53,44.68,6803300.0,44.68
2007-09-21,45.24,45.57,44.92,45.21,10535200.0,45.21
2007-09-20,45.82,45.82,44.75,44.92,7604200.0,44.92
2007-09-19,46.07,46.33,45.02,45.82,10522400.0,45.82
2007-09-18,45.69,46.0,44.87,45.7,7262400.0,45.7
2007-09-17,46.2,46.39,45.38,45.65,4884200.0,45.65
2007-09-14,46.37,46.55,46.14,46.34,5387000.0,46.34
2007-09-13,46.12,46.98,46.02,46.68,5879600.0,46.68
2007-09-12,46.07,46.32,43.65,45.9,9558400.0,45.9
2007-09-11,46.4,46.46,45.84,46.29,9523300.0,46.29
2007-09-10,46.05,46.48,45.62,46.3,7008400.0,46.3
2007-09-07,45.11,46.32,45.11,45.72,17622200.0,45.72
2007-09-06,46.04,48.49,46.04,47.54,8407900.0,47.54
2007-09-05,46.77,47.35,46.34,46.94,6594000.0,46.94
2007-09-04,46.16,47.19,45.99,46.95,6831900.0,46.95
2007-08-31,46.95,47.21,46.15,46.3,6374000.0,46.3
2007-08-30,46.74,47.23,46.26,46.54,6799300.0,46.54
2007-08-29,46.72,47.19,46.31,47.08,7968000.0,47.08
2007-08-28,46.82,47.27,46.5,46.56,6989000.0,46.56
2007-08-27,46.65,47.27,46.22,47.03,4124300.0,47.03
2007-08-24,46.59,47.03,46.44,46.97,5394700.0,46.97
2007-08-23,46.79,47.0,46.23,46.61,7383000.0,46.61
2007-08-22,46.0,46.56,45.86,46.49,8641800.0,46.49
2007-08-21,45.0,45.8,44.81,45.57,6650900.0,45.57
2007-08-20,45.77,46.17,45.01,45.18,6312600.0,45.18
2007-08-17,46.87,47.0,44.98,45.33,12228800.0,45.33
2007-08-16,45.2,45.95,44.45,45.78,12420800.0,45.78
2007-08-15,45.0,45.96,44.77,45.54,9996800.0,45.54
2007-08-14,46.55,46.6,44.96,44.96,8895600.0,44.96
2007-08-13,47.0,47.0,45.3,46.45,10637300.0,46.45
2007-08-10,47.1,48.11,45.44,46.59,18225500.0,46.59
2007-08-09,49.98,51.95,47.77,49.58,11175400.0,49.58
2007-08-08,49.36,50.57,49.3,50.55,8955100.0,50.55
2007-08-07,48.1,50.4,47.34,49.34,7103800.0,49.34
2007-08-06,47.51,49.51,47.51,49.33,8936000.0,49.33
2007-08-03,49.0,49.52,48.3,48.45,13051000.0,48.45
2007-08-02,49.1,49.19,48.42,49.07,7427700.0,49.07
2007-08-01,49.42,49.87,48.37,49.28,11426100.0,49.28
2007-07-31,49.18,49.18,48.45,48.52,12171400.0,48.52
2007-07-30,48.4,49.96,47.01,48.56,14497000.0,48.56
2007-07-27,48.8,49.38,48.3,48.41,13532500.0,48.41
2007-07-26,49.0,50.18,48.82,48.82,20140800.0,48.82
2007-07-25,50.33,50.75,49.3,49.61,22216300.0,49.61
2007-07-24,52.02,54.94,50.28,50.3,31442400.0,50.3
2007-07-23,55.0,56.85,54.13,56.0,5552100.0,56.0
2007-07-20,55.0,56.5,55.0,55.6,8510300.0,55.6
2007-07-19,57.25,57.65,55.02,56.33,11783900.0,56.33
2007-07-18,58.0,58.0,55.93,56.61,6853700.0,56.61
2007-07-17,56.8,56.99,56.05,56.66,5659100.0,56.66
2007-07-16,56.55,57.2,56.55,56.63,3214600.0,56.63
2007-07-13,56.78,57.07,56.53,56.83,3928600.0,56.83
2007-07-12,55.88,57.03,55.53,56.99,6414100.0,56.99
2007-07-11,55.71,56.05,55.3,55.53,7992100.0,55.53
2007-07-10,56.55,57.07,55.94,56.03,6837200.0,56.03
2007-07-09,57.17,57.3,56.53,56.64,4639300.0,56.64
2007-07-06,57.49,57.5,56.9,57.17,2418100.0,57.17
2007-07-05,57.3,57.75,57.03,57.35,4098900.0,57.35
2007-07-03,57.88,57.98,57.48,57.48,1724700.0,57.48
2007-07-02,57.35,58.0,57.35,57.8,3751600.0,57.8
2007-06-29,57.15,57.49,56.77,57.34,6085200.0,57.34
2007-06-28,57.51,62.2,55.35,57.02,7607000.0,57.02
2007-06-27,56.42,57.15,56.35,56.85,5234900.0,56.85
2007-06-26,56.22,57.56,55.96,57.0,6941800.0,57.0
2007-06-25,56.0,56.65,55.48,55.76,5061100.0,55.76
2007-06-22,56.68,56.99,55.73,55.89,6741700.0,55.89
2007-06-21,56.75,57.12,55.87,57.07,5644700.0,57.07
2007-06-20,58.16,58.41,56.89,57.0,6367100.0,57.0
2007-06-19,58.11,58.44,57.86,57.98,5467400.0,57.98
2007-06-18,58.17,58.56,57.89,58.1,5491900.0,58.1
2007-06-15,57.82,58.33,57.71,58.16,7251500.0,58.16
2007-06-14,57.45,57.6,57.07,57.52,6011100.0,57.52
2007-06-13,55.83,57.28,55.83,57.23,5709100.0,57.23
2007-06-12,56.66,57.0,56.18,56.23,5868932.0,56.23
2007-06-11,57.0,57.38,56.69,56.99,4285200.0,56.99
2007-06-08,56.15,57.08,56.15,56.97,5974900.0,56.97
2007-06-07,57.0,57.18,56.25,56.29,7187900.0,56.29
2007-06-06,57.65,57.75,57.31,57.51,5518500.0,57.51
2007-06-05,57.2,57.91,57.2,57.7,4394200.0,57.7
2007-06-04,57.63,58.17,57.43,58.01,5861300.0,58.01
2007-06-01,58.28,58.28,57.19,57.71,5344300.0,57.71
2007-05-31,58.0,58.2,57.7,57.84,7358900.0,57.84
2007-05-30,57.44,57.77,57.02,57.5,6804200.0,57.5
2007-05-29,58.15,58.25,57.53,57.77,6604300.0,57.77
2007-05-25,57.8,58.17,57.51,57.71,3786000.0,57.71
2007-05-24,58.45,58.6,57.89,58.17,10657700.0,58.17
2007-05-23,58.78,59.0,57.81,58.29,8630500.0,58.29
2007-05-22,57.5,58.65,57.15,58.42,11325600.0,58.42
2007-05-21,57.33,58.49,56.78,58.41,28057800.0,58.41
2007-05-18,56.18,56.73,56.11,56.38,5563500.0,56.38
2007-05-17,56.51,56.51,55.93,56.08,3792400.0,56.08
2007-05-16,55.9,56.64,55.87,56.55,3963600.0,56.55
2007-05-15,55.5,56.15,55.4,55.67,6263200.0,55.67
2007-05-14,55.72,55.94,55.11,55.29,5392800.0,55.29
2007-05-11,55.28,55.88,55.28,55.85,4824500.0,55.85
2007-05-10,56.87,56.87,55.16,55.21,4880100.0,55.21
2007-05-09,57.13,57.59,56.57,56.82,5028900.0,56.82
2007-05-08,56.96,57.13,56.6,56.9,5663400.0,56.9
2007-05-07,57.0,57.45,56.98,57.31,4411400.0,57.31
2007-05-04,56.85,57.45,56.65,57.09,7002300.0,57.09
2007-05-03,56.0,56.76,55.9,56.66,10023000.0,56.66
2007-05-02,55.8,56.04,55.44,55.83,5170700.0,55.83
2007-05-01,55.73,55.84,55.48,55.68,7694100.0,55.68
2007-04-30,55.5,55.91,55.33,55.5,8312800.0,55.5
2007-04-27,55.0,55.67,55.0,55.45,8163700.0,55.45
2007-04-26,54.91,56.21,54.91,56.0,4868200.0,56.0
2007-04-25,56.24,56.29,55.72,56.12,9878400.0,56.12
2007-04-24,55.63,55.75,55.0,55.53,6514500.0,55.53
2007-04-23,55.5,56.29,55.36,55.73,6903900.0,55.73
2007-04-20,55.67,56.4,55.18,55.83,9857800.0,55.83
2007-04-19,55.0,56.0,54.26,55.66,9725600.0,55.66
2007-04-18,56.0,56.5,55.89,56.33,5076400.0,56.33
2007-04-17,56.6,56.82,56.08,56.34,7184800.0,56.34
2007-04-16,56.36,56.88,56.26,56.82,9789700.0,56.82
2007-04-13,55.1,56.5,54.91,56.28,13513000.0,56.28
2007-04-12,54.0,55.06,54.0,54.83,8558500.0,54.83
2007-04-11,53.75,54.38,53.59,54.27,8884700.0,54.27
2007-04-10,53.0,53.89,52.9,53.75,9257000.0,53.75
2007-04-09,52.71,53.05,51.65,52.94,4951700.0,52.94
2007-04-05,53.05,53.21,52.69,52.86,6086800.0,52.86
2007-04-04,51.64,52.68,51.25,52.47,8300200.0,52.47
2007-04-03,51.0,51.73,50.8,51.56,6645800.0,51.56
2007-04-02,50.93,51.14,50.51,50.61,8029200.0,50.61
2007-03-30,49.89,50.43,49.53,50.03,4988900.0,50.03
2007-03-29,50.1,50.46,49.83,49.9,5178500.0,49.9
2007-03-28,49.67,50.16,49.59,49.69,5242100.0,49.69
2007-03-27,50.73,50.73,49.65,49.77,5463700.0,49.77
2007-03-26,50.35,50.9,49.87,50.71,5584400.0,50.71
2007-03-23,50.45,50.71,50.21,50.55,4326300.0,50.55
2007-03-22,51.66,51.7,50.31,50.86,6006800.0,50.86
2007-03-21,49.65,50.41,49.6,50.34,5173500.0,50.34
2007-03-20,49.51,49.93,49.18,49.65,6949300.0,49.65
2007-03-19,48.6,49.86,48.27,49.84,7099300.0,49.84
2007-03-16,48.36,48.59,48.06,48.28,7144500.0,48.28
2007-03-15,48.79,49.03,48.18,48.37,6602400.0,48.37
2007-03-14,49.14,49.24,48.26,48.88,6167100.0,48.88
2007-03-13,49.73,49.95,48.89,48.96,5624700.0,48.96
2007-03-12,49.43,50.09,49.35,50.07,4872200.0,50.07
2007-03-09,49.35,49.73,49.24,49.66,7619300.0,49.66
2007-03-08,49.34,49.75,49.17,49.26,5874600.0,49.26
2007-03-07,49.2,49.94,48.95,49.03,6631900.0,49.03
2007-03-06,48.83,49.49,48.83,49.35,5476400.0,49.35
2007-03-05,48.67,49.25,48.65,48.7,7356600.0,48.7
2007-03-02,49.05,49.6,48.78,48.82,7420400.0,48.82
2007-03-01,48.5,49.61,47.75,49.42,8605000.0,49.42
2007-02-28,48.96,49.58,48.71,48.94,11981500.0,48.94
2007-02-27,49.7,50.3,48.52,49.0,7087700.0,49.0
2007-02-26,50.57,50.88,50.2,50.27,5318800.0,50.27
2007-02-23,50.15,50.95,50.03,50.64,5623100.0,50.64
2007-02-22,49.82,50.63,49.8,50.26,5420300.0,50.26
2007-02-21,50.1,50.43,49.85,49.95,6105400.0,49.95
2007-02-20,50.99,51.0,50.24,50.45,4802600.0,50.45
2007-02-16,50.68,50.79,50.28,50.71,4453000.0,50.71
2007-02-15,50.25,50.8,50.17,50.67,7060600.0,50.67
2007-02-14,49.44,50.34,49.44,50.25,4695400.0,50.25
2007-02-13,49.75,50.04,49.59,49.84,3676000.0,49.84
2007-02-12,49.95,49.99,49.54,49.6,4042300.0,49.6
2007-02-09,50.02,50.21,49.58,49.64,4424000.0,49.64
2007-02-08,50.3,50.4,50.0,50.33,5425100.0,50.33
2007-02-07,50.68,50.69,50.03,50.22,6317000.0,50.22
2007-02-06,50.25,50.53,50.06,50.48,5270600.0,50.48
2007-02-05,50.47,50.61,49.99,50.43,6231600.0,50.43
2007-02-02,50.61,50.95,50.32,50.46,10475700.0,50.46
2007-02-01,49.9,50.84,49.03,50.62,9043100.0,50.62
2007-01-31,49.32,50.64,48.78,49.41,9647100.0,49.41
2007-01-30,49.3,50.13,49.3,49.36,13721300.0,49.36
2007-01-29,51.07,51.13,50.45,50.6,4741000.0,50.6
2007-01-26,51.31,51.34,50.89,50.95,8134900.0,50.95
2007-01-25,51.55,51.6,51.0,51.41,4907600.0,51.41
2007-01-24,51.3,51.68,51.03,51.65,7202300.0,51.65
2007-01-23,51.15,51.4,49.82,51.17,11900300.0,51.17
2007-01-22,51.4,51.8,50.88,50.9,6328500.0,50.9
2007-01-19,52.02,52.25,51.38,51.5,4240500.0,51.5
2007-01-18,51.6,51.88,51.08,51.88,5625400.0,51.88
2007-01-17,50.65,51.56,50.45,51.14,5886100.0,51.14
2007-01-16,50.61,50.79,50.12,50.47,6405800.0,50.47
2007-01-12,51.21,52.01,50.59,50.61,7230600.0,50.61
2007-01-11,51.37,51.6,51.17,51.22,5347400.0,51.22
2007-01-10,51.67,51.93,51.24,51.4,4807800.0,51.4
2007-01-09,51.7,52.12,51.45,51.96,5214600.0,51.96
2007-01-08,51.1,51.6,50.78,51.38,4499900.0,51.38
2007-01-05,51.5,51.78,51.19,51.35,3744900.0,51.35
2007-01-04,51.37,52.01,51.15,51.69,7256500.0,51.69
2007-01-03,51.02,51.72,51.0,51.41,6799700.0,51.41
2006-12-29,51.32,51.45,50.61,50.92,3440500.0,50.92
2006-12-28,51.15,51.5,50.88,51.42,2401100.0,51.42
2006-12-27,51.02,51.54,50.99,51.3,3159000.0,51.3
2006-12-26,50.97,50.97,50.56,50.79,2592100.0,50.79
2006-12-22,50.9,51.15,50.66,50.88,2705700.0,50.88
2006-12-21,51.4,51.54,50.85,51.0,3702700.0,51.0
2006-12-20,51.19,51.4,50.89,51.4,4034800.0,51.4
2006-12-19,50.91,51.51,50.78,51.4,4783600.0,51.4
2006-12-18,51.04,51.42,50.87,51.24,2983500.0,51.24
2006-12-15,51.45,51.5,50.97,51.17,5995500.0,51.17
2006-12-14,50.7,51.46,50.68,51.36,3833200.0,51.36
2006-12-13,50.92,50.95,50.51,50.74,3191400.0,50.74
2006-12-12,50.57,50.6,49.85,50.54,5158500.0,50.54
2006-12-11,50.18,50.6,50.18,50.44,3758400.0,50.44
2006-12-08,50.3,50.43,49.82,50.41,3147100.0,50.41
2006-12-07,50.3,50.42,49.77,50.29,5011300.0,50.29
2006-12-06,50.25,50.46,49.58,50.38,6717300.0,50.38
2006-12-05,49.6,50.24,49.48,50.21,6904900.0,50.21
2006-12-04,49.75,49.76,49.0,49.32,9109900.0,49.32
2006-12-01,48.2,48.55,48.05,48.5,5206000.0,48.5
2006-11-30,48.23,48.58,48.03,48.28,5358200.0,48.28
2006-11-29,48.0,48.23,47.54,48.09,8346300.0,48.09
2006-11-28,47.72,47.99,47.35,47.59,7334700.0,47.59
2006-11-27,48.01,48.24,47.51,47.88,7698900.0,47.88
2006-11-24,48.33,48.5,48.02,48.05,2860300.0,48.05
2006-11-22,48.61,48.69,48.35,48.39,6210300.0,48.39
2006-11-21,49.49,49.59,48.59,48.68,8511600.0,48.68
2006-11-20,49.65,50.05,49.46,49.7,4534500.0,49.7
2006-11-17,49.75,50.24,49.72,49.87,5589400.0,49.87
2006-11-16,49.6,49.9,49.14,49.77,6872700.0,49.77
2006-11-15,49.0,49.19,48.68,48.91,7051700.0,48.91
2006-11-14,48.86,49.0,48.1,48.9,6690400.0,48.9
2006-11-13,48.26,49.04,48.26,48.85,7939600.0,48.85
2006-11-10,48.38,49.05,47.61,48.62,13036900.0,48.62
2006-11-09,50.64,50.81,48.29,48.61,15322800.0,48.61
2006-11-08,51.39,51.39,50.47,51.15,8933400.0,51.15
2006-11-07,51.35,52.16,51.0,51.54,8524200.0,51.54
2006-11-06,50.25,51.15,50.07,51.1,7476100.0,51.1
2006-11-03,50.3,50.64,50.11,50.19,6846700.0,50.19
2006-11-02,50.37,50.74,50.15,50.38,8830300.0,50.38
2006-11-01,51.37,51.41,50.29,50.41,7307500.0,50.41
2006-10-31,51.68,51.7,50.81,51.03,8213800.0,51.03
2006-10-30,52.12,52.14,51.41,51.49,5568600.0,51.49
2006-10-27,52.5,52.5,51.73,52.0,7628600.0,52.0
2006-10-26,52.5,52.72,51.93,52.62,7132000.0,52.62
2006-10-25,52.53,52.72,51.67,52.4,5419200.0,52.4
2006-10-24,51.5,52.51,51.18,52.32,6977800.0,52.32
2006-10-23,52.2,52.39,51.78,51.85,6019900.0,51.85
2006-10-20,52.68,52.81,52.02,52.49,7682300.0,52.49
2006-10-19,53.49,54.13,52.8,53.05,5359800.0,53.05
2006-10-18,52.95,53.35,52.4,53.19,5852200.0,53.19
2006-10-17,51.64,52.94,51.56,52.8,6296100.0,52.8
2006-10-16,51.75,51.87,51.37,51.64,4585600.0,51.64
2006-10-13,51.78,51.92,51.37,51.66,4020800.0,51.66
2006-10-12,51.52,51.93,51.36,51.93,4180600.0,51.93
2006-10-11,51.65,51.84,50.96,51.51,5131900.0,51.51
2006-10-10,51.55,51.76,51.2,51.65,5392400.0,51.65
2006-10-09,51.8,51.84,51.24,51.51,5778900.0,51.51
2006-10-06,51.6,51.79,51.27,51.7,6723200.0,51.7
2006-10-05,50.93,51.31,49.67,50.9,10202100.0,50.9
2006-10-04,51.14,51.87,50.6,51.18,9935000.0,51.18
2006-10-03,50.55,51.26,50.44,50.92,4817400.0,50.92
2006-10-02,50.9,51.16,50.19,50.37,5107600.0,50.37
2006-09-29,50.31,51.32,50.21,50.84,4565400.0,50.84
2006-09-28,50.21,50.47,49.75,50.27,3084000.0,50.27
2006-09-27,50.5,50.73,49.88,50.08,4045800.0,50.08
2006-09-26,50.7,50.86,50.12,50.67,4662300.0,50.67
2006-09-25,50.35,50.75,49.84,50.73,4962400.0,50.73
2006-09-22,50.5,50.51,49.78,50.05,4059500.0,50.05
2006-09-21,50.5,51.1,50.28,50.59,3589600.0,50.59
2006-09-20,50.73,51.45,50.7,50.89,6623300.0,50.89
2006-09-19,50.19,50.58,49.81,50.55,4782800.0,50.55
2006-09-18,49.8,50.44,49.8,50.3,3870700.0,50.3
2006-09-15,50.18,50.48,49.84,50.08,4811800.0,50.08
2006-09-14,49.85,50.14,49.37,49.98,4280300.0,49.98
2006-09-13,49.95,50.1,49.61,49.9,4771500.0,49.9
2006-09-12,49.15,50.0,49.04,49.92,4996900.0,49.92
2006-09-11,48.25,48.89,48.17,48.8,2677000.0,48.8
2006-09-08,48.31,48.49,48.1,48.25,2434900.0,48.25
2006-09-07,48.15,48.47,48.05,48.21,2491100.0,48.21
2006-09-06,48.49,48.52,48.0,48.33,3022500.0,48.33
2006-09-05,48.97,49.0,48.35,48.58,3633000.0,48.58
2006-09-01,48.95,49.15,48.73,49.04,2697100.0,49.04
2006-08-31,48.67,48.78,48.36,48.7,3794200.0,48.7
2006-08-30,48.69,48.8,48.47,48.75,5105200.0,48.75
2006-08-29,48.17,48.98,48.0,48.7,5425500.0,48.7
2006-08-28,47.75,48.62,47.68,48.3,6193800.0,48.3
2006-08-25,47.62,47.98,47.41,47.66,3126000.0,47.66
2006-08-24,47.63,48.11,47.6,47.87,4028000.0,47.87
2006-08-23,47.36,47.83,47.3,47.62,3820500.0,47.62
2006-08-22,46.47,47.9,46.27,47.52,7891000.0,47.52
2006-08-21,46.8,47.05,46.24,46.47,4931400.0,46.47
2006-08-18,47.35,47.35,46.9,47.26,3118100.0,47.26
2006-08-17,47.07,47.54,47.05,47.45,4403400.0,47.45
2006-08-16,47.69,47.84,47.18,47.3,4768500.0,47.3
2006-08-15,47.56,47.78,47.37,47.64,4714800.0,47.64
2006-08-14,47.5,47.87,47.3,47.31,3750700.0,47.31
2006-08-11,47.45,47.77,47.19,47.45,3611900.0,47.45
2006-08-10,48.2,48.34,47.64,47.86,7244900.0,47.86
2006-08-09,48.68,48.95,48.62,48.69,3614700.0,48.69
2006-08-08,48.87,48.98,48.53,48.73,4187000.0,48.73
2006-08-07,48.65,48.8,48.44,48.62,4023200.0,48.62
2006-08-04,48.95,48.95,48.54,48.8,4600100.0,48.8
2006-08-03,48.25,49.0,48.21,48.54,3010200.0,48.54
2006-08-02,48.54,48.79,48.23,48.5,3045700.0,48.5
2006-08-01,48.2,48.85,48.15,48.52,3384700.0,48.52
2006-07-31,48.56,48.9,48.01,48.47,3712400.0,48.47
2006-07-28,48.22,48.98,48.16,48.86,5256500.0,48.86
2006-07-27,47.71,48.38,47.65,47.97,4874300.0,47.97
2006-07-26,47.14,47.97,47.01,47.65,8209700.0,47.65
2006-07-25,47.39,47.75,47.24,47.47,5722900.0,47.47
2006-07-24,45.75,47.85,45.75,47.39,8544700.0,47.39
2006-07-21,45.15,45.64,44.81,45.5,8998100.0,45.5
2006-07-20,44.95,45.35,44.56,44.99,6727400.0,44.99
2006-07-19,43.65,44.6,43.45,44.33,6339400.0,44.33
2006-07-18,43.1,43.48,42.85,43.16,3409200.0,43.16
2006-07-17,43.25,43.56,42.9,43.26,4318200.0,43.26
2006-07-14,43.12,43.53,42.82,43.15,5573700.0,43.15
2006-07-13,43.25,43.48,42.48,42.93,10072200.0,42.93
2006-07-12,44.5,44.59,43.78,43.82,5267900.0,43.82
2006-07-11,44.85,44.85,44.0,44.4,10303900.0,44.4
2006-07-10,45.39,45.5,44.77,44.91,1859300.0,44.91
2006-07-07,45.06,45.43,44.93,45.15,3623300.0,45.15
2006-07-06,44.68,45.2,44.63,45.06,3849900.0,45.06
2006-07-05,44.4,44.86,44.18,44.5,4619700.0,44.5
2006-07-03,44.25,44.56,44.05,44.4,2378700.0,44.4
2006-06-30,44.13,44.8,43.95,44.41,5195000.0,44.41
2006-06-29,43.09,44.07,43.08,43.95,5510000.0,43.95
2006-06-28,42.53,43.14,42.33,43.04,5890400.0,43.04
2006-06-27,43.6,43.6,41.91,42.37,6656300.0,42.37
2006-06-26,43.45,43.52,43.03,43.45,3424200.0,43.45
2006-06-23,43.1,43.74,42.8,43.28,3054200.0,43.28
2006-06-22,43.31,43.54,42.98,43.26,4084200.0,43.26
2006-06-21,43.75,43.81,43.19,43.3,5173500.0,43.3
2006-06-20,43.85,43.91,43.47,43.6,5052400.0,43.6
2006-06-19,44.02,44.2,43.63,43.7,4111800.0,43.7
2006-06-16,43.88,44.26,43.8,44.09,4924700.0,44.09
2006-06-15,43.6,44.21,43.12,44.13,4700100.0,44.13
2006-06-14,43.4,43.96,43.13,43.56,4949200.0,43.56
2006-06-13,43.61,44.52,43.52,43.75,5397000.0,43.75
2006-06-12,44.36,44.5,43.61,43.74,4157800.0,43.74
2006-06-09,44.3,44.79,44.02,44.36,4200100.0,44.36
2006-06-08,44.8,45.0,44.32,44.79,4832100.0,44.79
2006-06-07,45.27,45.7,44.94,45.11,5595100.0,45.11
2006-06-06,45.02,45.29,44.67,44.92,5388300.0,44.92
2006-06-05,45.44,45.59,44.72,44.78,5258300.0,44.78
2006-06-02,45.8,45.81,44.88,45.44,6114000.0,45.44
2006-06-01,45.86,46.07,45.62,45.8,6430400.0,45.8
2006-05-31,46.1,46.18,45.23,45.74,9137600.0,45.74
2006-05-30,46.65,47.14,45.78,46.32,9605500.0,46.32
2006-05-26,48.2,48.24,47.56,47.87,2493800.0,47.87
2006-05-25,47.05,47.91,46.96,47.89,5324700.0,47.89
2006-05-24,48.25,48.5,46.4,46.76,8898000.0,46.76
2006-05-23,47.5,48.05,46.98,47.4,8043000.0,47.4
2006-05-22,48.92,49.49,48.81,48.83,4452000.0,48.83
2006-05-19,49.0,49.17,48.44,48.95,4506900.0,48.95
2006-05-18,49.0,49.13,48.4,48.95,3954300.0,48.95
2006-05-17,49.46,49.99,48.63,49.01,4477100.0,49.01
2006-05-16,49.49,49.92,49.32,49.71,3572400.0,49.71
2006-05-15,49.0,49.65,48.89,49.43,4362500.0,49.43
2006-05-12,48.49,49.07,48.38,48.87,6037100.0,48.87
2006-05-11,48.0,48.38,47.61,48.24,4636800.0,48.24
2006-05-10,48.35,48.5,47.71,48.0,4891500.0,48.0
2006-05-09,48.75,49.0,48.25,48.69,4396500.0,48.69
2006-05-08,49.62,49.74,48.94,49.0,5887800.0,49.0
2006-05-05,49.54,50.2,49.21,49.96,5707000.0,49.96
2006-05-04,49.16,49.6,49.04,49.54,5012600.0,49.54
2006-05-03,48.73,49.2,48.59,49.09,4143400.0,49.09
2006-05-02,48.66,48.86,48.41,48.86,2869000.0,48.86
2006-05-01,48.75,48.98,48.5,48.66,4997500.0,48.66
2006-04-28,48.57,48.93,48.32,48.67,5049300.0,48.67
2006-04-27,47.75,48.82,47.62,48.57,8156800.0,48.57
2006-04-26,47.5,47.89,47.42,47.72,4662900.0,47.72
2006-04-25,47.45,47.49,46.89,47.12,4275900.0,47.12
2006-04-24,47.44,47.96,47.23,47.29,4512000.0,47.29
2006-04-21,48.49,48.53,47.45,47.5,7986900.0,47.5
2006-04-20,46.65,47.5,46.2,46.77,5989200.0,46.77
2006-04-19,45.95,46.42,45.28,46.24,6295800.0,46.24
2006-04-18,46.0,46.09,45.71,46.05,9663800.0,46.05
2006-04-17,46.31,46.43,45.62,45.88,3614900.0,45.88
2006-04-13,46.5,46.57,46.08,46.22,4738900.0,46.22
2006-04-12,46.99,46.99,46.53,46.7,4687200.0,46.7
2006-04-11,47.65,47.65,46.76,47.04,4081400.0,47.04
2006-04-10,47.43,47.65,47.05,47.63,3253700.0,47.63
2006-04-07,48.15,48.28,47.3,47.43,3890100.0,47.43
2006-04-06,48.38,48.38,47.94,48.15,3961500.0,48.15
2006-04-05,48.86,49.09,48.34,48.38,4350700.0,48.38
2006-04-04,48.85,49.25,48.22,49.09,4251100.0,49.09
2006-04-03,48.63,49.04,48.52,48.73,3477000.0,48.73
2006-03-31,48.88,49.1,48.24,48.52,4218600.0,48.52
2006-03-30,48.5,49.17,48.37,48.66,3493400.0,48.66
2006-03-29,49.1,49.3,48.47,48.8,2350700.0,48.8
2006-03-28,48.92,49.14,48.55,48.89,4564100.0,48.89
2006-03-27,49.76,49.94,49.1,49.17,3595200.0,49.17
2006-03-24,49.91,49.99,49.45,49.87,3428900.0,49.87
2006-03-23,49.71,49.96,49.5,49.91,2942000.0,49.91
2006-03-22,48.54,49.99,48.54,49.93,3791800.0,49.93
2006-03-21,49.8,49.88,48.76,49.23,4733700.0,49.23
2006-03-20,49.76,50.15,49.6,49.88,2078500.0,49.88
2006-03-17,49.95,50.18,49.45,49.8,5407700.0,49.8
2006-03-16,49.41,49.9,49.21,49.67,2400300.0,49.67
2006-03-15,49.3,49.48,48.99,49.35,2848300.0,49.35
2006-03-14,48.84,49.17,48.49,49.08,3335500.0,49.08
2006-03-13,49.0,49.59,48.41,48.95,3931200.0,48.95
2006-03-10,49.0,49.09,48.6,48.9,3332300.0,48.9
2006-03-09,49.3,49.3,48.61,48.81,4476600.0,48.81
2006-03-08,49.2,49.42,48.95,49.2,4679000.0,49.2
2006-03-07,48.95,49.5,48.64,49.2,3438400.0,49.2
2006-03-06,49.75,49.85,48.84,49.15,4411200.0,49.15
2006-03-03,49.5,50.27,49.33,49.86,2985800.0,49.86
2006-03-02,49.8,50.2,49.57,49.7,4754100.0,49.7
2006-03-01,49.95,50.49,49.37,50.04,5119700.0,50.04
2006-02-28,49.66,49.97,49.54,49.8,6615700.0,49.8
2006-02-27,49.2,50.46,49.18,50.05,6404800.0,50.05
2006-02-24,48.76,49.3,48.63,49.14,5609600.0,49.14
2006-02-23,48.44,48.88,48.15,48.76,3803600.0,48.76
2006-02-22,48.57,48.7,48.16,48.64,3817700.0,48.64
2006-02-21,48.4,48.43,48.05,48.2,3427800.0,48.2
2006-02-17,48.15,48.38,47.86,48.38,3960200.0,48.38
2006-02-16,47.64,48.41,47.41,48.3,3958800.0,48.3
2006-02-15,47.0,47.85,46.95,47.75,4036000.0,47.75
2006-02-14,46.4,47.33,46.22,47.01,4905600.0,47.01
2006-02-13,46.1,46.17,45.55,46.17,4281100.0,46.17
2006-02-10,46.3,46.41,45.91,46.17,3018000.0,46.17
2006-02-09,45.9,46.59,45.67,46.27,5105300.0,46.27
2006-02-08,45.94,45.94,45.5,45.78,4301500.0,45.78
2006-02-07,46.0,46.46,45.58,45.64,3825200.0,45.64
2006-02-06,46.69,46.9,45.79,45.97,4438700.0,45.97
2006-02-03,46.2,47.03,45.6,46.86,4694000.0,46.86
2006-02-02,46.5,46.87,46.25,46.48,4198000.0,46.48
2006-02-01,46.0,46.8,45.8,45.98,5807300.0,45.98
2006-01-31,46.4,46.45,45.35,46.25,7934400.0,46.25
2006-01-30,47.2,47.25,46.64,46.93,3345400.0,46.93
2006-01-27,46.55,47.54,46.15,47.18,3613800.0,47.18
2006-01-26,46.55,47.1,46.55,46.64,5182900.0,46.64
2006-01-25,46.9,47.06,46.26,46.47,3585900.0,46.47
2006-01-24,46.85,47.16,46.31,46.65,4722900.0,46.65
2006-01-23,46.89,47.39,46.82,46.96,3132000.0,46.96
2006-01-20,47.77,47.82,46.6,46.77,4573800.0,46.77
2006-01-19,47.99,48.14,47.44,47.98,5341500.0,47.98
2006-01-18,48.05,48.67,47.8,47.92,5649500.0,47.92
2006-01-17,47.75,48.23,47.75,48.09,4391200.0,48.09
2006-01-13,47.7,48.33,47.5,48.28,5484100.0,48.28
2006-01-12,47.56,47.64,47.16,47.64,5474600.0,47.64
2006-01-11,47.86,48.0,47.05,47.47,4412400.0,47.47
2006-01-10,47.35,48.01,47.3,47.81,5054000.0,47.81
2006-01-09,46.66,47.98,46.66,47.52,3803200.0,47.52
2006-01-06,46.9,47.82,46.86,47.76,4359700.0,47.76
2006-01-05,46.65,47.11,46.61,46.86,4300500.0,46.86
2006-01-04,46.5,47.15,46.32,46.52,5401200.0,46.52
2006-01-03,46.15,46.51,45.79,46.5,5590700.0,46.5
2005-12-30,46.06,46.37,45.9,46.07,2577200.0,46.07
2005-12-29,47.0,47.18,46.23,46.4,3400400.0,46.4
2005-12-28,47.25,47.5,47.1,47.14,2934300.0,47.14
2005-12-27,47.5,47.88,47.13,47.19,4302400.0,47.19
2005-12-23,46.99,47.84,46.75,47.48,5228300.0,47.48
2005-12-22,46.15,46.9,45.86,46.77,4382800.0,46.77
2005-12-21,46.15,46.59,45.98,46.07,3105600.0,46.07
2005-12-20,46.2,46.42,45.47,45.68,3991800.0,45.68
2005-12-19,45.6,46.96,45.6,46.31,10315600.0,46.31
2005-12-16,44.4,45.12,44.36,44.88,5482700.0,44.88
2005-12-15,44.83,44.94,44.42,44.6,4080600.0,44.6
2005-12-14,44.5,45.07,44.42,44.77,3980400.0,44.77
2005-12-13,44.0,44.7,43.9,44.56,5877400.0,44.56
2005-12-12,44.16,44.21,43.51,44.1,5385700.0,44.1
2005-12-09,43.61,44.38,43.59,44.06,7787600.0,44.06
2005-12-08,42.74,43.6,42.68,43.5,8014100.0,43.5
2005-12-07,42.83,42.85,42.39,42.7,4964500.0,42.7
2005-12-06,42.8,43.0,42.55,42.73,5323200.0,42.73
2005-12-05,43.1,43.2,42.42,42.72,6978600.0,42.72
2005-12-02,41.45,43.26,41.21,43.2,12533700.0,43.2
2005-12-01,41.8,41.9,40.9,41.2,12589700.0,41.2
2005-11-30,41.93,42.26,41.5,41.56,7241900.0,41.56
2005-11-29,42.8,42.94,41.88,41.93,8316500.0,41.93
2005-11-28,43.3,43.46,42.79,42.93,4578100.0,42.93
2005-11-25,43.05,43.3,43.0,43.15,997800.0,43.15
2005-11-23,43.25,43.4,42.88,43.12,2506000.0,43.12
2005-11-22,42.85,43.22,42.72,43.05,3687500.0,43.05
2005-11-21,43.25,43.43,42.95,43.2,5272300.0,43.2
2005-11-18,43.1,43.4,42.82,43.17,5086400.0,43.17
2005-11-17,42.81,43.13,42.59,43.08,3871200.0,43.08
2005-11-16,43.16,43.44,42.51,42.71,4416200.0,42.71
2005-11-15,43.42,43.7,42.9,43.16,4451100.0,43.16
2005-11-14,44.08,44.08,43.01,43.32,6932100.0,43.32
2005-11-11,44.15,44.28,43.88,44.08,4482600.0,44.08
2005-11-10,44.41,44.59,43.86,44.29,3177300.0,44.29
2005-11-09,44.52,44.55,43.94,44.26,3951800.0,44.26
2005-11-08,44.6,45.03,44.53,44.65,2806000.0,44.65
2005-11-07,45.01,45.1,44.71,44.97,4710000.0,44.97
2005-11-04,44.69,45.19,44.69,45.0,6519500.0,45.0
2005-11-03,44.55,44.85,44.06,44.7,6023700.0,44.7
2005-11-02,43.8,44.16,43.72,44.07,5067100.0,44.07
2005-11-01,44.4,44.46,43.69,43.82,4763800.0,43.82
2005-10-31,44.8,45.04,44.23,44.56,5729700.0,44.56
2005-10-28,44.34,44.7,43.9,44.7,5629400.0,44.7
2005-10-27,44.6,44.71,44.19,44.27,2772000.0,44.27
2005-10-26,45.07,45.26,44.59,44.6,4159000.0,44.6
2005-10-25,45.54,45.56,44.65,44.95,4344200.0,44.95
2005-10-24,45.25,45.73,45.0,45.5,5544600.0,45.5
2005-10-21,46.23,46.85,44.7,45.0,8900800.0,45.0
2005-10-20,46.8,46.9,46.2,46.23,5971100.0,46.23
2005-10-19,46.75,46.95,46.25,46.8,9465500.0,46.8
2005-10-18,45.15,45.64,44.88,45.12,3284000.0,45.12
2005-10-17,45.15,45.42,44.77,45.36,3525000.0,45.36
2005-10-14,45.45,45.47,45.03,45.09,3866100.0,45.09
2005-10-13,45.01,45.8,45.01,45.39,4936100.0,45.39
2005-10-12,45.5,46.0,45.3,45.36,3950900.0,45.36
2005-10-11,45.73,45.85,45.23,45.29,3666300.0,45.29
2005-10-10,45.71,45.91,45.17,45.48,4013200.0,45.48
2005-10-07,46.9,46.93,45.52,45.71,8137000.0,45.71
2005-10-06,46.1,46.88,45.53,46.07,4744200.0,46.07
2005-10-05,46.2,46.83,46.08,46.08,3978800.0,46.08
2005-10-04,45.95,46.96,45.92,46.3,5034000.0,46.3
2005-10-03,46.13,46.14,45.55,45.72,3939000.0,45.72
2005-09-30,45.44,46.5,45.17,46.27,4316900.0,46.27
2005-09-29,45.12,45.35,44.68,45.32,3589900.0,45.32
2005-09-28,44.9,45.53,44.9,45.26,3116000.0,45.26
2005-09-27,44.84,45.1,44.37,44.76,3323700.0,44.76
2005-09-26,45.45,45.81,44.46,44.94,3184300.0,44.94
2005-09-23,45.0,45.79,44.78,45.45,2468200.0,45.45
2005-09-22,44.87,45.39,44.79,44.91,2231800.0,44.91
2005-09-21,45.07,45.4,44.66,44.76,2811600.0,44.76
2005-09-20,45.3,45.53,45.02,45.25,2424900.0,45.25
2005-09-19,45.53,45.53,45.13,45.36,2722300.0,45.36
2005-09-16,45.0,45.67,44.91,45.66,7482400.0,45.66
2005-09-15,45.4,45.6,44.97,45.0,3287500.0,45.0
2005-09-14,45.4,45.59,45.03,45.2,3131800.0,45.2
2005-09-13,45.7,45.7,45.1,45.2,3422400.0,45.2
2005-09-12,45.83,45.89,45.41,45.67,2999200.0,45.67
2005-09-09,45.85,46.0,45.76,45.83,3033300.0,45.83
2005-09-08,46.35,46.35,45.54,45.94,3800300.0,45.94
2005-09-07,46.3,46.76,46.24,46.51,9253400.0,46.51
2005-09-06,45.92,46.34,45.87,46.23,2552100.0,46.23
2005-09-02,45.7,45.79,45.45,45.67,1586900.0,45.67
2005-09-01,45.6,46.08,45.52,45.55,2936400.0,45.55
2005-08-31,45.76,45.85,45.05,45.79,5021600.0,45.79
2005-08-30,45.81,45.92,45.36,45.63,3283700.0,45.63
2005-08-29,45.2,46.26,45.2,46.08,2673400.0,46.08
2005-08-26,45.67,45.78,45.41,45.56,2602900.0,45.56
2005-08-25,45.3,45.75,45.2,45.5,2294300.0,45.5
2005-08-24,45.33,45.72,45.16,45.24,2736700.0,45.24
2005-08-23,45.95,45.98,45.25,45.28,3749500.0,45.28
2005-08-22,46.14,46.3,45.57,46.03,3461900.0,46.03
2005-08-19,46.35,46.35,45.77,45.89,2642200.0,45.89
2005-08-18,45.5,46.31,45.45,46.1,3434800.0,46.1
2005-08-17,45.35,45.8,45.35,45.64,2712000.0,45.64
2005-08-16,45.81,45.92,45.4,45.48,3621400.0,45.48
2005-08-15,45.46,45.93,45.3,45.85,2330500.0,45.85
2005-08-12,45.55,45.86,45.33,45.53,2774300.0,45.53
2005-08-11,45.0,45.85,44.96,45.75,3252800.0,45.75
2005-08-10,45.55,45.88,44.99,45.08,2549400.0,45.08
2005-08-09,45.1,45.59,44.72,45.35,3557900.0,45.35
2005-08-08,45.25,45.28,44.38,44.72,2022700.0,44.72
2005-08-05,45.1,45.18,44.44,45.0,3697000.0,45.0
2005-08-04,45.3,45.59,44.97,45.21,2934100.0,45.21
2005-08-03,45.7,45.85,45.17,45.53,3763900.0,45.53
2005-08-02,46.1,46.41,45.72,45.87,2306900.0,45.87
2005-08-01,45.95,46.29,45.62,45.9,2372300.0,45.9
2005-07-29,45.8,46.0,45.45,45.75,3420500.0,45.75
2005-07-28,45.74,46.25,45.64,45.78,2805300.0,45.78
2005-07-27,45.98,46.2,45.51,45.74,2488300.0,45.74
2005-07-26,45.67,46.05,45.3,45.77,2694200.0,45.77
2005-07-25,46.12,46.25,45.69,45.88,2309700.0,45.88
2005-07-22,46.0,46.15,45.6,46.15,3757400.0,46.15
2005-07-21,46.18,46.49,45.75,46.05,4190000.0,46.05
2005-07-20,46.0,46.52,45.56,46.28,6792500.0,46.28
2005-07-19,45.2,45.5,44.96,45.0,4504400.0,45.0
2005-07-18,45.71,45.76,45.15,45.16,3126000.0,45.16
2005-07-15,45.1,45.75,44.79,45.75,8869200.0,45.75
2005-07-14,44.9,45.1,44.51,44.97,3720900.0,44.97
2005-07-13,44.91,45.07,44.31,44.87,2565200.0,44.87
2005-07-12,44.2,45.0,44.11,44.85,3632000.0,44.85
2005-07-11,44.6,44.6,44.14,44.3,3401100.0,44.3
2005-07-08,44.1,44.52,43.96,44.36,3736100.0,44.36
2005-07-07,43.5,44.02,43.45,44.0,5270400.0,44.0
2005-07-06,44.4,44.79,43.95,44.08,3565800.0,44.08
2005-07-05,44.35,44.89,44.2,44.42,4397300.0,44.42
2005-07-01,45.15,45.16,44.38,44.53,3204100.0,44.53
2005-06-30,44.24,44.72,44.15,44.5,4860100.0,44.5
2005-06-29,44.99,45.1,44.2,44.49,3934700.0,44.49
2005-06-28,44.0,45.23,44.0,44.89,9419600.0,44.89
2005-06-27,42.65,43.12,42.62,43.0,3012200.0,43.0
2005-06-24,42.68,42.98,42.4,42.75,4832100.0,42.75
2005-06-23,43.5,43.5,42.87,42.88,3147700.0,42.88
2005-06-22,44.1,44.22,43.39,43.5,3726900.0,43.5
2005-06-21,44.0,44.23,43.77,43.88,3336200.0,43.88
2005-06-20,43.8,44.72,43.8,44.08,3371400.0,44.08
2005-06-17,43.85,44.12,43.47,44.12,4527500.0,44.12
2005-06-16,43.42,43.68,43.26,43.5,3409700.0,43.5
2005-06-15,43.6,43.74,43.08,43.19,3899300.0,43.19
2005-06-14,43.16,43.73,43.15,43.63,2729500.0,43.63
2005-06-13,42.9,43.46,42.63,43.15,2328100.0,43.15
2005-06-10,43.36,43.55,42.77,43.0,3794100.0,43.0
2005-06-09,42.79,43.38,42.74,43.22,5104600.0,43.22
2005-06-08,43.29,43.3,42.68,42.68,3501800.0,42.68
2005-06-07,43.5,43.84,43.24,43.27,3786300.0,43.27
2005-06-06,43.05,43.84,43.05,43.43,5230300.0,43.43
2005-06-03,43.34,43.39,42.62,43.05,3566900.0,43.05
2005-06-02,43.72,43.72,43.23,43.54,2854300.0,43.54
2005-06-01,43.46,43.78,43.27,43.66,4065400.0,43.66
2005-05-31,43.7,43.88,43.04,43.37,4722300.0,43.37
2005-05-27,43.88,43.89,43.45,43.82,2252400.0,43.82
2005-05-26,43.47,43.86,43.33,43.73,2835100.0,43.73
2005-05-25,43.35,43.65,43.25,43.47,2194800.0,43.47
2005-05-24,43.62,43.85,43.37,43.58,3432700.0,43.58
2005-05-23,43.25,43.86,43.25,43.62,4284800.0,43.62
2005-05-20,44.1,44.1,43.63,43.72,3655300.0,43.72
2005-05-19,44.27,44.34,43.48,43.95,4769300.0,43.95
2005-05-18,44.23,44.54,44.02,44.27,4231600.0,44.27
2005-05-17,44.35,44.4,43.95,44.23,4661700.0,44.23
2005-05-16,44.3,44.76,44.19,44.55,3544100.0,44.55
2005-05-13,44.85,44.85,43.97,44.28,4088800.0,44.28
2005-05-12,45.0,45.25,44.64,44.81,3792500.0,44.81
2005-05-11,45.0,45.07,44.49,45.0,6028300.0,45.0
2005-05-10,45.35,45.59,44.82,45.0,3797700.0,45.0
2005-05-09,45.01,45.67,44.85,45.6,3394500.0,45.6
2005-05-06,45.3,45.6,44.9,45.11,5424900.0,45.11
2005-05-05,44.95,45.33,44.59,45.3,3632200.0,45.3
2005-05-04,44.8,45.25,44.66,45.2,6156700.0,45.2
2005-05-03,44.5,44.91,44.3,44.61,4652600.0,44.61
2005-05-02,44.81,44.99,44.58,44.75,4470700.0,44.75
2005-04-29,44.05,45.08,43.85,44.94,5772600.0,44.94
2005-04-28,43.86,44.35,43.67,43.8,4467200.0,43.8
2005-04-27,43.25,44.11,43.12,44.11,5716300.0,44.11
2005-04-26,43.27,43.75,43.1,43.16,2908500.0,43.16
2005-04-25,43.95,43.98,43.15,43.51,3602700.0,43.51
2005-04-22,43.3,44.63,43.25,43.74,4267700.0,43.74
2005-04-21,43.31,44.0,43.14,43.8,3965900.0,43.8
2005-04-20,43.8,44.27,42.78,42.95,7027800.0,42.95
2005-04-19,44.3,44.4,43.58,43.91,4287600.0,43.91
2005-04-18,45.05,45.19,44.0,44.3,6141300.0,44.3
2005-04-15,45.0,45.33,44.61,44.9,10367900.0,44.9
2005-04-14,44.3,45.02,44.11,44.6,14631900.0,44.6
2005-04-13,42.8,44.65,42.6,44.41,9179600.0,44.41
2005-04-12,42.7,42.87,42.11,42.71,3040400.0,42.71
2005-04-11,42.8,43.11,42.5,42.95,3029600.0,42.95
2005-04-08,42.5,42.94,42.47,42.67,2235400.0,42.67
2005-04-07,42.5,42.92,42.05,42.68,3618900.0,42.68
2005-04-06,42.37,42.79,42.29,42.5,3790600.0,42.5
2005-04-05,42.15,42.77,42.15,42.17,5899100.0,42.17
2005-04-04,41.85,42.56,41.73,41.91,3778500.0,41.91
2005-04-01,42.28,42.5,41.39,41.69,4313400.0,41.69
2005-03-31,42.4,42.45,42.1,42.18,4356600.0,42.18
2005-03-30,41.15,41.95,40.69,41.92,5291000.0,41.92
2005-03-29,40.98,41.03,40.54,40.74,4296600.0,40.74
2005-03-28,41.51,41.73,40.8,40.8,3501500.0,40.8
2005-03-24,41.35,42.01,41.05,41.5,4675400.0,41.5
2005-03-23,40.4,41.38,40.29,41.15,6071500.0,41.15
2005-03-22,40.07,40.98,40.07,40.4,9826400.0,40.4
2005-03-21,39.0,39.2,38.72,38.91,3613900.0,38.91
2005-03-18,39.01,39.22,38.5,39.0,7126600.0,39.0
2005-03-17,39.32,39.36,38.75,39.26,4003300.0,39.26
2005-03-16,39.75,40.15,39.02,39.32,5041900.0,39.32
2005-03-15,41.25,41.43,39.83,39.83,5504600.0,39.83
2005-03-14,40.88,41.3,40.58,41.27,3439700.0,41.27
2005-03-11,41.71,41.84,40.89,41.0,3248700.0,41.0
2005-03-10,41.06,41.96,41.0,41.6,3924100.0,41.6
2005-03-09,40.9,41.35,40.7,41.03,4326600.0,41.03
2005-03-08,40.9,41.18,40.67,40.92,3384600.0,40.92
2005-03-07,41.17,41.29,40.68,41.0,4154000.0,41.0
2005-03-04,41.25,41.35,40.85,41.22,2913300.0,41.22
2005-03-03,40.95,40.99,40.31,40.85,3855300.0,40.85
2005-03-02,40.55,41.05,40.21,40.73,3337400.0,40.73
2005-03-01,40.82,41.06,40.34,40.74,3482100.0,40.74
2005-02-28,40.6,41.07,40.3,40.82,5025800.0,40.82
2005-02-25,40.32,40.65,40.01,40.6,2450600.0,40.6
2005-02-24,40.05,40.3,39.7,40.24,3158400.0,40.24
2005-02-23,39.79,40.1,39.52,39.86,3493700.0,39.86
2005-02-22,40.38,41.01,39.76,39.79,5119800.0,39.79
2005-02-18,39.85,40.48,39.5,40.37,5011800.0,40.37
2005-02-17,39.21,40.03,39.21,39.8,6123500.0,39.8
2005-02-16,39.69,40.27,38.88,39.2,6076900.0,39.2
2005-02-15,39.4,39.64,39.26,39.58,3690200.0,39.58
2005-02-14,39.1,39.66,38.97,39.53,2915800.0,39.53
2005-02-11,38.88,39.91,38.78,39.17,5440300.0,39.17
2005-02-10,38.7,38.94,38.51,38.82,3633800.0,38.82
2005-02-09,39.0,39.18,38.48,38.69,4125800.0,38.69
2005-02-08,39.87,39.87,38.85,39.08,5392700.0,39.08
2005-02-07,39.49,39.71,39.09,39.2,4129700.0,39.2
2005-02-04,39.0,39.6,38.94,39.48,6762800.0,39.48
2005-02-03,39.2,39.4,38.72,39.01,4869400.0,39.01
2005-02-02,39.0,39.41,38.67,39.33,8168400.0,39.33
2005-02-01,39.7,39.93,38.89,39.0,15849900.0,39.0
2005-01-31,40.4,41.32,39.41,39.63,26858600.0,39.63
2005-01-28,42.75,43.28,42.64,42.98,4703500.0,42.98
2005-01-27,42.55,42.73,42.32,42.67,4011100.0,42.67
2005-01-26,42.86,43.06,42.5,42.83,6105300.0,42.83
2005-01-25,43.69,43.93,43.35,43.38,3133900.0,43.38
2005-01-24,44.15,44.6,43.54,43.64,4145800.0,43.64
2005-01-21,44.85,44.96,43.82,44.0,5306600.0,44.0
2005-01-20,44.3,45.13,44.25,44.99,7546100.0,44.99
2005-01-19,44.8,44.82,44.22,44.44,5902200.0,44.44
2005-01-18,44.24,44.7,43.0,44.7,12644000.0,44.7
2005-01-14,41.8,42.42,41.55,42.28,2769100.0,42.28
2005-01-13,42.34,42.69,41.7,41.85,3642000.0,41.85
2005-01-12,42.2,42.44,41.76,42.44,2669500.0,42.44
2005-01-11,42.12,42.38,41.76,42.23,3246300.0,42.23
2005-01-10,41.75,42.38,41.75,42.27,4159200.0,42.27
2005-01-07,41.95,42.2,41.09,42.1,4371400.0,42.1
2005-01-06,41.6,42.0,41.35,41.64,4375000.0,41.64
2005-01-05,42.11,42.17,41.35,41.35,4740700.0,41.35
2005-01-04,42.5,42.73,41.95,42.27,3837700.0,42.27
2005-01-03,42.59,42.96,42.33,42.55,2855500.0,42.55
