Date,Open,High,Low,Close,Volume,Adj Close 
2011-11-23,nan,nan,nan,nan,nan,nan
2011-11-22,nan,nan,nan,nan,nan,nan
2011-11-21,nan,nan,nan,nan,nan,nan
2011-11-18,nan,nan,nan,nan,nan,nan
2011-11-17,nan,nan,nan,nan,nan,nan
2011-11-16,nan,nan,nan,nan,nan,nan
2011-11-15,nan,nan,nan,nan,nan,nan
2011-11-14,nan,nan,nan,nan,nan,nan
2011-11-11,nan,nan,nan,nan,nan,nan
2011-11-10,nan,nan,nan,nan,nan,nan
2011-11-09,nan,nan,nan,nan,nan,nan
2011-11-08,nan,nan,nan,nan,nan,nan
2011-11-07,nan,nan,nan,nan,nan,nan
2011-11-04,nan,nan,nan,nan,nan,nan
2011-11-03,nan,nan,nan,nan,nan,nan
2011-11-02,nan,nan,nan,nan,nan,nan
2011-11-01,nan,nan,nan,nan,nan,nan
2011-10-31,nan,nan,nan,nan,nan,nan
2011-10-28,nan,nan,nan,nan,nan,nan
2011-10-27,nan,nan,nan,nan,nan,nan
2011-10-26,nan,nan,nan,nan,nan,nan
2011-10-25,nan,nan,nan,nan,nan,nan
2011-10-24,nan,nan,nan,nan,nan,nan
2011-10-21,nan,nan,nan,nan,nan,nan
2011-10-20,nan,nan,nan,nan,nan,nan
2011-10-19,nan,nan,nan,nan,nan,nan
2011-10-18,nan,nan,nan,nan,nan,nan
2011-10-17,nan,nan,nan,nan,nan,nan
2011-10-14,nan,nan,nan,nan,nan,nan
2011-10-13,nan,nan,nan,nan,nan,nan
2011-10-12,nan,nan,nan,nan,nan,nan
2011-10-11,nan,nan,nan,nan,nan,nan
2011-10-10,nan,nan,nan,nan,nan,nan
2011-10-07,nan,nan,nan,nan,nan,nan
2011-10-06,nan,nan,nan,nan,nan,nan
2011-10-05,nan,nan,nan,nan,nan,nan
2011-10-04,nan,nan,nan,nan,nan,nan
2011-10-03,nan,nan,nan,nan,nan,nan
2011-09-30,nan,nan,nan,nan,nan,nan
2011-09-29,nan,nan,nan,nan,nan,nan
2011-09-28,nan,nan,nan,nan,nan,nan
2011-09-27,nan,nan,nan,nan,nan,nan
2011-09-26,nan,nan,nan,nan,nan,nan
2011-09-23,nan,nan,nan,nan,nan,nan
2011-09-22,nan,nan,nan,nan,nan,nan
2011-09-21,nan,nan,nan,nan,nan,nan
2011-09-20,nan,nan,nan,nan,nan,nan
2011-09-19,nan,nan,nan,nan,nan,nan
2011-09-16,nan,nan,nan,nan,nan,nan
2011-09-15,nan,nan,nan,nan,nan,nan
2011-09-14,nan,nan,nan,nan,nan,nan
2011-09-13,nan,nan,nan,nan,nan,nan
2011-09-12,nan,nan,nan,nan,nan,nan
2011-09-09,nan,nan,nan,nan,nan,nan
2011-09-08,nan,nan,nan,nan,nan,nan
2011-09-07,nan,nan,nan,nan,nan,nan
2011-09-06,nan,nan,nan,nan,nan,nan
2011-09-02,nan,nan,nan,nan,nan,nan
2011-09-01,nan,nan,nan,nan,nan,nan
2011-08-31,nan,nan,nan,nan,nan,nan
2011-08-30,nan,nan,nan,nan,nan,nan
2011-08-29,nan,nan,nan,nan,nan,nan
2011-08-26,nan,nan,nan,nan,nan,nan
2011-08-25,nan,nan,nan,nan,nan,nan
2011-08-24,nan,nan,nan,nan,nan,nan
2011-08-23,nan,nan,nan,nan,nan,nan
2011-08-22,nan,nan,nan,nan,nan,nan
2011-08-19,nan,nan,nan,nan,nan,nan
2011-08-18,nan,nan,nan,nan,nan,nan
2011-08-17,nan,nan,nan,nan,nan,nan
2011-08-16,nan,nan,nan,nan,nan,nan
2011-08-15,nan,nan,nan,nan,nan,nan
2011-08-12,nan,nan,nan,nan,nan,nan
2011-08-11,nan,nan,nan,nan,nan,nan
2011-08-10,nan,nan,nan,nan,nan,nan
2011-08-09,nan,nan,nan,nan,nan,nan
2011-08-08,nan,nan,nan,nan,nan,nan
2011-08-05,nan,nan,nan,nan,nan,nan
2011-08-04,nan,nan,nan,nan,nan,nan
2011-08-03,nan,nan,nan,nan,nan,nan
2011-08-02,nan,nan,nan,nan,nan,nan
2011-08-01,nan,nan,nan,nan,nan,nan
2011-07-29,nan,nan,nan,nan,nan,nan
2011-07-28,nan,nan,nan,nan,nan,nan
2011-07-27,nan,nan,nan,nan,nan,nan
2011-07-26,nan,nan,nan,nan,nan,nan
2011-07-25,nan,nan,nan,nan,nan,nan
2011-07-22,nan,nan,nan,nan,nan,nan
2011-07-21,nan,nan,nan,nan,nan,nan
2011-07-20,nan,nan,nan,nan,nan,nan
2011-07-19,nan,nan,nan,nan,nan,nan
2011-07-18,nan,nan,nan,nan,nan,nan
2011-07-15,nan,nan,nan,nan,nan,nan
2011-07-14,nan,nan,nan,nan,nan,nan
2011-07-13,nan,nan,nan,nan,nan,nan
2011-07-12,nan,nan,nan,nan,nan,nan
2011-07-11,nan,nan,nan,nan,nan,nan
2011-07-08,nan,nan,nan,nan,nan,nan
2011-07-07,nan,nan,nan,nan,nan,nan
2011-07-06,nan,nan,nan,nan,nan,nan
2011-07-05,nan,nan,nan,nan,nan,nan
2011-07-01,nan,nan,nan,nan,nan,nan
2011-06-30,nan,nan,nan,nan,nan,nan
2011-06-29,nan,nan,nan,nan,nan,nan
2011-06-28,nan,nan,nan,nan,nan,nan
2011-06-27,nan,nan,nan,nan,nan,nan
2011-06-24,nan,nan,nan,nan,nan,nan
2011-06-23,nan,nan,nan,nan,nan,nan
2011-06-22,nan,nan,nan,nan,nan,nan
2011-06-21,nan,nan,nan,nan,nan,nan
2011-06-20,nan,nan,nan,nan,nan,nan
2011-06-17,nan,nan,nan,nan,nan,nan
2011-06-16,nan,nan,nan,nan,nan,nan
2011-06-15,nan,nan,nan,nan,nan,nan
2011-06-14,nan,nan,nan,nan,nan,nan
2011-06-13,nan,nan,nan,nan,nan,nan
2011-06-10,nan,nan,nan,nan,nan,nan
2011-06-09,nan,nan,nan,nan,nan,nan
2011-06-08,nan,nan,nan,nan,nan,nan
2011-06-07,nan,nan,nan,nan,nan,nan
2011-06-06,nan,nan,nan,nan,nan,nan
2011-06-03,nan,nan,nan,nan,nan,nan
2011-06-02,nan,nan,nan,nan,nan,nan
2011-06-01,nan,nan,nan,nan,nan,nan
2011-05-31,nan,nan,nan,nan,nan,nan
2011-05-27,nan,nan,nan,nan,nan,nan
2011-05-26,nan,nan,nan,nan,nan,nan
2011-05-25,nan,nan,nan,nan,nan,nan
2011-05-24,nan,nan,nan,nan,nan,nan
2011-05-23,nan,nan,nan,nan,nan,nan
2011-05-20,nan,nan,nan,nan,nan,nan
2011-05-19,nan,nan,nan,nan,nan,nan
2011-05-18,nan,nan,nan,nan,nan,nan
2011-05-17,nan,nan,nan,nan,nan,nan
2011-05-16,nan,nan,nan,nan,nan,nan
2011-05-13,nan,nan,nan,nan,nan,nan
2011-05-12,nan,nan,nan,nan,nan,nan
2011-05-11,nan,nan,nan,nan,nan,nan
2011-05-10,nan,nan,nan,nan,nan,nan
2011-05-09,nan,nan,nan,nan,nan,nan
2011-05-06,nan,nan,nan,nan,nan,nan
2011-05-05,nan,nan,nan,nan,nan,nan
2011-05-04,nan,nan,nan,nan,nan,nan
2011-05-03,nan,nan,nan,nan,nan,nan
2011-05-02,nan,nan,nan,nan,nan,nan
2011-04-29,nan,nan,nan,nan,nan,nan
2011-04-28,nan,nan,nan,nan,nan,nan
2011-04-27,nan,nan,nan,nan,nan,nan
2011-04-26,nan,nan,nan,nan,nan,nan
2011-04-25,nan,nan,nan,nan,nan,nan
2011-04-21,nan,nan,nan,nan,nan,nan
2011-04-20,nan,nan,nan,nan,nan,nan
2011-04-19,nan,nan,nan,nan,nan,nan
2011-04-18,nan,nan,nan,nan,nan,nan
2011-04-15,nan,nan,nan,nan,nan,nan
2011-04-14,nan,nan,nan,nan,nan,nan
2011-04-13,nan,nan,nan,nan,nan,nan
2011-04-12,nan,nan,nan,nan,nan,nan
2011-04-11,nan,nan,nan,nan,nan,nan
2011-04-08,nan,nan,nan,nan,nan,nan
2011-04-07,nan,nan,nan,nan,nan,nan
2011-04-06,nan,nan,nan,nan,nan,nan
2011-04-05,nan,nan,nan,nan,nan,nan
2011-04-04,nan,nan,nan,nan,nan,nan
2011-04-01,nan,nan,nan,nan,nan,nan
2011-03-31,nan,nan,nan,nan,nan,nan
2011-03-30,nan,nan,nan,nan,nan,nan
2011-03-29,nan,nan,nan,nan,nan,nan
2011-03-28,nan,nan,nan,nan,nan,nan
2011-03-25,nan,nan,nan,nan,nan,nan
2011-03-24,nan,nan,nan,nan,nan,nan
2011-03-23,nan,nan,nan,nan,nan,nan
2011-03-22,nan,nan,nan,nan,nan,nan
2011-03-21,nan,nan,nan,nan,nan,nan
2011-03-18,nan,nan,nan,nan,nan,nan
2011-03-17,nan,nan,nan,nan,nan,nan
2011-03-16,nan,nan,nan,nan,nan,nan
2011-03-15,nan,nan,nan,nan,nan,nan
2011-03-14,nan,nan,nan,nan,nan,nan
2011-03-11,nan,nan,nan,nan,nan,nan
2011-03-10,nan,nan,nan,nan,nan,nan
2011-03-09,nan,nan,nan,nan,nan,nan
2011-03-08,nan,nan,nan,nan,nan,nan
2011-03-07,nan,nan,nan,nan,nan,nan
2011-03-04,nan,nan,nan,nan,nan,nan
2011-03-03,nan,nan,nan,nan,nan,nan
2011-03-02,nan,nan,nan,nan,nan,nan
2011-03-01,nan,nan,nan,nan,nan,nan
2011-02-28,nan,nan,nan,nan,nan,nan
2011-02-25,nan,nan,nan,nan,nan,nan
2011-02-24,nan,nan,nan,nan,nan,nan
2011-02-23,nan,nan,nan,nan,nan,nan
2011-02-22,nan,nan,nan,nan,nan,nan
2011-02-18,nan,nan,nan,nan,nan,nan
2011-02-17,nan,nan,nan,nan,nan,nan
2011-02-16,nan,nan,nan,nan,nan,nan
2011-02-15,nan,nan,nan,nan,nan,nan
2011-02-14,nan,nan,nan,nan,nan,nan
2011-02-11,nan,nan,nan,nan,nan,nan
2011-02-10,nan,nan,nan,nan,nan,nan
2011-02-09,nan,nan,nan,nan,nan,nan
2011-02-08,nan,nan,nan,nan,nan,nan
2011-02-07,nan,nan,nan,nan,nan,nan
2011-02-04,nan,nan,nan,nan,nan,nan
2011-02-03,nan,nan,nan,nan,nan,nan
2011-02-02,nan,nan,nan,nan,nan,nan
2011-02-01,nan,nan,nan,nan,nan,nan
2011-01-31,nan,nan,nan,nan,nan,nan
2011-01-28,nan,nan,nan,nan,nan,nan
2011-01-27,nan,nan,nan,nan,nan,nan
2011-01-26,nan,nan,nan,nan,nan,nan
2011-01-25,nan,nan,nan,nan,nan,nan
2011-01-24,nan,nan,nan,nan,nan,nan
2011-01-21,nan,nan,nan,nan,nan,nan
2011-01-20,nan,nan,nan,nan,nan,nan
2011-01-19,nan,nan,nan,nan,nan,nan
2011-01-18,nan,nan,nan,nan,nan,nan
2011-01-14,nan,nan,nan,nan,nan,nan
2011-01-13,nan,nan,nan,nan,nan,nan
2011-01-12,nan,nan,nan,nan,nan,nan
2011-01-11,nan,nan,nan,nan,nan,nan
2011-01-10,nan,nan,nan,nan,nan,nan
2011-01-07,nan,nan,nan,nan,nan,nan
2011-01-06,nan,nan,nan,nan,nan,nan
2011-01-05,nan,nan,nan,nan,nan,nan
2011-01-04,nan,nan,nan,nan,nan,nan
2011-01-03,nan,nan,nan,nan,nan,nan
2010-12-31,nan,nan,nan,nan,nan,nan
2010-12-30,nan,nan,nan,nan,nan,nan
2010-12-29,nan,nan,nan,nan,nan,nan
2010-12-28,nan,nan,nan,nan,nan,nan
2010-12-27,nan,nan,nan,nan,nan,nan
2010-12-23,nan,nan,nan,nan,nan,nan
2010-12-22,nan,nan,nan,nan,nan,nan
2010-12-21,nan,nan,nan,nan,nan,nan
2010-12-20,nan,nan,nan,nan,nan,nan
2010-12-17,nan,nan,nan,nan,nan,nan
2010-12-16,nan,nan,nan,nan,nan,nan
2010-12-15,nan,nan,nan,nan,nan,nan
2010-12-14,nan,nan,nan,nan,nan,nan
2010-12-13,nan,nan,nan,nan,nan,nan
2010-12-10,nan,nan,nan,nan,nan,nan
2010-12-09,nan,nan,nan,nan,nan,nan
2010-12-08,nan,nan,nan,nan,nan,nan
2010-12-07,nan,nan,nan,nan,nan,nan
2010-12-06,nan,nan,nan,nan,nan,nan
2010-12-03,nan,nan,nan,nan,nan,nan
2010-12-02,nan,nan,nan,nan,nan,nan
2010-12-01,nan,nan,nan,nan,nan,nan
2010-11-30,nan,nan,nan,nan,nan,nan
2010-11-29,nan,nan,nan,nan,nan,nan
2010-11-26,nan,nan,nan,nan,nan,nan
2010-11-24,nan,nan,nan,nan,nan,nan
2010-11-23,nan,nan,nan,nan,nan,nan
2010-11-22,nan,nan,nan,nan,nan,nan
2010-11-19,nan,nan,nan,nan,nan,nan
2010-11-18,nan,nan,nan,nan,nan,nan
2010-11-17,nan,nan,nan,nan,nan,nan
2010-11-16,nan,nan,nan,nan,nan,nan
2010-11-15,nan,nan,nan,nan,nan,nan
2010-11-12,nan,nan,nan,nan,nan,nan
2010-11-11,nan,nan,nan,nan,nan,nan
2010-11-10,nan,nan,nan,nan,nan,nan
2010-11-09,nan,nan,nan,nan,nan,nan
2010-11-08,nan,nan,nan,nan,nan,nan
2010-11-05,nan,nan,nan,nan,nan,nan
2010-11-04,nan,nan,nan,nan,nan,nan
2010-11-03,nan,nan,nan,nan,nan,nan
2010-11-02,nan,nan,nan,nan,nan,nan
2010-11-01,nan,nan,nan,nan,nan,nan
2010-10-29,nan,nan,nan,nan,nan,nan
2010-10-28,nan,nan,nan,nan,nan,nan
2010-10-27,nan,nan,nan,nan,nan,nan
2010-10-26,nan,nan,nan,nan,nan,nan
2010-10-25,nan,nan,nan,nan,nan,nan
2010-10-22,nan,nan,nan,nan,nan,nan
2010-10-21,nan,nan,nan,nan,nan,nan
2010-10-20,nan,nan,nan,nan,nan,nan
2010-10-19,nan,nan,nan,nan,nan,nan
2010-10-18,nan,nan,nan,nan,nan,nan
2010-10-15,nan,nan,nan,nan,nan,nan
2010-10-14,nan,nan,nan,nan,nan,nan
2010-10-13,nan,nan,nan,nan,nan,nan
2010-10-12,nan,nan,nan,nan,nan,nan
2010-10-11,nan,nan,nan,nan,nan,nan
2010-10-08,nan,nan,nan,nan,nan,nan
2010-10-07,nan,nan,nan,nan,nan,nan
2010-10-06,nan,nan,nan,nan,nan,nan
2010-10-05,nan,nan,nan,nan,nan,nan
2010-10-04,nan,nan,nan,nan,nan,nan
2010-10-01,nan,nan,nan,nan,nan,nan
2010-09-30,nan,nan,nan,nan,nan,nan
2010-09-29,nan,nan,nan,nan,nan,nan
2010-09-28,nan,nan,nan,nan,nan,nan
2010-09-27,nan,nan,nan,nan,nan,nan
2010-09-24,nan,nan,nan,nan,nan,nan
2010-09-23,nan,nan,nan,nan,nan,nan
2010-09-22,nan,nan,nan,nan,nan,nan
2010-09-21,nan,nan,nan,nan,nan,nan
2010-09-20,nan,nan,nan,nan,nan,nan
2010-09-17,nan,nan,nan,nan,nan,nan
2010-09-16,nan,nan,nan,nan,nan,nan
2010-09-15,nan,nan,nan,nan,nan,nan
2010-09-14,nan,nan,nan,nan,nan,nan
2010-09-13,nan,nan,nan,nan,nan,nan
2010-09-10,nan,nan,nan,nan,nan,nan
2010-09-09,nan,nan,nan,nan,nan,nan
2010-09-08,nan,nan,nan,nan,nan,nan
2010-09-07,nan,nan,nan,nan,nan,nan
2010-09-03,nan,nan,nan,nan,nan,nan
2010-09-02,nan,nan,nan,nan,nan,nan
2010-09-01,nan,nan,nan,nan,nan,nan
2010-08-31,nan,nan,nan,nan,nan,nan
2010-08-30,nan,nan,nan,nan,nan,nan
2010-08-27,nan,nan,nan,nan,nan,nan
2010-08-26,nan,nan,nan,nan,nan,nan
2010-08-25,nan,nan,nan,nan,nan,nan
2010-08-24,nan,nan,nan,nan,nan,nan
2010-08-23,nan,nan,nan,nan,nan,nan
2010-08-20,nan,nan,nan,nan,nan,nan
2010-08-19,nan,nan,nan,nan,nan,nan
2010-08-18,nan,nan,nan,nan,nan,nan
2010-08-17,nan,nan,nan,nan,nan,nan
2010-08-16,nan,nan,nan,nan,nan,nan
2010-08-13,nan,nan,nan,nan,nan,nan
2010-08-12,nan,nan,nan,nan,nan,nan
2010-08-11,nan,nan,nan,nan,nan,nan
2010-08-10,nan,nan,nan,nan,nan,nan
2010-08-09,nan,nan,nan,nan,nan,nan
2010-08-06,nan,nan,nan,nan,nan,nan
2010-08-05,nan,nan,nan,nan,nan,nan
2010-08-04,nan,nan,nan,nan,nan,nan
2010-08-03,nan,nan,nan,nan,nan,nan
2010-08-02,nan,nan,nan,nan,nan,nan
2010-07-30,nan,nan,nan,nan,nan,nan
2010-07-29,nan,nan,nan,nan,nan,nan
2010-07-28,nan,nan,nan,nan,nan,nan
2010-07-27,nan,nan,nan,nan,nan,nan
2010-07-26,nan,nan,nan,nan,nan,nan
2010-07-23,nan,nan,nan,nan,nan,nan
2010-07-22,nan,nan,nan,nan,nan,nan
2010-07-21,nan,nan,nan,nan,nan,nan
2010-07-20,nan,nan,nan,nan,nan,nan
2010-07-19,nan,nan,nan,nan,nan,nan
2010-07-16,nan,nan,nan,nan,nan,nan
2010-07-15,nan,nan,nan,nan,nan,nan
2010-07-14,nan,nan,nan,nan,nan,nan
2010-07-13,nan,nan,nan,nan,nan,nan
2010-07-12,nan,nan,nan,nan,nan,nan
2010-07-09,nan,nan,nan,nan,nan,nan
2010-07-08,nan,nan,nan,nan,nan,nan
2010-07-07,nan,nan,nan,nan,nan,nan
2010-07-06,nan,nan,nan,nan,nan,nan
2010-07-02,nan,nan,nan,nan,nan,nan
2010-07-01,nan,nan,nan,nan,nan,nan
2010-06-30,nan,nan,nan,nan,nan,nan
2010-06-29,nan,nan,nan,nan,nan,nan
2010-06-28,nan,nan,nan,nan,nan,nan
2010-06-25,42.76,42.76,41.81,41.81,18334000.0,41.81
2010-06-24,43.09,43.39,42.45,42.61,9380600.0,42.61
2010-06-23,43.75,44.13,43.2,43.36,9686100.0,43.36
2010-06-22,44.67,44.81,43.8,43.83,7107700.0,43.83
2010-06-21,45.37,45.67,44.57,44.74,7879000.0,44.74
2010-06-18,44.43,44.86,44.15,44.72,8082200.0,44.72
2010-06-17,44.32,44.36,43.84,44.31,5810900.0,44.31
2010-06-16,43.71,44.29,43.71,44.2,5042700.0,44.2
2010-06-15,43.8,44.27,43.53,44.23,4365700.0,44.23
2010-06-14,43.88,44.18,43.4,43.4,5704000.0,43.4
2010-06-11,43.47,43.77,43.28,43.77,8896400.0,43.77
2010-06-10,43.33,43.86,43.26,43.85,7096400.0,43.85
2010-06-09,43.53,43.55,42.26,42.38,10458200.0,42.38
2010-06-08,42.0,43.49,41.88,43.31,12856400.0,43.31
2010-06-07,42.4,42.7,41.79,41.87,12957900.0,41.87
2010-06-04,42.86,43.16,41.84,42.12,24791700.0,42.12
2010-06-03,43.12,43.82,42.85,43.53,8737000.0,43.53
2010-06-02,42.11,42.97,41.85,42.95,10184400.0,42.95
2010-06-01,42.54,42.99,41.77,41.82,12148200.0,41.82
2010-05-28,43.14,43.54,42.65,42.74,7432400.0,42.74
2010-05-27,42.73,43.45,42.44,43.39,7986400.0,43.39
2010-05-26,42.45,42.65,41.74,41.87,10732300.0,41.87
2010-05-25,41.63,42.28,41.34,42.25,11512300.0,42.25
2010-05-24,42.91,43.17,42.52,42.57,9702400.0,42.57
2010-05-21,41.86,43.12,41.86,43.08,17059100.0,43.08
2010-05-20,43.3,43.59,42.46,42.66,16863700.0,42.66
2010-05-19,43.94,44.33,43.67,44.11,8432800.0,44.11
2010-05-18,45.05,45.26,43.94,44.17,6891400.0,44.17
2010-05-17,44.9,45.02,43.82,44.55,10352500.0,44.55
2010-05-14,45.43,45.61,44.36,44.82,9083200.0,44.82
2010-05-13,45.61,45.97,45.33,45.58,6858700.0,45.58
2010-05-12,45.49,46.09,45.45,45.79,4774100.0,45.79
2010-05-11,45.39,45.82,45.26,45.44,7790700.0,45.44
2010-05-10,45.84,46.02,45.2,45.77,12401300.0,45.77
2010-05-07,45.1,45.44,44.14,44.51,21863300.0,44.51
2010-05-06,46.14,46.49,40.84,44.78,16864700.0,44.78
2010-05-05,46.21,46.94,46.07,46.45,6242300.0,46.45
2010-05-04,47.03,47.1,46.24,46.6,8288900.0,46.6
2010-05-03,47.79,47.87,47.13,47.48,10853700.0,47.48
2010-04-30,48.36,48.65,47.46,47.52,20014900.0,47.52
2010-04-29,48.22,48.97,48.03,48.19,9783200.0,48.19
2010-04-28,48.27,48.86,48.2,48.69,6422500.0,48.69
2010-04-27,48.36,49.19,47.9,47.9,13178700.0,47.9
2010-04-26,48.51,48.87,48.41,48.66,3731100.0,48.66
2010-04-23,48.14,48.64,47.88,48.61,7174300.0,48.61
2010-04-22,48.09,48.31,47.9,48.24,6150700.0,48.24
2010-04-21,48.42,48.81,48.14,48.4,7354500.0,48.4
2010-04-20,48.17,48.6,48.09,48.47,7657200.0,48.47
2010-04-19,47.58,48.03,47.48,47.92,8464700.0,47.92
2010-04-16,47.85,48.38,47.6,47.67,11271700.0,47.67
2010-04-15,48.05,48.29,47.92,48.01,3544300.0,48.01
2010-04-14,48.45,48.49,48.1,48.22,6433900.0,48.22
2010-04-13,48.19,48.45,47.83,48.32,9290600.0,48.32
2010-04-12,48.38,48.52,48.2,48.3,7194100.0,48.3
2010-04-09,47.9,48.48,47.9,48.37,9085700.0,48.37
2010-04-08,47.12,47.99,47.02,47.75,5841000.0,47.75
2010-04-07,47.6,47.63,47.11,47.41,8743800.0,47.41
2010-04-06,47.61,48.01,47.53,47.69,10492400.0,47.69
2010-04-05,47.68,48.03,47.57,47.92,7881800.0,47.92
2010-04-01,47.35,47.69,47.32,47.54,9901700.0,47.54
2010-03-31,47.12,47.22,46.86,47.18,11635500.0,47.18
2010-03-30,47.15,47.33,46.97,47.2,6553500.0,47.2
2010-03-29,46.94,47.47,46.85,47.39,5101700.0,47.39
2010-03-26,46.87,47.15,46.59,46.87,14815000.0,46.87
2010-03-25,47.13,47.2,46.71,46.75,9572600.0,46.75
2010-03-24,46.94,47.18,46.82,46.92,8583300.0,46.92
2010-03-23,47.23,47.27,46.89,47.27,5847400.0,47.27
2010-03-22,46.83,47.39,46.76,47.25,7902700.0,47.25
2010-03-19,47.72,47.77,46.86,47.21,13923300.0,47.21
2010-03-18,47.62,47.8,47.29,47.48,14881700.0,47.48
2010-03-17,47.22,47.91,47.21,47.59,29810200.0,47.59
2010-03-16,46.91,47.13,46.52,47.11,21426700.0,47.11
2010-03-15,46.87,47.13,46.46,46.71,6437000.0,46.71
2010-03-12,47.53,47.61,46.92,47.1,11056800.0,47.1
2010-03-11,47.38,47.51,47.23,47.38,11690500.0,47.38
2010-03-10,47.27,47.49,47.03,47.37,8901600.0,47.37
2010-03-09,46.69,47.37,46.69,47.11,12652200.0,47.11
2010-03-08,46.85,47.0,46.67,46.86,7185000.0,46.86
2010-03-05,46.28,46.84,46.23,46.82,10689600.0,46.82
2010-03-04,45.95,46.1,45.72,46.01,7453000.0,46.01
2010-03-03,46.15,46.38,45.93,46.0,7175500.0,46.0
2010-03-02,46.01,46.21,45.77,45.96,5973400.0,45.96
2010-03-01,45.87,46.07,45.69,45.89,5038400.0,45.89
2010-02-26,45.78,45.86,45.5,45.7,7465200.0,45.7
2010-02-25,45.25,45.72,45.1,45.72,8541300.0,45.72
2010-02-24,45.53,46.13,45.45,45.96,6761600.0,45.96
2010-02-23,45.58,45.9,45.12,45.48,8964200.0,45.48
2010-02-22,46.27,46.34,45.66,45.72,8404100.0,45.72
2010-02-19,45.97,46.41,45.82,46.1,7011200.0,46.1
2010-02-18,46.09,46.29,45.74,46.19,10412600.0,46.19
2010-02-17,46.49,46.67,45.95,46.06,9835000.0,46.06
2010-02-16,45.94,46.58,45.6,46.51,10801800.0,46.51
2010-02-12,45.22,45.63,44.95,45.63,10540700.0,45.63
2010-02-11,45.33,45.76,45.03,45.62,7212800.0,45.62
2010-02-10,45.64,45.64,44.83,45.31,8302400.0,45.31
2010-02-09,45.5,45.93,45.11,45.63,13020600.0,45.63
2010-02-08,45.25,45.82,44.94,44.97,12766400.0,44.97
2010-02-05,44.87,45.09,44.05,45.0,17311900.0,45.0
2010-02-04,45.9,46.18,44.92,44.92,13759500.0,44.92
2010-02-03,46.56,46.75,46.34,46.39,9820700.0,46.39
2010-02-02,46.29,46.67,46.14,46.61,13774900.0,46.61
2010-02-01,45.53,46.17,45.32,45.98,10751000.0,45.98
2010-01-29,45.17,45.64,44.34,44.57,17289300.0,44.57
2010-01-28,45.59,45.68,44.71,45.03,14417100.0,45.03
2010-01-27,45.58,45.78,44.97,45.41,13753400.0,45.41
2010-01-26,45.39,46.24,45.31,45.63,13641200.0,45.63
2010-01-25,45.91,46.27,45.49,45.62,10616900.0,45.62
2010-01-22,45.89,46.4,45.61,45.61,18227200.0,45.61
2010-01-21,46.88,47.01,45.93,46.09,12122400.0,46.09
2010-01-20,46.97,47.13,46.79,46.9,12351100.0,46.9
2010-01-19,47.18,47.56,46.9,47.5,10645200.0,47.5
2010-01-15,47.81,47.9,47.12,47.35,7188300.0,47.35
2010-01-14,47.7,47.92,47.57,47.92,9972700.0,47.92
2010-01-13,47.98,48.11,47.55,47.89,11212700.0,47.89
2010-01-12,47.79,48.12,47.73,48.03,10834700.0,48.03
2010-01-11,48.01,48.38,47.79,48.2,12040700.0,48.2
2010-01-08,47.82,47.86,47.45,47.69,12590900.0,47.69
2010-01-07,47.88,48.04,47.58,47.99,12853300.0,47.99
2010-01-06,47.55,48.22,47.49,48.0,16701000.0,48.0
2010-01-05,47.3,47.67,47.06,47.67,14033200.0,47.67
2010-01-04,47.03,47.48,46.91,47.37,12274500.0,47.37
2009-12-31,47.04,47.15,46.49,46.53,10702400.0,46.53
2009-12-30,47.05,47.2,46.03,47.0,10731400.0,47.0
2009-12-29,47.45,47.64,47.1,47.11,14063100.0,47.11
2009-12-28,47.38,47.5,47.17,47.41,11258900.0,47.41
2009-12-24,47.1,47.25,46.85,47.1,3774300.0,47.1
2009-12-23,47.27,47.29,46.92,46.97,11853800.0,46.97
2009-12-22,47.04,47.46,46.97,47.12,14720300.0,47.12
2009-12-21,46.95,47.04,46.73,46.99,18249600.0,46.99
2009-12-18,47.09,47.74,46.4,46.68,24155300.0,46.68
2009-12-17,46.9,47.26,46.66,46.7,27117600.0,46.7
2009-12-16,47.92,48.0,46.97,47.0,45694300.0,47.0
2009-12-15,48.08,48.28,47.41,47.66,65733300.0,47.66
2009-12-14,48.51,49.1,47.52,47.86,125031700.0,47.86
2009-12-11,41.76,41.93,41.15,41.49,5772900.0,41.49
2009-12-10,40.41,41.61,40.41,41.59,6592700.0,41.59
2009-12-09,40.55,40.87,39.81,40.29,6123500.0,40.29
2009-12-08,40.88,41.08,40.21,40.34,5702700.0,40.34
2009-12-07,40.92,41.96,40.68,41.15,5932700.0,41.15
2009-12-04,41.83,42.35,40.43,40.96,7100500.0,40.96
2009-12-03,42.3,42.48,41.17,41.31,6725800.0,41.31
2009-12-02,42.84,43.08,42.03,42.29,5844100.0,42.29
2009-12-01,42.72,43.19,42.67,42.93,7026400.0,42.93
2009-11-30,41.88,42.74,41.75,42.44,7378900.0,42.44
2009-11-27,41.42,42.45,41.16,42.15,3579100.0,42.15
2009-11-25,42.25,43.07,41.83,43.06,6010200.0,43.06
2009-11-24,41.83,42.26,40.93,42.09,6074800.0,42.09
2009-11-23,41.84,42.18,41.41,41.61,7021800.0,41.61
2009-11-20,41.35,41.56,40.82,41.11,9441100.0,41.11
2009-11-19,42.55,42.7,41.04,41.63,8109100.0,41.63
2009-11-18,43.83,44.1,42.51,42.82,8786300.0,42.82
2009-11-17,43.61,43.85,43.14,43.84,5794200.0,43.84
2009-11-16,43.47,44.34,43.39,43.68,6859600.0,43.68
2009-11-13,43.07,43.41,42.5,43.05,4091300.0,43.05
2009-11-12,43.92,44.22,42.73,43.07,8985100.0,43.07
2009-11-11,44.93,45.23,44.0,44.2,5717400.0,44.2
2009-11-10,45.03,45.23,44.22,44.62,5196700.0,44.62
2009-11-09,43.62,45.21,43.62,45.13,10726200.0,45.13
2009-11-06,42.58,43.59,42.52,43.25,6122300.0,43.25
2009-11-05,42.45,43.23,41.69,43.18,6599400.0,43.18
2009-11-04,44.48,44.48,41.97,42.07,8814400.0,42.07
2009-11-03,40.93,42.63,40.65,42.24,5698700.0,42.24
2009-11-02,41.97,42.44,40.64,41.44,5920600.0,41.44
2009-10-30,43.1,43.73,41.09,41.56,7874700.0,41.56
2009-10-29,41.86,43.34,41.86,43.12,5087400.0,43.12
2009-10-28,42.76,42.97,41.29,41.51,6927200.0,41.51
2009-10-27,42.9,43.83,42.6,42.98,5994800.0,42.98
2009-10-26,43.87,44.94,42.63,42.78,7493700.0,42.78
2009-10-23,45.44,45.7,43.49,43.88,7240400.0,43.88
2009-10-22,45.01,45.43,44.43,45.3,4410100.0,45.3
2009-10-21,45.43,46.49,45.03,45.08,5804100.0,45.08
2009-10-20,46.3,46.36,44.88,45.69,4633700.0,45.69
2009-10-19,44.78,46.0,44.25,45.9,7587200.0,45.9
2009-10-16,44.57,45.01,44.21,44.87,5389000.0,44.87
2009-10-15,44.0,45.0,43.51,44.77,6799500.0,44.77
2009-10-14,44.27,44.6,43.8,44.32,7236500.0,44.32
2009-10-13,43.53,44.06,42.6,43.76,7428600.0,43.76
2009-10-12,43.39,44.0,43.08,43.49,5607000.0,43.49
2009-10-09,42.21,43.31,41.81,42.87,6775100.0,42.87
2009-10-08,40.98,42.45,40.98,42.3,6091200.0,42.3
2009-10-07,40.97,41.51,40.09,40.82,5367900.0,40.82
2009-10-06,40.7,41.31,40.56,41.02,5108300.0,41.02
2009-10-05,38.96,40.25,38.65,40.08,6023600.0,40.08
2009-10-02,38.46,39.83,38.31,38.96,8349200.0,38.96
2009-10-01,41.2,41.31,39.51,39.52,7821500.0,39.52
2009-09-30,42.19,42.27,40.59,41.32,8220800.0,41.32
2009-09-29,41.95,42.29,41.45,41.85,4954500.0,41.85
2009-09-28,41.85,42.29,41.47,42.07,4387700.0,42.07
2009-09-25,41.58,42.22,41.22,41.87,5616100.0,41.87
2009-09-24,42.5,42.53,41.0,41.79,5886400.0,41.79
2009-09-23,43.04,43.86,42.27,42.48,6999100.0,42.48
2009-09-22,42.92,43.24,42.61,42.83,5136300.0,42.83
2009-09-21,42.06,42.35,41.4,42.13,4204600.0,42.13
2009-09-18,43.13,43.5,42.28,42.91,7417000.0,42.91
2009-09-17,42.24,43.5,42.0,42.9,10871500.0,42.9
2009-09-16,41.45,42.31,41.37,42.08,8705000.0,42.08
2009-09-15,41.12,41.46,40.72,41.08,7345500.0,41.08
2009-09-14,40.11,40.7,39.73,40.6,6343200.0,40.6
2009-09-11,41.16,41.65,40.21,40.47,9001300.0,40.47
2009-09-10,39.53,40.95,39.05,40.89,7283300.0,40.89
2009-09-09,39.15,39.75,38.63,39.34,5795500.0,39.34
2009-09-08,37.94,38.97,37.85,38.45,7314000.0,38.45
2009-09-04,37.05,37.2,36.46,37.16,7487100.0,37.16
2009-09-03,37.31,37.33,36.83,37.08,7310300.0,37.08
2009-09-02,37.6,37.84,36.97,36.97,7461900.0,36.97
2009-09-01,38.5,39.06,37.63,37.85,6539300.0,37.85
2009-08-31,38.44,38.67,38.03,38.6,8396500.0,38.6
2009-08-28,39.62,39.67,38.76,39.0,6325300.0,39.0
2009-08-27,39.45,39.47,38.44,39.04,7789900.0,39.04
2009-08-26,39.43,39.62,39.05,39.6,5671600.0,39.6
2009-08-25,41.32,41.5,39.51,39.64,6673900.0,39.64
2009-08-24,41.63,41.8,40.95,41.13,3758900.0,41.13
2009-08-21,40.46,41.46,40.25,41.29,5538500.0,41.29
2009-08-20,40.03,40.28,39.4,40.07,4050800.0,40.07
2009-08-19,38.99,40.39,38.63,40.0,3696300.0,40.0
2009-08-18,39.11,39.49,38.94,39.42,3405800.0,39.42
2009-08-17,39.32,39.51,38.65,38.91,4239900.0,38.91
2009-08-14,41.07,41.11,39.8,40.28,5245300.0,40.28
2009-08-13,41.05,41.92,40.09,40.97,7349800.0,40.97
2009-08-12,41.04,42.06,41.0,41.52,5566700.0,41.52
2009-08-11,41.05,41.25,40.84,41.0,7049700.0,41.0
2009-08-10,40.25,41.28,40.06,41.12,5015600.0,41.12
2009-08-07,41.05,41.61,40.35,40.44,6435200.0,40.44
2009-08-06,42.35,42.35,40.13,40.44,9718600.0,40.44
2009-08-05,43.03,43.38,41.85,41.96,10009400.0,41.96
2009-08-04,41.8,42.83,41.44,42.6,7248100.0,42.6
2009-08-03,41.26,42.57,40.97,42.18,7820300.0,42.18
2009-07-31,39.71,40.78,39.39,40.23,5033100.0,40.23
2009-07-30,39.89,40.43,39.05,39.92,6192400.0,39.92
2009-07-29,39.51,39.54,38.31,38.62,7330600.0,38.62
2009-07-28,40.08,40.71,39.03,40.19,8689600.0,40.19
2009-07-27,41.03,41.04,40.25,40.83,6997400.0,40.83
2009-07-24,39.64,40.7,39.52,40.61,3849100.0,40.61
2009-07-23,39.45,40.25,39.3,40.04,6969200.0,40.04
2009-07-22,39.63,39.7,38.86,39.42,7650600.0,39.42
2009-07-21,40.56,40.97,39.42,40.17,5360800.0,40.17
2009-07-20,39.55,40.32,39.24,40.08,6668900.0,40.08
2009-07-17,38.05,39.37,37.51,38.99,9435500.0,38.99
2009-07-16,36.93,38.39,36.73,38.13,5287100.0,38.13
2009-07-15,36.5,37.46,36.5,37.27,8880000.0,37.27
2009-07-14,35.68,35.98,35.21,35.85,5119600.0,35.85
2009-07-13,35.02,35.46,33.88,35.39,6022500.0,35.39
2009-07-10,34.22,35.17,33.87,34.95,5308800.0,34.95
2009-07-09,34.29,35.38,33.9,34.85,7025200.0,34.85
2009-07-08,33.93,34.45,32.87,33.88,8932200.0,33.88
2009-07-07,33.98,34.69,33.44,33.88,8301100.0,33.88
2009-07-06,34.13,34.39,33.19,34.13,13109400.0,34.13
2009-07-02,36.63,37.33,35.56,35.82,8185100.0,35.82
2009-07-01,38.61,38.98,37.28,37.33,7227000.0,37.33
2009-06-30,38.01,38.72,37.22,38.14,8202700.0,38.14
2009-06-29,38.5,38.83,37.81,37.98,7603500.0,37.98
2009-06-26,38.01,38.48,37.82,38.15,8502300.0,38.15
2009-06-25,37.37,38.38,37.33,38.2,7086000.0,38.2
2009-06-24,37.51,38.35,37.09,37.58,6650900.0,37.58
2009-06-23,37.4,37.79,36.26,37.35,7140400.0,37.35
2009-06-22,38.89,38.91,37.01,37.18,8817400.0,37.18
2009-06-19,40.5,40.68,39.15,39.54,8752400.0,39.54
2009-06-18,40.01,40.5,39.41,40.16,8987100.0,40.16
2009-06-17,40.99,41.23,39.75,40.04,8526300.0,40.04
2009-06-16,42.64,43.0,40.99,41.33,6280900.0,41.33
2009-06-15,42.93,43.06,41.53,42.19,6646600.0,42.19
2009-06-12,43.04,43.48,42.25,43.48,5955900.0,43.48
2009-06-11,41.64,44.44,41.6,43.67,10878800.0,43.67
2009-06-10,41.96,42.09,41.07,41.64,7393500.0,41.64
2009-06-09,40.92,41.65,40.57,41.26,5710300.0,41.26
2009-06-08,40.11,40.89,39.85,40.51,7590500.0,40.51
2009-06-05,41.91,42.28,40.23,40.56,9455100.0,40.56
2009-06-04,41.79,42.14,40.81,41.59,6654000.0,41.59
2009-06-03,42.7,42.7,40.34,40.92,9382800.0,40.92
2009-06-02,44.02,44.02,42.18,43.15,10852200.0,43.15
2009-06-01,43.66,44.43,43.12,44.08,8818600.0,44.08
2009-05-29,42.94,43.28,42.02,42.77,6675400.0,42.77
2009-05-28,41.42,43.14,41.01,42.38,8825300.0,42.38
2009-05-27,41.08,42.06,40.97,41.17,7317300.0,41.17
2009-05-26,39.62,41.1,39.04,40.95,7067500.0,40.95
2009-05-22,40.78,41.04,40.05,40.08,5553300.0,40.08
2009-05-21,41.75,41.96,39.85,40.58,8224900.0,40.58
2009-05-20,42.49,44.31,42.35,42.52,8571900.0,42.52
2009-05-19,42.1,42.83,41.53,41.99,6877500.0,41.99
2009-05-18,40.54,42.14,40.38,42.06,7552800.0,42.06
2009-05-15,40.93,41.19,39.51,39.99,7051000.0,39.99
2009-05-14,40.65,41.6,39.8,41.18,7062900.0,41.18
2009-05-13,42.0,42.25,40.41,40.98,9497900.0,40.98
2009-05-12,43.2,43.89,41.53,42.7,7623200.0,42.7
2009-05-11,43.46,43.74,41.76,42.78,6961400.0,42.78
2009-05-08,42.6,44.99,42.6,44.27,8075300.0,44.27
2009-05-07,44.2,45.63,41.43,42.26,13456000.0,42.26
2009-05-06,39.94,42.69,39.94,41.97,17823900.0,41.97
2009-05-05,38.7,38.72,37.45,37.91,8037900.0,37.91
2009-05-04,36.14,38.98,36.06,38.89,9832900.0,38.89
2009-05-01,34.79,36.49,34.66,36.06,6542800.0,36.06
2009-04-30,35.59,35.97,34.0,34.66,6435400.0,34.66
2009-04-29,34.99,35.87,34.35,35.26,7003900.0,35.26
2009-04-28,32.87,34.87,32.71,34.48,7431800.0,34.48
2009-04-27,33.18,33.69,32.86,33.21,5271000.0,33.21
2009-04-24,33.0,34.46,32.83,34.09,8652500.0,34.09
2009-04-23,32.82,33.03,31.77,32.55,9772900.0,32.55
2009-04-22,33.06,33.78,32.35,32.45,8476000.0,32.45
2009-04-21,32.51,33.81,32.1,33.49,7361800.0,33.49
2009-04-20,34.43,34.43,32.79,33.01,6787000.0,33.01
2009-04-17,34.13,35.47,33.96,35.22,8104400.0,35.22
2009-04-16,33.79,34.41,32.83,34.1,6066200.0,34.1
2009-04-15,33.23,34.07,32.74,33.45,5052000.0,33.45
2009-04-14,32.66,34.8,32.66,33.39,7288700.0,33.39
2009-04-13,32.7,33.57,31.77,33.08,6351600.0,33.08
2009-04-09,33.56,33.93,32.3,33.21,8658400.0,33.21
2009-04-08,32.12,32.98,31.0,32.29,7529500.0,32.29
2009-04-07,33.31,33.31,31.69,32.03,7160300.0,32.03
2009-04-06,33.86,34.61,33.29,34.0,7491900.0,34.0
2009-04-03,32.78,35.05,32.58,34.69,7943200.0,34.69
2009-04-02,32.35,33.82,32.35,33.12,8389700.0,33.12
2009-04-01,30.2,31.63,29.75,31.5,7017800.0,31.5
2009-03-31,31.28,31.42,30.43,30.62,7942700.0,30.62
2009-03-30,31.0,31.23,30.0,30.9,10045300.0,30.9
2009-03-27,32.89,32.89,31.65,31.97,6823300.0,31.97
2009-03-26,34.05,34.58,32.96,33.67,8727600.0,33.67
2009-03-25,33.75,34.17,32.59,33.73,9032100.0,33.73
2009-03-24,34.87,35.08,33.65,33.95,9116400.0,33.95
2009-03-23,33.73,35.4,33.54,35.37,10860700.0,35.37
2009-03-20,34.0,34.85,32.58,32.83,9249300.0,32.83
2009-03-19,33.5,35.0,33.5,33.75,9776700.0,33.75
2009-03-18,32.21,33.19,31.24,32.74,10961800.0,32.74
2009-03-17,30.64,32.55,30.08,32.53,10281300.0,32.53
2009-03-16,29.61,31.2,29.06,30.52,12226200.0,30.52
2009-03-13,31.3,31.3,29.12,29.7,12645400.0,29.7
2009-03-12,30.23,31.24,28.64,31.15,13974300.0,31.15
2009-03-11,31.5,31.55,29.52,30.24,12135600.0,30.24
2009-03-10,31.9,32.11,30.95,31.41,12787300.0,31.41
2009-03-09,30.7,32.32,30.39,31.09,9772300.0,31.09
2009-03-06,31.95,32.77,29.92,31.07,12175200.0,31.07
2009-03-05,30.83,32.29,30.24,31.55,10753900.0,31.55
2009-03-04,31.36,32.31,30.59,31.65,10405200.0,31.65
2009-03-03,29.77,30.75,29.37,29.9,11076500.0,29.9
2009-03-02,31.02,31.37,28.85,29.19,9980600.0,29.19
2009-02-27,30.8,32.89,30.14,31.66,11104100.0,31.66
2009-02-26,33.22,33.8,31.9,31.95,7568600.0,31.95
2009-02-25,31.52,33.64,30.89,32.7,15145800.0,32.7
2009-02-24,30.33,31.91,29.95,31.67,12468600.0,31.67
2009-02-23,31.81,32.78,29.9,30.04,11849000.0,30.04
2009-02-20,31.68,32.94,31.25,31.99,11742400.0,31.99
2009-02-19,33.76,34.7,31.77,32.02,17055900.0,32.02
2009-02-18,35.3,35.66,33.64,34.36,7849500.0,34.36
2009-02-17,36.33,36.55,35.03,35.04,8553000.0,35.04
2009-02-13,37.23,38.38,37.23,37.73,7307100.0,37.73
2009-02-12,36.61,37.55,36.23,37.46,7003400.0,37.46
2009-02-11,38.84,39.06,36.97,37.74,6060900.0,37.74
2009-02-10,40.48,40.68,37.85,38.49,8414800.0,38.49
2009-02-09,39.6,40.82,39.07,39.59,7750900.0,39.59
2009-02-06,38.07,39.66,37.55,39.34,7516000.0,39.34
2009-02-05,36.9,38.79,36.43,38.6,9622600.0,38.6
2009-02-04,36.75,37.85,36.39,37.06,8301700.0,37.06
2009-02-03,36.42,36.76,35.44,36.46,7289900.0,36.46
2009-02-02,36.9,36.95,35.54,36.03,8668800.0,36.03
2009-01-30,38.36,38.55,36.84,37.09,7465400.0,37.09
2009-01-29,37.25,38.51,37.05,37.65,6732800.0,37.65
2009-01-28,37.84,38.45,37.11,38.14,7241300.0,38.14
2009-01-27,36.59,37.71,36.12,37.25,10382900.0,37.25
2009-01-26,36.39,37.48,35.9,36.74,7763700.0,36.74
2009-01-23,33.47,37.38,33.18,36.12,11461600.0,36.12
2009-01-22,35.43,35.62,33.64,34.42,13790300.0,34.42
2009-01-21,33.53,36.21,33.37,36.1,10641400.0,36.1
2009-01-20,34.41,35.1,32.82,33.04,11645300.0,33.04
2009-01-16,35.97,36.28,34.15,35.03,9090400.0,35.03
2009-01-15,34.56,35.23,33.4,35.23,14416800.0,35.23
2009-01-14,35.78,35.86,34.2,34.64,10230400.0,34.64
2009-01-13,35.79,37.26,35.61,36.4,10202500.0,36.4
2009-01-12,37.1,37.3,35.5,35.86,7598100.0,35.86
2009-01-09,38.48,38.76,36.88,37.6,6935300.0,37.6
2009-01-08,38.54,38.99,37.21,38.37,9378400.0,38.37
2009-01-07,39.43,39.61,37.5,38.11,7620100.0,38.11
2009-01-06,40.37,41.9,39.71,39.92,13809700.0,39.92
2009-01-05,37.47,40.92,37.16,39.7,10352800.0,39.7
2009-01-02,35.11,38.0,35.11,37.58,7435700.0,37.58
2008-12-31,34.7,35.82,34.45,35.27,7774900.0,35.27
2008-12-30,34.85,34.99,34.0,34.89,6198400.0,34.89
2008-12-29,35.02,35.25,34.31,35.0,5564100.0,35.0
2008-12-26,34.85,35.25,33.9,34.24,4440300.0,34.24
2008-12-24,34.6,35.01,34.22,34.57,2281500.0,34.57
2008-12-23,34.63,35.66,33.94,34.96,5265100.0,34.96
2008-12-22,36.78,37.26,33.53,34.52,7810900.0,34.52
2008-12-19,36.18,37.84,35.84,37.1,12098700.0,37.1
2008-12-18,37.94,38.09,35.57,36.18,12726700.0,36.18
2008-12-17,37.26,39.45,37.03,38.15,10180300.0,38.15
2008-12-16,36.28,37.95,36.08,37.66,8276200.0,37.66
2008-12-15,36.63,37.64,34.91,35.84,7615000.0,35.84
2008-12-12,35.4,36.43,34.76,35.75,8833300.0,35.75
2008-12-11,38.4,39.9,36.37,37.08,10229900.0,37.08
2008-12-10,36.1,38.58,36.1,37.88,9303700.0,37.88
2008-12-09,33.7,37.45,33.24,35.49,9969900.0,35.49
2008-12-08,33.64,35.82,33.37,34.21,10260300.0,34.21
2008-12-05,32.16,32.42,28.84,32.06,12746300.0,32.06
2008-12-04,34.97,36.03,31.94,32.75,12125500.0,32.75
2008-12-03,34.77,35.88,33.81,35.74,10163500.0,35.74
2008-12-02,35.11,35.69,33.56,35.61,9656800.0,35.61
2008-12-01,36.88,36.88,34.0,34.2,10079400.0,34.2
2008-11-28,38.83,38.83,36.76,38.24,4953900.0,38.24
2008-11-26,34.43,39.83,33.92,39.46,17378400.0,39.46
2008-11-25,34.54,35.24,33.58,34.63,9083400.0,34.63
2008-11-24,31.0,34.9,30.87,34.25,13358000.0,34.25
2008-11-21,28.07,30.91,26.71,30.41,15409200.0,30.41
2008-11-20,32.14,32.14,26.35,26.71,14482200.0,26.71
2008-11-19,33.99,34.33,32.7,32.86,13658700.0,32.86
2008-11-18,33.56,34.47,32.02,33.62,10277700.0,33.62
2008-11-17,33.38,34.67,32.69,33.27,9668900.0,33.27
2008-11-14,34.83,35.6,32.93,33.54,8169700.0,33.54
2008-11-13,33.2,36.0,31.0,35.71,16444400.0,35.71
2008-11-12,34.32,34.65,32.84,33.02,8029900.0,33.02
2008-11-11,35.04,35.78,34.08,34.81,7533000.0,34.81
2008-11-10,37.43,37.95,35.22,36.11,7587500.0,36.11
2008-11-07,35.25,36.77,34.83,36.12,8213100.0,36.12
2008-11-06,36.58,37.04,34.26,35.17,9544900.0,35.17
2008-11-05,36.16,38.36,34.8,36.38,9304000.0,36.38
2008-11-04,35.81,37.56,35.81,37.25,8426700.0,37.25
2008-11-03,35.48,36.32,34.1,34.8,5562000.0,34.8
2008-10-31,34.25,37.08,33.1,35.95,10186800.0,35.95
2008-10-30,35.18,35.18,32.33,35.03,11340000.0,35.03
2008-10-29,32.7,35.37,32.22,32.99,13435000.0,32.99
2008-10-28,31.37,32.26,28.55,32.1,14261900.0,32.1
2008-10-27,31.84,32.95,29.73,30.02,9445500.0,30.02
2008-10-24,28.6,33.66,28.2,32.73,12389200.0,32.73
2008-10-23,30.36,32.58,29.12,32.14,13468500.0,32.14
2008-10-22,32.2,32.48,29.09,30.29,14844000.0,30.29
2008-10-21,33.3,35.46,32.04,33.84,11929200.0,33.84
2008-10-20,33.07,34.66,32.65,34.39,13370800.0,34.39
2008-10-17,29.08,34.11,28.33,31.68,17001000.0,31.68
2008-10-16,28.32,29.98,26.57,29.6,23127800.0,29.6
2008-10-15,32.41,32.41,27.6,27.79,15450800.0,27.79
2008-10-14,35.37,36.25,32.05,33.82,15919000.0,33.82
2008-10-13,31.0,33.53,29.1,33.18,18672600.0,33.18
2008-10-10,27.7,31.77,23.8,28.05,33950000.0,28.05
2008-10-09,39.29,39.47,31.74,32.21,22962800.0,32.21
2008-10-08,34.64,39.61,33.63,38.91,19776700.0,38.91
2008-10-07,39.94,39.99,35.48,35.76,15204000.0,35.76
2008-10-06,39.23,39.31,33.41,38.18,20908200.0,38.18
2008-10-03,42.22,44.44,40.8,41.38,10961000.0,41.38
2008-10-02,45.12,45.12,41.43,41.9,14463700.0,41.9
2008-10-01,45.77,46.47,43.51,45.69,10251400.0,45.69
2008-09-30,45.64,47.33,45.12,46.52,8799200.0,46.52
2008-09-29,47.93,47.93,43.01,44.41,14429900.0,44.41
2008-09-26,49.56,50.52,47.87,49.4,10323800.0,49.4
2008-09-25,49.85,52.32,49.68,51.72,10777100.0,51.72
2008-09-24,51.66,52.18,49.91,50.0,6785000.0,50.0
2008-09-23,52.43,54.13,50.2,51.3,11313500.0,51.3
2008-09-22,54.78,55.27,52.4,52.44,10764800.0,52.44
2008-09-19,53.48,56.57,50.74,54.25,16162600.0,54.25
2008-09-18,52.93,54.0,49.62,50.86,21560700.0,50.86
2008-09-17,49.49,53.4,47.6,50.99,19495400.0,50.99
2008-09-16,45.53,50.18,43.82,49.96,17957900.0,49.96
2008-09-15,47.7,50.0,46.23,47.22,12596300.0,47.22
2008-09-12,49.12,50.73,49.03,50.2,13436100.0,50.2
2008-09-11,46.74,49.22,45.48,49.01,14866400.0,49.01
2008-09-10,44.92,47.66,44.92,47.18,16226800.0,47.18
2008-09-09,46.87,46.87,44.0,44.51,22159600.0,44.51
2008-09-08,49.74,50.2,47.0,47.79,13922400.0,47.79
2008-09-05,47.76,48.88,46.54,48.6,13729100.0,48.6
2008-09-04,46.97,47.91,45.3,47.52,14951100.0,47.52
2008-09-03,46.42,48.33,45.89,47.18,15325800.0,47.18
2008-09-02,48.0,48.47,45.96,46.8,17423200.0,46.8
2008-08-29,51.78,51.78,49.66,50.41,10257000.0,50.41
2008-08-28,52.87,53.27,49.77,50.73,13178100.0,50.73
2008-08-27,52.1,53.1,51.55,52.29,14576800.0,52.29
2008-08-26,49.4,50.83,49.3,50.66,11736700.0,50.66
2008-08-25,48.64,49.25,47.3,48.18,9252000.0,48.18
2008-08-22,49.98,50.17,47.28,48.34,13054900.0,48.34
2008-08-21,52.3,52.59,50.4,50.9,12555100.0,50.9
2008-08-20,47.65,50.77,47.6,50.28,20685100.0,50.28
2008-08-19,45.11,46.87,44.96,46.8,15413600.0,46.8
2008-08-18,45.98,46.84,45.1,45.45,9010600.0,45.45
2008-08-15,45.87,46.21,45.06,45.79,13513400.0,45.79
2008-08-14,46.09,47.15,45.31,46.39,12140200.0,46.39
2008-08-13,45.09,46.78,44.59,46.42,18024600.0,46.42
2008-08-12,46.01,46.57,45.0,45.18,18205500.0,45.18
2008-08-11,44.8,45.68,43.7,45.4,14209800.0,45.4
2008-08-08,44.37,44.37,43.28,44.31,12382000.0,44.31
2008-08-07,46.14,46.82,44.87,45.17,13977700.0,45.17
2008-08-06,44.03,45.82,43.85,45.31,14607000.0,45.31
2008-08-05,43.54,44.63,42.48,43.83,17750700.0,43.83
2008-08-04,46.95,47.22,42.95,43.54,21674400.0,43.54
2008-08-01,46.93,48.89,46.82,47.29,12380000.0,47.29
2008-07-31,49.1,49.29,46.82,47.23,13209200.0,47.23
2008-07-30,45.85,49.08,45.5,48.89,23752100.0,48.89
2008-07-29,47.93,47.93,45.71,46.05,23934000.0,46.05
2008-07-28,49.22,49.58,48.11,48.11,12411200.0,48.11
2008-07-25,49.77,50.24,48.27,48.67,20873200.0,48.67
2008-07-24,48.36,49.22,46.14,48.78,55620800.0,48.78
2008-07-23,51.41,52.11,48.2,48.24,24873700.0,48.24
2008-07-22,56.41,57.09,51.25,53.11,22482200.0,53.11
2008-07-21,57.2,57.98,55.42,57.98,9191700.0,57.98
2008-07-18,54.65,57.76,54.65,56.21,10727300.0,56.21
2008-07-17,57.94,58.47,52.55,54.14,15688300.0,54.14
2008-07-16,58.23,58.89,55.57,57.93,9915600.0,57.93
2008-07-15,60.28,61.46,58.19,58.27,8555500.0,58.27
2008-07-14,60.28,61.72,59.5,60.62,5841100.0,60.62
2008-07-11,60.68,61.97,59.39,60.25,10000500.0,60.25
2008-07-10,58.39,60.68,57.39,60.68,10830200.0,60.68
2008-07-09,60.85,61.98,58.07,58.22,7827800.0,58.22
2008-07-08,61.04,61.05,58.55,60.42,11934400.0,60.42
2008-07-07,63.4,64.64,61.2,61.94,10792900.0,61.94
2008-07-03,66.51,67.31,63.14,63.81,7710500.0,63.81
2008-07-02,69.99,71.36,66.51,66.71,11179200.0,66.71
2008-07-01,68.79,69.47,67.94,69.16,7928800.0,69.16
2008-06-30,68.58,69.3,67.7,68.51,6809900.0,68.51
2008-06-27,67.35,68.99,67.21,67.5,9518500.0,67.5
2008-06-26,68.37,68.57,66.02,67.14,9501600.0,67.14
2008-06-25,70.68,70.68,65.57,67.45,11737900.0,67.45
2008-06-24,73.27,73.27,69.88,70.09,6307200.0,70.09
2008-06-23,70.22,73.4,69.59,73.4,7250000.0,73.4
2008-06-20,71.36,72.5,70.06,70.22,6354000.0,70.22
2008-06-19,72.56,73.74,70.0,70.14,9031800.0,70.14
2008-06-18,70.0,73.01,69.93,71.61,9221000.0,71.61
2008-06-17,68.72,70.37,68.48,69.98,5767300.0,69.98
2008-06-16,68.6,69.81,68.17,68.47,5586700.0,68.47
2008-06-13,68.79,69.12,67.11,68.03,5050100.0,68.03
2008-06-12,69.57,69.57,67.75,68.52,7751200.0,68.52
2008-06-11,67.64,70.49,67.51,69.77,10291600.0,69.77
2008-06-10,69.24,70.63,65.88,67.02,11892900.0,67.02
2008-06-09,66.46,68.34,65.94,67.72,5221600.0,67.72
2008-06-06,65.61,67.98,65.35,65.8,8886700.0,65.8
2008-06-05,62.32,64.97,62.32,64.8,5476900.0,64.8
2008-06-04,63.63,63.95,62.0,62.11,7190200.0,62.11
2008-06-03,64.25,66.27,63.5,63.93,6920100.0,63.93
2008-06-02,63.32,65.18,62.67,64.0,6288200.0,64.0
2008-05-30,62.54,63.98,62.25,63.62,7324800.0,63.62
2008-05-29,63.48,64.5,62.03,62.23,7594300.0,62.23
2008-05-28,62.53,63.88,60.7,63.73,9924100.0,63.73
2008-05-27,63.97,64.6,62.29,62.75,5716700.0,62.75
2008-05-23,65.85,67.17,63.51,64.08,6594300.0,64.08
2008-05-22,67.31,68.25,65.28,66.03,8058300.0,66.03
2008-05-21,69.49,70.0,67.15,67.35,8386100.0,67.35
2008-05-20,68.18,70.0,67.91,69.3,5861400.0,69.3
2008-05-19,67.45,68.99,67.09,67.86,8136900.0,67.86
2008-05-16,63.9,67.0,63.88,66.96,9543900.0,66.96
2008-05-15,63.28,63.62,61.82,62.97,5906800.0,62.97
2008-05-14,63.71,64.38,62.51,62.6,5266500.0,62.6
2008-05-13,63.88,64.48,63.05,63.55,8543800.0,63.55
2008-05-12,64.2,64.33,63.12,63.62,5703200.0,63.62
2008-05-09,66.59,66.59,63.74,64.74,5961200.0,64.74
2008-05-08,65.11,66.41,64.53,66.16,5764500.0,66.16
2008-05-07,66.52,66.52,64.02,64.74,7315400.0,64.74
2008-05-06,63.76,66.38,63.76,65.62,6852800.0,65.62
2008-05-05,62.26,64.4,62.26,63.6,4742800.0,63.6
2008-05-02,62.01,62.49,60.63,62.18,5342000.0,62.18
2008-05-01,61.5,62.4,59.51,61.38,8838100.0,61.38
2008-04-30,62.39,63.3,60.71,61.86,7388700.0,61.86
2008-04-29,63.18,63.34,60.95,61.18,5670100.0,61.18
2008-04-28,64.94,64.98,63.66,63.97,3973100.0,63.97
2008-04-25,64.16,65.0,63.56,64.34,7101500.0,64.34
2008-04-24,65.83,65.83,61.87,63.5,9286600.0,63.5
2008-04-23,68.86,69.3,65.61,66.3,7027400.0,66.3
2008-04-22,67.72,70.0,67.63,69.1,6275900.0,69.1
2008-04-21,67.33,68.37,66.88,67.88,4545700.0,67.88
2008-04-18,66.62,67.6,66.38,67.57,5839600.0,67.57
2008-04-17,67.5,68.95,66.64,66.81,4987200.0,66.81
2008-04-16,65.97,68.56,65.29,68.5,8724100.0,68.5
2008-04-15,65.49,66.05,64.48,65.29,4662600.0,65.29
2008-04-14,62.94,65.27,62.94,64.74,4403800.0,64.74
2008-04-11,62.85,63.7,62.85,63.09,5651200.0,63.09
2008-04-10,63.68,64.5,63.02,63.55,4136000.0,63.55
2008-04-09,63.85,64.5,63.0,63.55,7147900.0,63.55
2008-04-08,63.0,64.27,62.85,63.5,3988600.0,63.5
2008-04-07,64.0,64.71,63.11,63.3,3902300.0,63.3
2008-04-04,62.06,63.66,62.06,63.05,3848900.0,63.05
2008-04-03,61.74,63.12,61.57,61.93,3984800.0,61.93
2008-04-02,61.9,62.81,60.7,61.99,5717500.0,61.99
2008-04-01,61.12,62.11,60.51,61.79,5342300.0,61.79
2008-03-31,60.89,62.2,60.6,61.86,5141200.0,61.86
2008-03-28,60.8,61.98,60.05,60.71,3521200.0,60.71
2008-03-27,62.3,62.5,60.68,60.8,4638000.0,60.8
2008-03-26,61.5,62.75,61.42,62.27,6571700.0,62.27
2008-03-25,58.71,61.1,58.71,60.9,5496300.0,60.9
2008-03-24,57.64,59.48,57.08,58.57,4245800.0,58.57
2008-03-20,57.02,57.96,55.01,57.5,12172100.0,57.5
2008-03-19,60.19,61.9,57.9,57.96,6967500.0,57.96
2008-03-18,60.28,61.91,59.97,61.85,6199300.0,61.85
2008-03-17,59.34,60.11,58.35,59.19,9429300.0,59.19
2008-03-14,61.51,61.58,59.39,60.9,6625900.0,60.9
2008-03-13,59.43,61.55,58.68,61.18,6213300.0,61.18
2008-03-12,61.33,61.33,59.88,60.14,5334500.0,60.14
2008-03-11,60.28,61.37,59.68,61.08,5628000.0,61.08
2008-03-10,60.34,60.34,58.53,58.83,5367500.0,58.83
2008-03-07,60.23,61.5,59.37,60.17,5213900.0,60.17
2008-03-06,61.59,62.32,60.75,60.83,5583300.0,60.83
2008-03-05,62.73,62.73,60.61,61.78,9885700.0,61.78
2008-03-04,63.08,63.89,60.53,61.72,8880500.0,61.72
2008-03-03,62.0,64.0,62.0,63.13,9309600.0,63.13
2008-02-29,63.23,63.23,61.41,61.71,6815400.0,61.71
2008-02-28,60.94,63.5,60.75,63.0,8430800.0,63.0
2008-02-27,60.74,61.51,60.36,60.52,8804700.0,60.52
2008-02-26,59.39,61.0,59.04,60.74,9467100.0,60.74
2008-02-25,57.99,59.65,57.96,59.52,7415200.0,59.52
2008-02-22,56.69,57.94,56.05,57.85,5216700.0,57.85
2008-02-21,58.69,58.9,56.24,56.4,9138300.0,56.4
2008-02-20,57.33,58.72,57.0,58.6,7680400.0,58.6
2008-02-19,56.04,58.0,56.04,57.72,9333500.0,57.72
2008-02-15,54.95,55.48,54.53,55.29,16161100.0,55.29
2008-02-14,55.55,56.4,54.85,55.0,9047500.0,55.0
2008-02-13,57.09,57.09,55.64,56.61,6327400.0,56.61
2008-02-12,57.55,57.94,55.13,55.98,7364100.0,55.98
2008-02-11,54.0,56.53,53.92,56.53,7128700.0,56.53
2008-02-08,51.09,54.15,51.09,53.95,6636700.0,53.95
2008-02-07,50.2,51.65,49.98,51.27,4892500.0,51.27
2008-02-06,50.99,52.14,50.16,50.39,4304300.0,50.39
2008-02-05,52.75,53.08,50.5,50.56,6183400.0,50.56
2008-02-04,53.16,53.84,52.65,53.6,2604800.0,53.6
2008-02-01,51.95,53.32,51.86,53.16,3868200.0,53.16
2008-01-31,51.12,52.43,50.5,51.94,5100000.0,51.94
2008-01-30,51.25,53.13,51.13,51.83,3489400.0,51.83
2008-01-29,51.09,51.98,51.01,51.48,2959300.0,51.48
2008-01-28,49.81,51.51,49.5,51.47,4388600.0,51.47
2008-01-25,51.6,51.97,49.5,49.84,4504500.0,49.84
2008-01-24,50.71,51.15,48.97,51.02,5458100.0,51.02
2008-01-23,48.63,49.12,45.56,48.73,12614100.0,48.73
2008-01-22,48.14,50.94,48.02,50.2,6607800.0,50.2
2008-01-18,50.94,51.91,49.9,51.77,7160800.0,51.77
2008-01-17,53.69,54.5,50.67,50.9,7429300.0,50.9
2008-01-16,53.94,54.5,52.41,53.63,9578200.0,53.63
2008-01-15,56.14,56.35,54.05,54.29,6271200.0,54.29
2008-01-14,55.14,56.86,55.14,56.73,4616400.0,56.73
2008-01-11,54.8,56.03,54.5,54.81,6997800.0,54.81
2008-01-10,55.43,55.7,54.01,55.41,4622361.0,55.41
2008-01-09,53.28,56.0,53.27,55.74,8019800.0,55.74
2008-01-08,54.16,54.57,53.0,53.11,5384200.0,53.11
2008-01-07,53.41,54.1,52.53,53.98,6704200.0,53.98
2008-01-04,53.05,53.9,52.6,53.19,5802100.0,53.19
2008-01-03,52.42,54.5,52.34,54.07,5322500.0,54.07
2008-01-02,51.99,52.5,51.79,52.14,4410100.0,52.14
2007-12-31,52.61,52.97,51.36,51.36,3373700.0,51.36
2007-12-28,52.38,53.16,52.23,52.74,2397500.0,52.74
2007-12-27,52.87,52.97,52.24,52.35,2429100.0,52.35
2007-12-26,53.95,53.95,52.68,52.74,2847000.0,52.74
2007-12-24,53.5,53.83,53.0,53.41,1111900.0,53.41
2007-12-21,52.56,53.47,52.56,53.28,4029000.0,53.28
2007-12-20,52.3,52.86,51.65,52.36,2354000.0,52.36
2007-12-19,51.52,52.17,51.07,51.82,4247300.0,51.82
2007-12-18,51.53,51.8,50.58,51.14,4345000.0,51.14
2007-12-17,52.37,53.0,50.91,51.06,4202600.0,51.06
2007-12-14,52.8,52.8,51.85,52.49,4372000.0,52.49
2007-12-13,66.11,66.5,65.02,65.8,2762000.0,65.8
2007-12-12,65.24,66.43,64.9,66.3,4719700.0,66.3
2007-12-11,65.91,65.95,63.77,63.94,3597200.0,63.94
2007-12-10,65.0,65.68,64.54,65.68,2321500.0,65.68
2007-12-07,65.55,66.0,64.52,64.8,2800400.0,64.8
2007-12-06,62.16,65.52,62.15,65.3,4581500.0,65.3
2007-12-05,61.31,62.65,59.84,62.18,6171300.0,62.18
2007-12-04,61.21,61.66,60.22,60.63,4453900.0,60.63
2007-12-03,61.88,62.0,61.22,61.45,3409700.0,61.45
2007-11-30,61.7,61.98,60.93,61.82,3688100.0,61.82
2007-11-29,61.1,62.03,60.95,61.37,3428300.0,61.37
2007-11-28,61.86,61.86,59.52,60.73,4810700.0,60.73
2007-11-27,61.03,62.08,60.12,61.3,4140800.0,61.3
2007-11-26,63.53,64.39,62.3,62.43,2859100.0,62.43
2007-11-23,62.22,63.89,62.2,63.65,847500.0,63.65
2007-11-21,62.95,63.64,62.08,62.22,2758100.0,62.22
2007-11-20,62.85,64.0,62.55,63.55,3174900.0,63.55
2007-11-19,63.45,63.66,62.53,62.56,2367500.0,62.56
2007-11-16,62.51,63.58,62.45,63.58,4263800.0,63.58
2007-11-15,62.62,63.45,61.5,61.99,3583200.0,61.99
2007-11-14,63.39,64.2,62.67,62.74,3383900.0,62.74
2007-11-13,60.5,62.99,60.5,62.88,4173800.0,62.88
2007-11-12,63.19,63.19,60.76,60.91,4188300.0,60.91
2007-11-09,62.68,64.42,62.68,63.43,3604100.0,63.43
2007-11-08,64.65,65.48,63.28,64.57,4065600.0,64.57
2007-11-07,66.9,66.9,63.99,64.05,3911600.0,64.05
2007-11-06,66.93,67.24,66.15,66.54,3240400.0,66.54
2007-11-05,65.68,66.99,65.55,66.46,2263400.0,66.46
2007-11-02,66.15,67.15,65.5,67.07,2628400.0,67.07
2007-11-01,65.39,67.49,65.05,65.68,3944300.0,65.68
2007-10-31,65.09,66.49,64.61,66.38,3925600.0,66.38
2007-10-30,65.21,65.63,64.02,64.48,2725300.0,64.48
2007-10-29,65.82,66.18,65.2,65.57,2471400.0,65.57
2007-10-26,65.97,66.71,64.9,65.34,3081300.0,65.34
2007-10-25,64.0,65.43,63.91,64.98,3614000.0,64.98
2007-10-24,62.61,64.0,62.5,63.87,3218200.0,63.87
2007-10-23,64.3,64.96,62.51,63.48,3318000.0,63.48
2007-10-22,62.5,63.82,62.19,63.82,2818700.0,63.82
2007-10-19,65.83,65.83,63.68,63.89,4516100.0,63.89
2007-10-18,65.01,66.13,64.87,65.96,2932600.0,65.96
2007-10-17,66.24,66.7,64.57,65.3,2939800.0,65.3
2007-10-16,66.47,67.17,65.87,66.07,3171100.0,66.07
2007-10-15,66.38,66.82,65.67,66.4,2799700.0,66.4
2007-10-12,65.16,65.79,64.79,65.5,1953600.0,65.5
2007-10-11,65.16,66.46,64.34,65.0,3814100.0,65.0
2007-10-10,62.55,65.14,62.55,64.67,4908200.0,64.67
2007-10-09,62.39,63.44,61.95,63.08,3177600.0,63.08
2007-10-08,62.25,62.35,61.58,61.87,1301300.0,61.87
2007-10-05,62.54,62.78,61.89,62.69,2365500.0,62.69
2007-10-04,61.59,63.0,60.98,62.57,3745900.0,62.57
2007-10-03,62.27,62.44,61.52,61.71,2660400.0,61.71
2007-10-02,62.63,62.82,61.5,62.81,2627400.0,62.81
2007-10-01,61.66,63.0,61.12,62.8,2409100.0,62.8
2007-09-28,62.5,62.99,61.39,61.84,2490600.0,61.84
2007-09-27,62.52,62.52,61.5,62.36,2415500.0,62.36
2007-09-26,62.3,62.8,61.24,61.7,2963000.0,61.7
2007-09-25,61.02,62.13,60.99,62.04,2329700.0,62.04
2007-09-24,63.47,63.49,61.39,61.77,3280800.0,61.77
2007-09-21,62.7,63.43,62.19,62.87,3203300.0,62.87
2007-09-20,62.83,63.27,61.65,62.19,3665000.0,62.19
2007-09-19,62.25,64.28,62.23,62.96,5424900.0,62.96
2007-09-18,60.03,62.15,59.52,61.93,4166700.0,61.93
2007-09-17,60.2,61.5,60.14,60.31,2681900.0,60.31
2007-09-14,59.21,60.83,59.21,60.58,3592900.0,60.58
2007-09-13,60.32,60.49,59.33,59.5,3346600.0,59.5
2007-09-12,58.85,60.53,58.44,59.85,5172200.0,59.85
2007-09-11,57.18,58.85,56.96,58.51,5196700.0,58.51
2007-09-10,56.72,57.37,55.5,57.13,4443500.0,57.13
2007-09-07,56.54,56.68,55.52,56.14,3043300.0,56.14
2007-09-06,56.45,57.53,56.45,57.28,3876800.0,57.28
2007-09-05,55.54,56.97,55.34,56.14,4273900.0,56.14
2007-09-04,54.28,56.32,54.15,55.89,4336000.0,55.89
2007-08-31,53.59,55.0,53.56,54.36,3957000.0,54.36
2007-08-30,52.58,53.73,52.5,52.98,3380000.0,52.98
2007-08-29,52.74,53.64,52.25,53.43,3632300.0,53.43
2007-08-28,53.7,53.74,52.07,52.48,4787300.0,52.48
2007-08-27,54.02,54.06,53.38,53.83,4252800.0,53.83
2007-08-24,53.93,54.58,53.66,54.37,2834900.0,54.37
2007-08-23,54.17,55.08,53.1,53.72,4673500.0,53.72
2007-08-22,54.61,54.75,53.12,54.25,3421100.0,54.25
2007-08-21,54.56,55.28,53.53,53.94,3410500.0,53.94
2007-08-20,55.05,55.5,53.78,55.28,4822368.0,55.28
2007-08-17,54.07,56.02,52.18,55.75,6126600.0,55.75
2007-08-16,52.77,53.3,50.5,52.67,8572800.0,52.67
2007-08-15,55.89,56.3,54.01,54.05,4277700.0,54.05
2007-08-14,56.09,56.44,55.0,55.02,3441800.0,55.02
2007-08-13,58.43,59.91,55.52,55.81,3585200.0,55.81
2007-08-10,56.35,57.44,54.49,57.08,5210700.0,57.08
2007-08-09,55.92,57.36,55.2,55.24,4780700.0,55.24
2007-08-08,56.08,57.3,54.32,56.67,5085700.0,56.67
2007-08-07,53.13,55.5,53.0,55.15,4943000.0,55.15
2007-08-06,53.89,54.07,51.71,53.73,6827200.0,53.73
2007-08-03,53.5,55.1,53.33,53.33,5999800.0,53.33
2007-08-02,54.5,55.07,53.3,54.5,4913800.0,54.5
2007-08-01,54.04,55.45,52.97,54.58,6670700.0,54.58
2007-07-31,55.9,56.2,54.5,54.53,5276500.0,54.53
2007-07-30,54.71,55.55,54.0,54.98,4666500.0,54.98
2007-07-27,55.55,56.14,53.57,54.29,7026700.0,54.29
2007-07-26,57.26,57.26,54.21,55.55,7214100.0,55.55
2007-07-25,58.1,58.33,56.52,56.88,5556200.0,56.88
2007-07-24,59.03,59.03,56.5,57.69,6178500.0,57.69
2007-07-23,60.77,60.77,58.62,59.06,4651400.0,59.06
2007-07-20,61.86,62.0,60.5,60.77,3960300.0,60.77
2007-07-19,61.4,61.98,61.11,61.83,2810500.0,61.83
2007-07-18,59.71,61.4,59.62,61.13,4341300.0,61.13
2007-07-17,59.94,60.15,59.2,59.56,3320500.0,59.56
2007-07-16,61.04,61.04,59.04,59.34,2633500.0,59.34
2007-07-13,59.87,60.91,59.8,60.56,3175100.0,60.56
2007-07-12,60.33,60.64,59.41,59.89,3157800.0,59.89
2007-07-11,59.7,60.37,59.5,59.96,3809500.0,59.96
2007-07-10,60.36,60.47,59.63,59.7,5334200.0,59.7
2007-07-09,60.02,61.2,60.01,60.92,2466600.0,60.92
2007-07-06,60.88,61.25,60.4,60.58,2001100.0,60.58
2007-07-05,61.1,61.5,60.23,60.65,3308500.0,60.65
2007-07-03,61.42,61.49,60.82,61.28,1668900.0,61.28
2007-07-02,60.25,61.01,59.92,61.01,3112200.0,61.01
2007-06-29,60.32,60.75,59.82,60.1,2904800.0,60.1
2007-06-28,61.0,61.08,59.53,59.71,3693900.0,59.71
2007-06-27,58.86,60.51,58.45,60.43,4523700.0,60.43
2007-06-26,60.84,60.85,58.91,59.21,4512000.0,59.21
2007-06-25,61.1,61.29,59.94,60.49,4274400.0,60.49
2007-06-22,62.36,62.4,60.83,61.45,2934200.0,61.45
2007-06-21,62.44,62.76,61.67,62.34,3511000.0,62.34
2007-06-20,63.64,63.7,61.88,61.99,3896800.0,61.99
2007-06-19,63.12,63.62,62.49,63.33,3026500.0,63.33
2007-06-18,63.7,63.99,63.03,63.15,4250200.0,63.15
2007-06-15,63.0,63.54,62.7,63.53,4732300.0,63.53
2007-06-14,61.9,62.83,61.45,62.58,4895400.0,62.58
2007-06-13,60.58,61.45,60.37,61.23,4007900.0,61.23
2007-06-12,60.7,61.16,60.01,60.32,4142433.0,60.32
2007-06-11,61.0,61.3,60.41,60.7,3779400.0,60.7
2007-06-08,60.18,60.53,59.55,60.52,6824000.0,60.52
2007-06-07,59.82,60.67,59.5,59.5,8764800.0,59.5
2007-06-06,59.75,60.21,59.6,59.8,13684300.0,59.8
2007-06-05,61.25,61.3,60.05,61.02,4026700.0,61.02
2007-06-04,60.51,62.25,60.0,61.61,8492100.0,61.61
2007-06-01,58.72,58.98,58.1,58.37,2843800.0,58.37
2007-05-31,58.6,58.74,57.78,58.01,2668100.0,58.01
2007-05-30,57.06,58.59,56.98,58.51,3664200.0,58.51
2007-05-29,57.55,57.71,56.75,57.17,2435600.0,57.17
2007-05-25,57.45,58.03,57.12,57.63,2319800.0,57.63
2007-05-24,58.07,58.7,56.76,57.08,3532900.0,57.08
2007-05-23,58.46,58.88,57.9,57.9,2868700.0,57.9
2007-05-22,58.71,59.14,57.96,58.09,3217000.0,58.09
2007-05-21,58.55,59.18,58.07,58.7,3883300.0,58.7
2007-05-18,56.7,58.25,56.45,57.91,5225100.0,57.91
2007-05-17,55.63,56.72,55.01,56.38,3005200.0,56.38
2007-05-16,55.58,56.3,54.78,55.53,3167900.0,55.53
2007-05-15,56.03,56.21,55.25,55.45,3274000.0,55.45
2007-05-14,56.13,56.42,55.58,56.06,3035000.0,56.06
2007-05-11,54.57,55.99,54.57,55.93,3797000.0,55.93
2007-05-10,54.97,55.11,54.4,54.45,4488900.0,54.45
2007-05-09,55.07,55.22,54.15,54.98,3738100.0,54.98
2007-05-08,55.25,55.56,54.54,55.4,3225300.0,55.4
2007-05-07,55.35,55.89,55.25,55.49,2234100.0,55.49
2007-05-04,56.19,56.73,55.4,55.56,3154400.0,55.56
2007-05-03,55.3,56.24,55.17,56.05,2764600.0,56.05
2007-05-02,54.83,55.6,54.62,55.58,3090100.0,55.58
2007-05-01,54.37,54.97,54.11,54.42,3491800.0,54.42
2007-04-30,55.58,55.87,54.26,54.27,3561200.0,54.27
2007-04-27,55.0,55.99,55.0,55.52,3510600.0,55.52
2007-04-26,56.1,56.15,54.93,55.29,4165900.0,55.29
2007-04-25,55.6,56.75,55.18,56.58,3746700.0,56.58
2007-04-24,55.29,55.4,54.76,55.03,3261300.0,55.03
2007-04-23,54.81,55.3,54.5,55.17,3804800.0,55.17
2007-04-20,54.64,55.25,54.52,55.24,4326800.0,55.24
2007-04-19,55.08,55.24,54.29,54.47,3712900.0,54.47
2007-04-18,55.81,56.08,55.31,55.44,4285500.0,55.44
2007-04-17,56.75,57.04,55.75,56.17,2846900.0,56.17
2007-04-16,57.01,57.43,55.87,56.55,2873200.0,56.55
2007-04-13,57.7,57.7,56.82,57.13,2406700.0,57.13
2007-04-12,56.58,57.66,56.3,57.6,3134100.0,57.6
2007-04-11,57.24,57.24,56.27,56.38,2466000.0,56.38
2007-04-10,56.09,57.17,56.0,57.11,2727300.0,57.11
2007-04-09,56.4,56.76,55.71,56.0,2899600.0,56.0
2007-04-05,56.16,56.35,55.9,56.24,2217500.0,56.24
2007-04-04,55.2,56.16,55.08,56.04,2572200.0,56.04
2007-04-03,55.05,55.65,54.86,55.5,2820900.0,55.5
2007-04-02,55.0,55.48,54.8,55.37,3054800.0,55.37
2007-03-30,55.12,55.68,54.72,54.81,3181700.0,54.81
2007-03-29,55.22,55.83,55.11,55.57,3491800.0,55.57
2007-03-28,54.99,55.24,54.2,55.05,3796300.0,55.05
2007-03-27,54.33,54.78,53.84,54.67,2229800.0,54.67
2007-03-26,54.31,54.75,53.75,54.66,3081800.0,54.66
2007-03-23,54.74,54.77,53.73,54.14,2622100.0,54.14
2007-03-22,53.53,54.4,53.46,54.34,4524500.0,54.34
2007-03-21,52.69,53.36,52.2,53.11,3204500.0,53.11
2007-03-20,50.86,52.16,50.86,52.1,2220500.0,52.1
2007-03-19,51.45,51.58,50.73,51.53,2295200.0,51.53
2007-03-16,51.1,51.56,50.37,50.52,3306300.0,50.52
2007-03-15,51.1,51.38,50.63,51.07,2513100.0,51.07
2007-03-14,50.5,51.11,49.96,51.11,2911000.0,51.11
2007-03-13,51.15,51.62,50.18,50.19,2765400.0,50.19
2007-03-12,50.75,50.98,50.56,50.84,2432000.0,50.84
2007-03-09,51.9,52.03,51.07,51.41,2852600.0,51.41
2007-03-08,51.57,52.0,51.3,51.61,3300500.0,51.61
2007-03-07,50.62,52.15,50.49,51.31,3451400.0,51.31
2007-03-06,50.68,50.75,50.06,50.71,2708900.0,50.71
2007-03-05,49.65,50.68,49.25,49.83,3864600.0,49.83
2007-03-02,51.49,52.66,50.19,50.28,3778700.0,50.28
2007-03-01,50.72,52.29,50.43,51.82,3996700.0,51.82
2007-02-28,51.15,52.04,50.89,51.62,3853900.0,51.62
2007-02-27,52.24,53.13,50.69,51.32,4624600.0,51.32
2007-02-26,52.67,53.79,52.67,52.88,3386500.0,52.88
2007-02-23,52.9,52.97,52.21,52.57,4398400.0,52.57
2007-02-22,51.3,52.52,50.89,52.3,4434300.0,52.3
2007-02-21,50.96,51.38,50.53,51.28,2982300.0,51.28
2007-02-20,50.25,50.99,50.12,50.83,2638100.0,50.83
2007-02-16,50.43,51.2,50.29,50.88,2355900.0,50.88
2007-02-15,51.09,51.13,50.24,50.51,3490600.0,50.51
2007-02-14,50.73,51.79,50.53,50.89,4729000.0,50.89
2007-02-13,50.15,50.25,49.16,50.09,6121800.0,50.09
2007-02-12,50.23,50.46,49.63,50.05,2546200.0,50.05
2007-02-09,50.76,51.6,50.63,50.89,3418700.0,50.89
2007-02-08,50.2,50.98,49.78,50.68,3060300.0,50.68
2007-02-07,50.72,51.06,49.8,50.18,3311200.0,50.18
2007-02-06,50.56,50.8,49.97,50.48,2767200.0,50.48
2007-02-05,50.7,51.1,50.03,50.16,3144300.0,50.16
2007-02-02,50.56,50.92,49.99,50.55,2792700.0,50.55
2007-02-01,50.6,51.13,50.0,50.39,4525400.0,50.39
2007-01-31,49.9,50.8,49.6,50.47,3589700.0,50.47
2007-01-30,49.01,50.34,49.01,50.28,4349200.0,50.28
2007-01-29,48.92,49.69,48.72,48.99,3525800.0,48.99
2007-01-26,48.8,49.47,48.68,49.11,3873000.0,49.11
2007-01-25,48.71,49.28,48.13,48.45,3782600.0,48.45
2007-01-24,48.5,49.3,48.15,49.15,4200000.0,49.15
2007-01-23,48.4,49.24,48.27,48.89,5644500.0,48.89
2007-01-22,48.3,48.73,47.51,48.15,5680200.0,48.15
2007-01-19,46.5,47.73,46.36,47.57,5308500.0,47.57
2007-01-18,46.66,46.74,45.3,46.04,4038200.0,46.04
2007-01-17,45.52,46.48,45.45,46.14,3836200.0,46.14
2007-01-16,44.72,45.88,44.62,45.25,4409200.0,45.25
2007-01-12,44.67,45.69,44.52,45.38,4524000.0,45.38
2007-01-11,44.31,45.66,44.08,44.35,4671800.0,44.35
2007-01-10,44.75,45.43,44.02,44.36,6864200.0,44.36
2007-01-09,45.2,45.99,44.55,45.52,5643700.0,45.52
2007-01-08,46.2,46.94,45.36,45.85,5609400.0,45.85
2007-01-05,45.2,45.62,44.3,45.28,5399400.0,45.28
2007-01-04,44.66,45.62,43.86,44.94,6564000.0,44.94
2007-01-03,46.12,46.46,44.24,44.65,9515800.0,44.65
2006-12-29,47.75,47.92,46.8,47.05,3604800.0,47.05
2006-12-28,48.0,48.59,47.76,48.17,1934200.0,48.17
2006-12-27,47.98,48.09,47.11,48.07,2663300.0,48.07
2006-12-26,49.37,49.37,47.33,47.58,2309100.0,47.58
2006-12-22,48.4,48.9,48.0,48.47,2770600.0,48.47
2006-12-21,48.48,49.01,47.66,48.79,3621900.0,48.79
2006-12-20,49.63,49.69,48.3,48.34,2790200.0,48.34
2006-12-19,46.45,49.72,46.45,49.48,3848400.0,49.48
2006-12-18,49.68,49.68,47.86,48.17,4361900.0,48.17
2006-12-15,50.6,50.85,49.72,49.88,3244600.0,49.88
2006-12-14,49.56,50.91,49.45,50.5,3889900.0,50.5
2006-12-13,48.86,49.39,48.54,49.16,3234600.0,49.16
2006-12-12,48.9,49.47,48.4,48.7,2729200.0,48.7
2006-12-11,49.0,49.64,48.54,49.04,2887800.0,49.04
2006-12-08,50.21,50.28,49.06,49.11,3250600.0,49.11
2006-12-07,49.95,50.47,49.55,49.83,2393300.0,49.83
2006-12-06,50.04,50.94,49.77,49.83,2939200.0,49.83
2006-12-05,50.13,50.61,49.76,50.2,2853900.0,50.2
2006-12-04,50.15,50.15,49.36,49.82,2892600.0,49.82
2006-12-01,50.22,50.5,49.25,50.44,3425100.0,50.44
2006-11-30,50.56,51.24,50.28,50.6,5060700.0,50.6
2006-11-29,48.46,50.49,48.37,50.29,5708400.0,50.29
2006-11-28,46.77,48.7,46.65,48.41,5248400.0,48.41
2006-11-27,47.05,47.4,46.35,46.35,3242500.0,46.35
2006-11-24,47.15,47.88,46.84,46.93,993600.0,46.93
2006-11-22,47.85,48.0,46.63,47.4,2696300.0,47.4
2006-11-21,46.9,48.11,46.65,47.85,3339500.0,47.85
2006-11-20,46.88,47.15,46.46,46.61,2987700.0,46.61
2006-11-17,45.3,47.57,45.27,47.18,5684500.0,47.18
2006-11-16,47.2,47.74,45.39,45.51,4771900.0,45.51
2006-11-15,46.13,47.18,46.13,46.86,3655700.0,46.86
2006-11-14,46.4,46.42,45.58,46.14,3655000.0,46.14
2006-11-13,45.99,46.16,45.5,45.84,3428900.0,45.84
2006-11-10,46.75,46.78,45.85,46.25,2870700.0,46.25
2006-11-09,47.03,47.97,46.92,47.02,3562700.0,47.02
2006-11-08,46.18,47.17,46.11,46.76,3392900.0,46.76
2006-11-07,47.08,47.08,46.07,46.43,3312600.0,46.43
2006-11-06,46.65,47.2,46.31,46.95,3147200.0,46.95
2006-11-03,46.51,47.31,46.46,46.7,3488500.0,46.7
2006-11-02,46.01,46.65,45.09,46.26,3975100.0,46.26
2006-11-01,46.48,46.9,45.49,46.22,3725200.0,46.22
2006-10-31,45.95,46.77,45.52,46.66,4981100.0,46.66
2006-10-30,46.08,46.54,45.61,45.98,3266700.0,45.98
2006-10-27,47.0,47.73,46.32,46.52,3976400.0,46.52
2006-10-26,48.0,48.0,46.39,47.32,6034100.0,47.32
2006-10-25,45.85,47.48,45.67,47.27,6511900.0,47.27
2006-10-24,44.75,46.08,44.51,45.9,5101200.0,45.9
2006-10-23,43.78,44.53,43.57,44.27,3331200.0,44.27
2006-10-20,44.72,44.74,43.74,44.41,3040700.0,44.41
2006-10-19,44.42,44.82,43.71,44.74,3282800.0,44.74
2006-10-18,44.15,45.09,43.92,44.15,3808800.0,44.15
2006-10-17,44.47,44.59,43.93,44.52,3472100.0,44.52
2006-10-16,42.75,44.72,42.7,44.47,5115200.0,44.47
2006-10-13,42.63,43.25,42.48,42.75,4315300.0,42.75
2006-10-12,41.41,42.28,41.37,42.28,4910900.0,42.28
2006-10-11,40.73,41.68,40.73,41.37,4600000.0,41.37
2006-10-10,40.7,41.67,40.64,41.53,4474500.0,41.53
2006-10-09,41.75,42.06,40.84,40.9,3296400.0,40.9
2006-10-06,41.24,41.55,40.47,41.37,4028300.0,41.37
2006-10-05,41.08,41.29,40.55,41.24,4103400.0,41.24
2006-10-04,40.08,40.28,38.66,40.25,8078700.0,40.25
2006-10-03,41.0,41.01,39.9,40.0,5765100.0,40.0
2006-10-02,42.11,42.45,41.38,41.49,4030300.0,41.49
2006-09-29,41.66,42.45,41.45,42.13,3124800.0,42.13
2006-09-28,41.91,42.2,41.3,41.8,3900800.0,41.8
2006-09-27,41.54,42.02,40.76,41.91,5144300.0,41.91
2006-09-26,40.0,41.42,39.95,41.19,5204400.0,41.19
2006-09-25,39.14,40.21,38.72,40.08,6424700.0,40.08
2006-09-22,40.51,40.62,39.31,39.4,4217500.0,39.4
2006-09-21,39.93,40.8,39.81,40.4,6432700.0,40.4
2006-09-20,40.5,40.96,39.76,39.92,5196200.0,39.92
2006-09-19,41.74,41.99,40.67,41.19,4807600.0,41.19
2006-09-18,41.0,42.31,41.0,41.87,3764300.0,41.87
2006-09-15,40.65,41.08,40.32,40.64,3980400.0,40.64
2006-09-14,41.95,41.95,40.06,40.51,4979600.0,40.51
2006-09-13,40.7,41.93,40.7,41.52,4863200.0,41.52
2006-09-12,40.75,42.2,40.45,40.46,6547000.0,40.46
2006-09-11,42.85,42.85,40.79,40.86,9336800.0,40.86
2006-09-08,45.21,45.39,43.3,43.45,4215500.0,43.45
2006-09-07,45.5,45.95,45.16,45.38,3061500.0,45.38
2006-09-06,46.52,46.87,45.56,45.6,2451000.0,45.6
2006-09-05,45.55,47.01,45.52,46.81,3698700.0,46.81
2006-09-01,45.82,46.24,45.5,46.23,1971800.0,46.23
2006-08-31,46.07,46.32,45.42,45.77,2065200.0,45.77
2006-08-30,46.6,46.68,45.4,46.14,2273000.0,46.14
2006-08-29,46.89,46.97,46.03,46.6,2558300.0,46.6
2006-08-28,46.8,47.53,46.75,47.11,1886800.0,47.11
2006-08-25,47.5,48.21,47.39,47.88,3005100.0,47.88
2006-08-24,46.3,46.8,45.83,46.72,2093300.0,46.72
2006-08-23,46.4,46.61,45.75,45.96,2319700.0,45.96
2006-08-22,45.58,46.7,45.48,46.7,1991700.0,46.7
2006-08-21,45.8,46.19,45.49,45.68,1919200.0,45.68
2006-08-18,45.77,45.77,44.87,45.6,2701300.0,45.6
2006-08-17,45.09,45.81,44.8,45.2,2718100.0,45.2
2006-08-16,46.35,46.35,45.05,45.39,3203100.0,45.39
2006-08-15,45.0,46.48,45.0,46.08,2351000.0,46.08
2006-08-14,45.98,45.98,45.45,45.77,2623300.0,45.77
2006-08-11,47.25,47.36,45.96,46.3,3578400.0,46.3
2006-08-10,47.65,47.95,46.8,47.19,4075900.0,47.19
2006-08-09,48.0,49.23,47.83,48.35,4233500.0,48.35
2006-08-08,47.7,48.24,47.35,47.75,3040900.0,47.75
2006-08-07,47.46,48.0,47.01,47.35,2644700.0,47.35
2006-08-04,48.48,48.48,46.7,47.01,3205700.0,47.01
2006-08-03,47.36,48.45,47.22,48.02,4401700.0,48.02
2006-08-02,48.0,48.87,47.83,47.99,5234000.0,47.99
2006-08-01,47.72,47.88,46.58,47.83,5532900.0,47.83
2006-07-31,46.7,47.58,46.5,46.99,3944200.0,46.99
2006-07-28,45.39,45.95,44.98,45.73,2852400.0,45.73
2006-07-27,46.4,46.95,45.08,45.58,5186000.0,45.58
2006-07-26,43.9,46.89,43.89,46.11,5671900.0,46.11
2006-07-25,43.25,44.76,43.1,44.4,4631900.0,44.4
2006-07-24,41.4,42.95,41.35,42.42,3387600.0,42.42
2006-07-21,41.94,41.95,40.95,41.13,3116900.0,41.13
2006-07-20,42.48,42.85,41.67,41.85,2116700.0,41.85
2006-07-19,41.82,42.71,41.69,42.48,3092100.0,42.48
2006-07-18,43.02,43.19,41.46,41.94,3692200.0,41.94
2006-07-17,42.7,43.34,41.82,42.58,3191000.0,42.58
2006-07-14,43.92,44.12,42.9,43.47,2675800.0,43.47
2006-07-13,44.1,44.16,43.4,43.58,3073300.0,43.58
2006-07-12,43.63,44.1,43.28,43.77,2756900.0,43.77
2006-07-11,43.99,44.15,43.31,43.85,2881800.0,43.85
2006-07-10,43.36,44.0,42.86,43.66,2024000.0,43.66
2006-07-07,44.85,45.07,43.3,43.36,3722700.0,43.36
2006-07-06,44.3,45.07,43.97,44.35,2805800.0,44.35
2006-07-05,44.6,44.6,43.78,44.41,2793100.0,44.41
2006-07-03,44.5,44.75,44.27,44.51,1405400.0,44.51
2006-06-30,44.25,44.59,43.8,44.27,5263800.0,44.27
2006-06-29,43.6,44.24,43.36,44.22,3059900.0,44.22
2006-06-28,42.65,43.52,42.57,43.32,4470900.0,43.32
2006-06-27,41.85,43.15,41.79,42.65,7035600.0,42.65
2006-06-26,40.77,41.77,40.32,41.75,4130400.0,41.75
2006-06-23,41.8,41.9,40.82,40.95,5410900.0,40.95
2006-06-22,39.25,39.82,38.95,39.67,3460500.0,39.67
2006-06-21,38.3,39.82,38.3,39.38,3344200.0,39.38
2006-06-20,38.98,39.08,38.04,38.22,3615700.0,38.22
2006-06-19,40.02,40.05,38.12,38.39,4487100.0,38.39
2006-06-16,39.53,40.32,39.02,40.02,3707000.0,40.02
2006-06-15,38.87,40.18,38.87,39.85,5514100.0,39.85
2006-06-14,37.07,38.67,37.07,38.67,6135400.0,38.67
2006-06-13,37.25,37.94,36.51,36.98,7165100.0,36.98
2006-06-12,38.78,38.85,37.8,37.91,5003800.0,37.91
2006-06-09,39.15,39.26,38.13,38.41,4393500.0,38.41
2006-06-08,39.24,39.25,37.0,39.05,8612600.0,39.05
2006-06-07,40.73,40.79,39.34,39.47,3372900.0,39.47
2006-06-06,40.7,41.42,40.31,40.78,2917900.0,40.78
2006-06-05,42.62,42.64,40.51,40.69,3185100.0,40.69
2006-06-02,42.27,42.45,41.61,42.1,2419400.0,42.1
2006-06-01,40.8,41.85,40.5,41.83,3334800.0,41.83
2006-05-31,40.24,41.24,40.04,41.22,3248200.0,41.22
2006-05-30,41.18,41.37,40.01,40.01,2550400.0,40.01
2006-05-26,40.39,41.1,40.17,40.68,2093300.0,40.68
2006-05-25,39.67,40.57,39.53,40.29,3740300.0,40.29
2006-05-24,37.88,39.94,37.0,39.03,5674500.0,39.03
2006-05-23,40.44,40.92,39.46,39.59,5502500.0,39.59
2006-05-22,38.9,39.55,38.3,39.25,6672200.0,39.25
2006-05-19,39.49,40.0,38.44,39.65,6314500.0,39.65
2006-05-18,39.86,40.31,39.34,39.5,3593100.0,39.5
2006-05-17,40.8,41.48,39.6,39.86,4852500.0,39.86
2006-05-16,41.55,41.66,40.51,41.04,3714500.0,41.04
2006-05-15,40.23,41.31,40.23,40.92,3990700.0,40.92
2006-05-12,42.8,43.05,41.41,41.5,4479600.0,41.5
2006-05-11,44.5,44.85,43.16,43.26,3641500.0,43.26
2006-05-10,43.37,44.16,43.01,44.03,4119200.0,44.03
2006-05-09,43.11,44.03,43.06,43.56,3692000.0,43.56
2006-05-08,42.77,43.12,42.34,43.11,3512600.0,43.11
2006-05-05,43.74,44.17,43.33,43.55,3273200.0,43.55
2006-05-04,42.77,43.72,42.28,42.94,2857200.0,42.94
2006-05-03,43.9,43.95,42.92,43.33,2055500.0,43.33
2006-05-02,43.75,44.2,43.38,44.01,2503700.0,44.01
2006-05-01,42.7,43.69,42.65,43.18,3041700.0,43.18
2006-04-28,42.4,42.99,42.19,42.35,2852400.0,42.35
2006-04-27,42.55,43.23,41.75,42.14,3699500.0,42.14
2006-04-26,44.23,44.91,43.06,43.25,2843600.0,43.25
2006-04-25,44.95,45.4,43.61,44.25,3615300.0,44.25
2006-04-24,47.0,47.0,44.51,44.71,3324700.0,44.71
2006-04-21,47.35,47.49,46.91,47.32,3103500.0,47.32
2006-04-20,48.09,48.45,46.55,47.0,3526800.0,47.0
2006-04-19,47.3,48.07,46.95,47.99,3414500.0,47.99
2006-04-18,46.5,47.67,46.49,47.45,4001300.0,47.45
2006-04-17,46.3,46.3,45.35,46.3,2288700.0,46.3
2006-04-13,44.38,45.09,43.95,45.06,2302200.0,45.06
2006-04-12,45.17,45.47,44.51,44.73,2377400.0,44.73
2006-04-11,45.35,45.74,44.95,45.17,3556100.0,45.17
2006-04-10,45.39,45.39,44.55,44.99,2933900.0,44.99
2006-04-07,44.5,44.77,44.36,44.45,3526800.0,44.45
2006-04-06,44.42,44.92,44.31,44.87,3222100.0,44.87
2006-04-05,44.26,44.39,43.68,44.2,2585400.0,44.2
2006-04-04,43.5,44.17,43.32,43.98,2280700.0,43.98
2006-04-03,43.95,44.68,43.56,43.75,3314500.0,43.75
2006-03-31,43.99,44.0,43.0,43.57,3494000.0,43.57
2006-03-30,44.42,45.22,44.23,44.31,2964900.0,44.31
2006-03-29,43.92,44.88,43.71,44.66,3034900.0,44.66
2006-03-28,43.67,44.25,43.49,43.92,2833600.0,43.92
2006-03-27,42.86,43.44,42.54,43.17,2428700.0,43.17
2006-03-24,42.76,43.95,42.72,43.06,3913300.0,43.06
2006-03-23,42.23,42.95,42.17,42.65,3569200.0,42.65
2006-03-22,41.31,42.49,41.28,41.83,3772300.0,41.83
2006-03-21,41.25,41.9,40.93,41.27,3438100.0,41.27
2006-03-20,42.5,42.95,41.47,41.54,2640000.0,41.54
2006-03-17,43.3,43.4,42.58,42.88,4290700.0,42.88
2006-03-16,42.1,43.35,41.83,43.1,3946300.0,43.1
2006-03-15,41.98,42.32,41.25,42.0,3324200.0,42.0
2006-03-14,41.25,42.42,40.85,42.1,3611200.0,42.1
2006-03-13,40.06,41.45,40.06,40.91,3450100.0,40.91
2006-03-10,39.9,40.64,39.32,40.04,4103100.0,40.04
2006-03-09,41.5,41.96,40.22,40.26,4505800.0,40.26
2006-03-08,40.75,41.64,40.22,41.37,4538700.0,41.37
2006-03-07,42.0,42.21,40.62,40.94,4148900.0,40.94
2006-03-06,43.36,43.44,41.9,41.97,3741200.0,41.97
2006-03-03,42.8,44.25,42.75,43.74,3504200.0,43.74
2006-03-02,42.35,43.48,42.25,43.31,4769600.0,43.31
2006-03-01,42.05,42.5,41.85,42.28,2988800.0,42.28
2006-02-28,41.5,41.93,40.9,41.89,4551200.0,41.89
2006-02-27,42.17,42.67,41.46,41.68,3547000.0,41.68
2006-02-24,42.45,42.81,42.2,42.43,3445400.0,42.43
2006-02-23,42.2,42.48,41.01,41.97,4786500.0,41.97
2006-02-22,43.0,43.13,42.06,42.2,3614300.0,42.2
2006-02-21,43.75,44.09,43.07,43.42,2963000.0,43.42
2006-02-17,44.01,44.01,42.5,42.6,3099700.0,42.6
2006-02-16,41.35,42.73,41.33,42.58,4110300.0,42.58
2006-02-15,41.5,42.2,40.95,41.35,5699800.0,41.35
2006-02-14,40.58,41.24,40.0,41.24,6206100.0,41.24
2006-02-13,42.05,42.64,41.21,41.4,3792000.0,41.4
2006-02-10,43.24,43.49,41.51,42.3,5297800.0,42.3
2006-02-09,45.69,46.7,43.0,43.19,6628900.0,43.19
2006-02-08,45.51,45.51,43.25,45.24,4864900.0,45.24
2006-02-07,46.12,46.21,44.2,44.86,5041600.0,44.86
2006-02-06,47.44,47.94,46.5,46.96,2650400.0,46.96
2006-02-03,46.7,47.18,46.01,46.45,2592900.0,46.45
2006-02-02,47.5,47.95,46.26,46.58,4545800.0,46.58
2006-02-01,49.5,49.87,47.56,47.87,5115200.0,47.87
2006-01-31,49.46,49.62,48.65,49.08,3187000.0,49.08
2006-01-30,48.28,50.01,48.22,49.45,4192900.0,49.45
2006-01-27,47.63,48.75,47.47,47.99,3591800.0,47.99
2006-01-26,47.7,47.84,46.02,46.89,4753200.0,46.89
2006-01-25,49.0,49.15,47.04,47.54,4874300.0,47.54
2006-01-24,47.95,49.39,47.71,48.86,3833700.0,48.86
2006-01-23,48.06,48.4,47.34,48.35,3215500.0,48.35
2006-01-20,47.95,48.75,47.64,48.18,5203700.0,48.18
2006-01-19,45.5,47.08,45.38,46.97,3299300.0,46.97
2006-01-18,47.0,47.0,45.06,45.4,3386400.0,45.4
2006-01-17,46.25,46.79,46.15,46.7,2479000.0,46.7
2006-01-13,44.52,45.68,44.5,45.6,2450900.0,45.6
2006-01-12,45.3,46.39,44.99,45.11,3331300.0,45.11
2006-01-11,45.1,45.41,44.3,45.18,4436800.0,45.18
2006-01-10,45.41,46.28,45.41,45.56,3868500.0,45.56
2006-01-09,46.05,46.26,45.13,45.55,3236400.0,45.55
2006-01-06,45.5,46.3,45.47,45.95,4029900.0,45.95
2006-01-05,45.13,45.19,43.6,44.99,4956800.0,44.99
2006-01-04,45.13,45.5,45.02,45.31,4737400.0,45.31
2006-01-03,44.56,46.01,44.1,45.65,5445200.0,45.65
2005-12-30,43.69,44.46,43.19,43.94,2486100.0,43.94
2005-12-29,44.4,44.97,43.87,43.96,2350300.0,43.96
2005-12-28,44.25,44.89,43.9,44.49,3001700.0,44.49
2005-12-27,45.0,45.0,43.39,43.84,3738400.0,43.84
2005-12-23,45.98,46.21,44.62,46.07,2410800.0,46.07
2005-12-22,47.1,47.26,46.1,46.35,3233700.0,46.35
2005-12-21,46.67,47.25,46.42,46.75,2704000.0,46.75
2005-12-20,45.95,46.59,45.61,46.47,3325000.0,46.47
2005-12-19,46.4,46.84,45.5,45.58,2826700.0,45.58
2005-12-16,47.25,47.25,45.86,45.92,4863100.0,45.92
2005-12-15,46.97,47.24,45.65,46.95,4501600.0,46.95
2005-12-14,46.2,47.09,45.85,46.97,3378700.0,46.97
2005-12-13,46.3,47.61,45.82,46.23,5101800.0,46.23
2005-12-12,45.53,45.95,45.03,45.59,3141400.0,45.59
2005-12-09,45.15,45.25,44.23,44.54,3346700.0,44.54
2005-12-08,44.25,45.21,43.79,45.2,4398900.0,45.2
2005-12-07,44.5,45.35,43.52,43.9,3810700.0,43.9
2005-12-06,44.26,45.12,43.6,44.35,3870000.0,44.35
2005-12-05,44.0,44.9,43.85,44.4,5166700.0,44.4
2005-12-02,42.5,43.24,42.41,43.1,3383200.0,43.1
2005-12-01,41.35,42.45,41.2,42.4,4210800.0,42.4
2005-11-30,40.87,41.9,40.66,40.69,5135600.0,40.69
2005-11-29,41.21,41.68,40.61,40.99,2588200.0,40.99
2005-11-28,42.0,42.35,40.56,40.8,3547800.0,40.8
2005-11-25,42.75,42.85,42.43,42.64,863000.0,42.64
2005-11-23,43.0,43.0,41.73,42.35,3318700.0,42.35
2005-11-22,41.56,43.1,41.56,43.03,4160800.0,43.03
2005-11-21,40.38,41.33,39.56,41.23,4847800.0,41.23
2005-11-18,41.0,41.0,39.9,40.37,3159000.0,40.37
2005-11-17,41.59,41.79,40.48,40.78,4800400.0,40.78
2005-11-16,40.48,41.4,40.35,41.15,5731100.0,41.15
2005-11-15,38.8,40.84,38.8,40.1,4296600.0,40.1
2005-11-14,39.43,39.97,38.82,39.06,3554900.0,39.06
2005-11-11,38.6,39.25,38.25,38.91,3573900.0,38.91
2005-11-10,39.17,39.25,38.15,38.72,5905300.0,38.72
2005-11-09,41.06,41.17,39.4,39.85,6563800.0,39.85
2005-11-08,40.5,41.42,40.02,41.0,5079500.0,41.0
2005-11-07,42.5,42.56,40.59,40.88,5893900.0,40.88
2005-11-04,44.0,44.0,42.6,42.89,4247200.0,42.89
2005-11-03,44.2,44.85,43.82,44.39,3866500.0,44.39
2005-11-02,43.65,44.25,43.34,43.9,4655300.0,43.9
2005-11-01,43.05,43.85,42.54,43.72,4397400.0,43.72
2005-10-31,43.8,44.56,42.7,43.46,4021600.0,43.46
2005-10-28,41.9,43.56,41.06,43.26,4402300.0,43.26
2005-10-27,44.5,44.53,41.5,41.5,5422500.0,41.5
2005-10-26,42.99,45.08,42.99,43.72,7347900.0,43.72
2005-10-25,41.85,43.24,41.62,43.06,5224500.0,43.06
2005-10-24,39.05,41.76,38.95,41.55,5111400.0,41.55
2005-10-21,38.8,40.22,38.5,39.57,4868700.0,39.57
2005-10-20,40.8,40.91,38.34,38.8,7240000.0,38.8
2005-10-19,40.0,40.88,38.15,40.8,5595300.0,40.8
2005-10-18,41.35,41.76,39.71,39.74,3760000.0,39.74
2005-10-17,42.5,46.06,41.53,41.89,3527100.0,41.89
2005-10-14,39.8,41.11,39.07,41.08,4484200.0,41.08
2005-10-13,40.95,40.97,38.7,40.1,5615400.0,40.1
2005-10-12,42.49,42.65,40.95,41.27,4219800.0,41.27
2005-10-11,41.44,42.85,41.44,42.66,3715100.0,42.66
2005-10-10,42.1,42.3,40.54,41.0,4588900.0,41.0
2005-10-07,41.0,42.0,40.58,41.97,4681000.0,41.97
2005-10-06,40.75,41.79,39.61,40.59,9687300.0,40.59
2005-10-05,45.55,45.82,42.56,43.01,6103200.0,43.01
2005-10-04,47.26,47.26,45.1,45.25,5461000.0,45.25
2005-10-03,45.24,46.35,45.24,46.15,4195000.0,46.15
2005-09-30,45.86,46.31,45.15,45.32,3748200.0,45.32
2005-09-29,45.5,45.92,44.9,45.87,4066800.0,45.87
2005-09-28,44.15,45.1,43.54,45.03,5688500.0,45.03
2005-09-27,43.8,44.49,43.11,43.8,3972000.0,43.8
2005-09-26,41.9,43.99,41.85,43.69,4319400.0,43.69
2005-09-23,42.75,42.92,41.91,42.55,3279400.0,42.55
2005-09-22,43.5,44.78,41.7,42.99,6776900.0,42.99
2005-09-21,42.5,43.37,41.57,42.66,5086100.0,42.66
2005-09-20,41.4,41.72,40.59,41.43,2603700.0,41.43
2005-09-19,40.7,41.89,40.7,41.72,3518100.0,41.72
2005-09-16,40.25,40.25,39.55,39.95,2757200.0,39.95
2005-09-15,40.38,40.45,39.36,39.9,3153000.0,39.9
2005-09-14,39.54,40.09,39.19,40.03,2523800.0,40.03
2005-09-13,39.82,39.99,39.26,39.3,2995100.0,39.3
2005-09-12,40.53,40.57,39.38,39.57,3077100.0,39.57
2005-09-09,40.46,40.84,40.16,40.71,3954400.0,40.71
2005-09-08,39.87,40.58,39.67,40.25,3077900.0,40.25
2005-09-07,39.7,40.28,39.42,39.71,3907300.0,39.71
2005-09-06,39.45,39.89,38.67,39.7,3074800.0,39.7
2005-09-02,40.45,40.45,39.21,39.3,2894900.0,39.3
2005-09-01,40.2,41.15,40.18,40.77,4824700.0,40.77
2005-08-31,39.0,40.0,38.34,39.8,6249100.0,39.8
2005-08-30,38.05,38.48,37.87,38.3,5124000.0,38.3
2005-08-29,37.55,38.4,37.09,37.15,4102400.0,37.15
2005-08-26,37.0,37.23,36.27,36.45,1668200.0,36.45
2005-08-25,36.8,37.07,36.4,36.92,1837400.0,36.92
2005-08-24,36.74,37.28,36.32,36.91,2473000.0,36.91
2005-08-23,36.34,36.69,35.6,36.44,1980600.0,36.44
2005-08-22,36.24,36.78,35.93,36.09,2472600.0,36.09
2005-08-19,35.75,36.0,35.52,35.95,2398700.0,35.95
2005-08-18,34.61,35.37,34.5,35.13,4289700.0,35.13
2005-08-17,36.11,37.18,34.93,35.28,4046000.0,35.28
2005-08-16,37.19,37.19,36.22,36.33,2507800.0,36.33
2005-08-15,37.88,37.88,36.85,37.08,2446000.0,37.08
2005-08-12,38.19,38.2,37.55,37.88,2386400.0,37.88
2005-08-11,37.84,38.34,37.51,38.14,3043400.0,38.14
2005-08-10,37.14,37.8,36.97,37.63,2781700.0,37.63
2005-08-09,37.25,37.25,36.32,36.69,1707800.0,36.69
2005-08-08,36.59,37.26,36.5,36.8,2075200.0,36.8
2005-08-05,36.77,36.82,35.54,36.15,2145500.0,36.15
2005-08-04,36.7,37.28,36.65,36.75,2038900.0,36.75
2005-08-03,36.81,37.12,36.38,36.64,2908500.0,36.64
2005-08-02,36.29,36.66,35.79,36.66,3371700.0,36.66
2005-08-01,35.5,35.75,35.33,35.58,3654700.0,35.58
2005-07-29,35.6,35.72,35.0,35.09,2836700.0,35.09
2005-07-28,36.0,36.22,35.39,35.57,2911100.0,35.57
2005-07-27,36.07,36.4,35.45,35.9,2593800.0,35.9
2005-07-26,36.15,36.49,35.81,36.02,2258200.0,36.02
2005-07-25,36.39,36.81,35.86,36.32,3357400.0,36.32
2005-07-22,35.4,36.37,35.4,36.26,3447700.0,36.26
2005-07-21,35.49,35.7,34.74,35.33,2791800.0,35.33
2005-07-20,36.15,37.0,35.08,35.69,2720100.0,35.69
2005-07-19,35.8,35.8,34.66,35.69,2938800.0,35.69
2005-07-18,35.6,35.69,34.62,35.07,2984500.0,35.07
2005-07-15,36.35,36.57,35.37,35.75,3811600.0,35.75
2005-07-14,37.15,37.44,35.15,35.73,3590100.0,35.73
2005-07-13,37.5,37.73,36.7,36.86,2082900.0,36.86
2005-07-12,37.0,37.6,36.7,37.42,2448600.0,37.42
2005-07-11,36.25,36.91,36.17,36.78,2462100.0,36.78
2005-07-08,37.25,37.5,36.24,36.75,2862000.0,36.75
2005-07-07,36.0,37.22,35.45,37.18,3162400.0,37.18
2005-07-06,37.23,37.53,36.49,36.61,4197600.0,36.61
2005-07-05,35.6,36.85,35.47,36.73,3914100.0,36.73
2005-07-01,34.15,35.3,34.15,35.23,2819900.0,35.23
2005-06-30,34.0,34.62,33.57,33.99,3379500.0,33.99
2005-06-29,33.6,33.94,33.12,33.82,2428600.0,33.82
2005-06-28,34.61,34.61,33.55,33.6,2994500.0,33.6
2005-06-27,33.72,34.79,33.61,34.6,3034700.0,34.6
2005-06-24,33.89,33.96,33.26,33.61,2422100.0,33.61
2005-06-23,33.48,34.05,33.24,33.44,2491400.0,33.44
2005-06-22,33.89,33.99,32.81,33.15,2803000.0,33.15
2005-06-21,34.38,34.6,33.35,33.46,2478600.0,33.46
2005-06-20,34.12,34.43,33.98,34.38,2739900.0,34.38
2005-06-17,34.54,34.62,33.6,34.0,5502500.0,34.0
2005-06-16,32.95,34.03,32.93,33.94,4533700.0,33.94
2005-06-15,32.48,32.96,32.3,32.88,2813300.0,32.88
2005-06-14,32.15,32.5,32.1,32.4,2155100.0,32.4
2005-06-13,31.84,32.56,31.6,32.5,2982400.0,32.5
2005-06-10,31.8,31.98,31.35,31.79,1930800.0,31.79
2005-06-09,31.42,32.0,31.24,31.98,2573300.0,31.98
2005-06-08,31.25,31.97,31.18,31.47,2813800.0,31.47
2005-06-07,31.79,31.93,31.17,31.25,2168300.0,31.25
2005-06-06,31.7,31.82,31.45,31.77,1625000.0,31.77
2005-06-03,31.3,31.78,31.22,31.49,1388500.0,31.49
2005-06-02,31.71,31.71,31.27,31.32,2399900.0,31.32
2005-06-01,31.27,31.78,31.12,31.78,2446300.0,31.78
2005-05-31,30.82,31.19,30.5,31.12,3622300.0,31.12
2005-05-27,30.54,30.98,30.45,30.94,1478400.0,30.94
2005-05-26,30.4,30.6,30.17,30.5,2769800.0,30.5
2005-05-25,29.79,30.25,29.26,30.15,2091500.0,30.15
2005-05-24,29.6,29.9,29.2,29.83,1641000.0,29.83
2005-05-23,28.8,29.48,28.73,29.34,1770400.0,29.34
2005-05-20,29.38,29.38,28.72,28.8,1607900.0,28.8
2005-05-19,29.19,29.3,28.66,29.24,2500700.0,29.24
2005-05-18,29.1,29.6,28.29,28.76,4220800.0,28.76
2005-05-17,27.25,28.95,27.25,28.92,4132100.0,28.92
2005-05-16,26.85,27.35,26.0,27.3,6464600.0,27.3
2005-05-13,29.0,29.25,27.25,27.5,6447600.0,27.5
2005-05-12,31.49,31.5,28.82,28.9,3686300.0,28.9
2005-05-11,30.41,30.91,30.18,30.88,1815400.0,30.88
2005-05-10,31.22,31.22,30.55,30.65,2064200.0,30.65
2005-05-09,30.61,31.25,30.53,31.22,2278200.0,31.22
2005-05-06,30.82,30.9,30.41,30.49,1624000.0,30.49
2005-05-05,30.17,30.96,30.05,30.5,2225300.0,30.5
2005-05-04,29.92,29.99,28.98,29.92,3907900.0,29.92
2005-05-03,30.43,30.48,29.56,29.72,1938400.0,29.72
2005-05-02,30.15,30.79,29.66,30.79,2690500.0,30.79
2005-04-29,30.57,31.35,29.8,30.17,3319400.0,30.17
2005-04-28,30.62,30.63,29.45,29.8,3830600.0,29.8
2005-04-27,31.57,31.69,30.59,30.93,3080300.0,30.93
2005-04-26,32.07,32.23,31.57,31.65,2450700.0,31.65
2005-04-25,31.86,32.37,31.82,32.07,2094400.0,32.07
2005-04-22,31.61,32.25,30.62,31.62,2490500.0,31.62
2005-04-21,30.82,31.72,30.57,31.57,3063400.0,31.57
2005-04-20,32.45,32.75,30.78,30.82,3823300.0,30.82
2005-04-19,31.0,32.42,31.0,31.9,4974600.0,31.9
2005-04-18,29.84,30.75,29.2,30.52,3736400.0,30.52
2005-04-15,30.82,30.82,28.7,29.36,4803600.0,29.36
2005-04-14,31.1,31.66,30.62,30.82,4352600.0,30.82
2005-04-13,31.6,31.9,30.79,30.97,4389700.0,30.97
2005-04-12,32.95,33.12,32.01,32.22,2978900.0,32.22
2005-04-11,32.9,33.22,32.6,33.08,4897800.0,33.08
2005-04-08,34.09,34.2,32.87,33.05,6240600.0,33.05
2005-04-07,35.6,35.64,33.9,34.19,3600000.0,34.19
2005-04-06,34.83,35.24,34.34,35.24,3007300.0,35.24
2005-04-05,35.33,35.69,34.43,34.75,2827400.0,34.75
2005-04-04,35.3,36.5,34.98,35.33,6044900.0,35.33
2005-04-01,33.9,34.59,33.42,34.59,3822800.0,34.59
2005-03-31,32.58,33.05,32.51,32.84,3222100.0,32.84
2005-03-30,31.3,32.05,30.65,32.0,3998100.0,32.0
2005-03-29,31.86,32.33,31.2,31.3,3589500.0,31.3
2005-03-28,31.18,32.2,31.18,31.9,3142200.0,31.9
2005-03-24,31.51,32.28,31.36,31.75,3285300.0,31.75
2005-03-23,32.65,32.65,30.99,31.43,4882900.0,31.43
2005-03-22,33.64,33.87,32.88,33.0,3191800.0,33.0
2005-03-21,34.0,34.2,33.08,33.64,2514100.0,33.64
2005-03-18,33.5,34.05,33.41,33.9,3465000.0,33.9
2005-03-17,33.44,33.91,33.04,33.4,3043800.0,33.4
2005-03-16,32.76,33.72,32.35,32.94,3207500.0,32.94
2005-03-15,44.22,44.59,43.5,43.69,2091800.0,43.69
2005-03-14,44.17,44.2,42.85,43.99,2218500.0,43.99
2005-03-11,43.07,44.46,42.8,43.67,3365800.0,43.67
2005-03-10,45.0,45.01,42.4,43.12,4083300.0,43.12
2005-03-09,46.0,46.64,45.0,45.02,3728800.0,45.02
2005-03-08,45.5,45.98,45.36,45.67,1736000.0,45.67
2005-03-07,45.45,45.67,44.5,45.3,2179500.0,45.3
2005-03-04,45.2,45.55,44.57,45.35,2939200.0,45.35
2005-03-03,44.5,45.49,44.49,45.0,3109800.0,45.0
2005-03-02,43.29,44.24,43.14,44.12,2779300.0,44.12
2005-03-01,44.7,45.0,43.17,43.28,4096900.0,43.28
2005-02-28,46.35,46.91,44.0,45.52,3175400.0,45.52
2005-02-25,44.65,45.92,44.5,45.5,3806200.0,45.5
2005-02-24,43.9,45.19,43.17,44.29,4520600.0,44.29
2005-02-23,42.95,44.0,42.94,43.58,3839600.0,43.58
2005-02-22,42.75,44.24,42.6,42.95,6484100.0,42.95
2005-02-18,39.65,41.89,39.52,41.68,4291000.0,41.68
2005-02-17,41.08,41.2,39.49,39.5,4009100.0,39.5
2005-02-16,39.9,40.99,39.45,40.83,3035200.0,40.83
2005-02-15,39.4,39.81,38.85,39.11,1960900.0,39.11
2005-02-14,39.33,39.86,39.25,39.3,2446000.0,39.3
2005-02-11,38.6,39.24,38.25,39.03,2443300.0,39.03
2005-02-10,38.2,38.71,37.95,38.5,3098500.0,38.5
2005-02-09,37.45,38.46,36.76,38.0,3579500.0,38.0
2005-02-08,36.62,37.3,36.41,37.12,1358500.0,37.12
2005-02-07,36.84,37.11,36.24,36.62,1499900.0,36.62
2005-02-04,36.5,36.98,36.41,36.84,2239600.0,36.84
2005-02-03,37.05,37.05,36.44,36.5,2743100.0,36.5
2005-02-02,36.75,37.23,36.67,37.05,1667400.0,37.05
2005-02-01,35.98,36.63,35.95,36.57,1518000.0,36.57
2005-01-31,35.48,36.18,35.0,35.91,1678300.0,35.91
2005-01-28,35.99,35.99,35.3,35.48,1809600.0,35.48
2005-01-27,35.48,36.4,35.38,36.08,2049300.0,36.08
2005-01-26,35.0,35.5,34.8,35.44,2054100.0,35.44
2005-01-25,34.75,35.16,34.59,34.9,2225600.0,34.9
2005-01-24,34.91,35.2,34.64,34.66,1735700.0,34.66
2005-01-21,34.5,35.11,34.34,34.47,2457300.0,34.47
2005-01-20,34.44,34.44,33.7,34.09,2715600.0,34.09
2005-01-19,34.98,34.98,34.39,34.49,1726500.0,34.49
2005-01-18,35.39,35.69,34.59,34.88,3093700.0,34.88
2005-01-14,34.53,35.26,34.26,34.89,1901000.0,34.89
2005-01-13,34.26,35.04,34.07,34.34,2376000.0,34.34
2005-01-12,33.35,34.2,33.16,34.01,2565400.0,34.01
2005-01-11,33.2,33.6,33.0,33.2,1960500.0,33.2
2005-01-10,32.57,33.5,32.57,33.04,2235100.0,33.04
2005-01-07,32.52,32.59,31.82,32.22,1901900.0,32.22
2005-01-06,31.92,33.03,31.83,32.45,3712000.0,32.45
2005-01-05,32.86,32.94,31.9,31.92,3535200.0,31.92
2005-01-04,33.25,33.66,32.8,32.86,2893700.0,32.86
2005-01-03,35.08,35.08,32.95,33.0,5782200.0,33.0
